date,index_code,index_name,open,high,low,close,pre_close,volume,money,return_pct,amplitude,amplitude_pct
2019-01-02,000852.XSHG,中证1000,4436.75,4444.44,4399.59,4408.53,4430.02,6627224000.0,51171591591.5,-0.485099,0.01012411,1.012411
2019-01-03,000852.XSHG,中证1000,4404.31,4446.03,4375.86,4376.86,4408.53,8049498000.0,59963718906.9,-0.71838,0.01591687,1.591687
2019-01-04,000852.XSHG,中证1000,4338.06,4497.91,4326.33,4497.89,4376.86,10347081200.0,74604288121.8,2.765224,0.03920162,3.920162
2019-01-07,000852.XSHG,中证1000,4523.23,4598.63,4516.0,4594.15,4497.89,11455361800.0,84142072997.0,2.140115,0.01837084,1.837084
2019-01-08,000852.XSHG,中证1000,4586.84,4596.8,4567.29,4585.03,4594.15,10741102300.0,77211978386.0,-0.198513,0.00642339,0.642339
2019-01-09,000852.XSHG,中证1000,4588.69,4654.77,4578.45,4594.74,4585.03,12317385800.0,90323079404.8,0.211776,0.01664547,1.664547
2019-01-10,000852.XSHG,中证1000,4592.74,4619.82,4571.09,4582.48,4594.74,10648293900.0,76631474968.1,-0.266827,0.01060561,1.060561
2019-01-11,000852.XSHG,中证1000,4585.22,4621.61,4575.64,4621.61,4582.48,10412423600.0,75818247185.8,0.853904,0.01003169,1.003169
2019-01-14,000852.XSHG,中证1000,4621.7,4625.56,4580.54,4594.19,4621.61,10173812000.0,71993615227.5,-0.5933,0.00974119,0.974119
2019-01-15,000852.XSHG,中证1000,4583.55,4644.17,4569.14,4644.17,4594.19,10156223700.0,73876173547.3,1.087896,0.0163315,1.63315
2019-01-16,000852.XSHG,中证1000,4644.23,4669.63,4632.07,4637.2,4644.17,10221963000.0,77549373894.1,-0.150081,0.00808756,0.808756
2019-01-17,000852.XSHG,中证1000,4632.27,4639.79,4590.31,4595.49,4637.2,10344010500.0,74696621200.9,-0.899465,0.01067023,1.067023
2019-01-18,000852.XSHG,中证1000,4596.25,4627.66,4576.77,4626.41,4595.49,10917522500.0,76103651830.4,0.672834,0.0110739,1.10739
2019-01-21,000852.XSHG,中证1000,4629.79,4668.48,4624.65,4655.11,4626.41,10007606400.0,73221895171.7,0.620351,0.00947387,0.947387
2019-01-22,000852.XSHG,中证1000,4651.03,4651.1,4589.37,4603.2,4655.11,9712104100.0,69420770224.4,-1.115119,0.0132607,1.32607
2019-01-23,000852.XSHG,中证1000,4590.69,4609.68,4580.63,4609.67,4603.2,8517290100.0,61499275481.7,0.140554,0.00631083,0.631083
2019-01-24,000852.XSHG,中证1000,4613.93,4651.02,4591.8,4635.75,4609.67,9905679700.0,75010565322.1,0.565767,0.01284691,1.284691
2019-01-25,000852.XSHG,中证1000,4634.06,4651.32,4606.87,4607.94,4635.75,9992719000.0,74904771975.6,-0.599903,0.00958852,0.958852
2019-01-28,000852.XSHG,中证1000,4629.43,4640.62,4565.79,4570.4,4607.94,9048799900.0,68147085773.2,-0.814681,0.01623936,1.623936
2019-01-29,000852.XSHG,中证1000,4557.81,4558.05,4419.4,4490.05,4570.4,9671803600.0,68249301896.5,-1.758052,0.03033651,3.033651
2019-01-30,000852.XSHG,中证1000,4464.8,4492.66,4422.36,4423.14,4490.05,7448897800.0,53022814642.1,-1.490184,0.01565684,1.565684
2019-01-31,000852.XSHG,中证1000,4408.11,4441.42,4328.92,4355.74,4423.14,9457219400.0,63203518732.1,-1.523804,0.02543442,2.543442
2019-02-01,000852.XSHG,中证1000,4369.27,4482.99,4369.27,4482.99,4355.74,7771265900.0,55541876109.3,2.921432,0.02610808,2.610808
2019-02-11,000852.XSHG,中证1000,4497.53,4611.83,4497.53,4611.83,4482.99,9267257700.0,70215619012.5,2.873975,0.02549638,2.549638
2019-02-12,000852.XSHG,中证1000,4611.85,4685.13,4604.1,4675.79,4611.83,11233101200.0,82629735707.5,1.386868,0.01757003,1.757003
2019-02-13,000852.XSHG,中证1000,4679.69,4766.18,4672.78,4759.83,4675.79,13630586500.0,104015365070.4,1.797343,0.01997523,1.997523
2019-02-14,000852.XSHG,中证1000,4758.51,4801.09,4741.52,4780.04,4759.83,12283560100.0,94815094305.0,0.424595,0.01251515,1.251515
2019-02-15,000852.XSHG,中证1000,4772.98,4805.8,4763.76,4773.51,4780.04,12521237100.0,95045907527.1,-0.13661,0.00879491,0.879491
2019-02-18,000852.XSHG,中证1000,4805.33,4942.88,4805.33,4942.88,4773.51,16485188500.0,126605605709.4,3.548123,0.02881527,2.881527
2019-02-19,000852.XSHG,中证1000,4964.22,4988.26,4897.23,4963.75,4942.88,19235806500.0,144738821891.1,0.422223,0.01841639,1.841639
2019-02-20,000852.XSHG,中证1000,4958.89,4971.13,4906.63,4967.04,4963.75,16521607000.0,120994900640.9,0.066281,0.01299421,1.299421
2019-02-21,000852.XSHG,中证1000,4957.63,5046.62,4930.97,4947.66,4967.04,19094430000.0,146912934520.1,-0.390172,0.02328348,2.328348
2019-02-22,000852.XSHG,中证1000,4935.44,5059.51,4932.2,5059.51,4947.66,17859898200.0,139177107998.8,2.260665,0.02573136,2.573136
2019-02-25,000852.XSHG,中证1000,5129.47,5324.52,5120.47,5324.25,5059.51,27981198900.0,221186481034.4,5.232523,0.04032999,4.032999
2019-02-26,000852.XSHG,中证1000,5335.38,5438.88,5273.9,5323.76,5324.25,30107973800.0,237811039543.2,-0.009203,0.03098652,3.098652
2019-02-27,000852.XSHG,中证1000,5312.56,5391.87,5245.41,5310.27,5323.76,24946198900.0,199380875661.7,-0.253392,0.02751063,2.751063
2019-02-28,000852.XSHG,中证1000,5306.2,5370.21,5291.98,5330.34,5310.27,20046640600.0,157172166219.6,0.377947,0.01473183,1.473183
2019-03-01,000852.XSHG,中证1000,5344.42,5364.37,5286.0,5364.37,5330.34,17893860700.0,144135514754.9,0.638421,0.01470263,1.470263
2019-03-04,000852.XSHG,中证1000,5418.71,5562.2,5418.27,5482.3,5364.37,27320234600.0,229683237575.7,2.198394,0.02683074,2.683074
2019-03-05,000852.XSHG,中证1000,5470.7,5654.31,5451.29,5654.31,5482.3,26806236700.0,224048221897.5,3.137552,0.0370319,3.70319
2019-03-06,000852.XSHG,中证1000,5694.9,5776.98,5625.34,5776.97,5654.31,32277141300.0,268739022463.7,2.169319,0.02681848,2.681848
2019-03-07,000852.XSHG,中证1000,5775.3,5928.61,5750.05,5877.3,5776.97,32926050700.0,281468136816.9,1.736724,0.03090894,3.090894
2019-03-08,000852.XSHG,中证1000,5736.93,5913.03,5633.29,5633.32,5877.3,32870379400.0,284791306126.5,-4.151226,0.04759669,4.759669
2019-03-11,000852.XSHG,中证1000,5682.57,5876.34,5645.18,5876.34,5633.32,26426166700.0,238269711029.4,4.313975,0.04103442,4.103442
2019-03-12,000852.XSHG,中证1000,5922.57,6046.62,5897.17,6006.18,5876.34,31824694800.0,288602029586.6,2.209539,0.0254325,2.54325
2019-03-13,000852.XSHG,中证1000,6014.51,6039.97,5822.57,5866.63,6006.18,29314895800.0,270134255869.7,-2.32344,0.03619605,3.619605
2019-03-14,000852.XSHG,中证1000,5810.02,5860.93,5622.34,5688.95,5866.63,23297385100.0,203658637882.9,-3.028655,0.040669,4.0669
2019-03-15,000852.XSHG,中证1000,5723.65,5816.31,5704.27,5777.11,5688.95,20034346700.0,181639593612.8,1.549671,0.01969432,1.969432
2019-03-18,000852.XSHG,中证1000,5801.32,5916.34,5743.6,5916.34,5777.11,21233365100.0,194835229494.1,2.410029,0.02990076,2.990076
2019-03-19,000852.XSHG,中证1000,5916.17,5968.34,5895.18,5941.91,5916.34,20832549200.0,194823301710.8,0.432193,0.01236575,1.236575
2019-03-20,000852.XSHG,中证1000,5935.27,5948.85,5811.2,5926.17,5941.91,21444529400.0,193413375729.8,-0.264898,0.02316595,2.316595
2019-03-21,000852.XSHG,中证1000,5929.75,6034.48,5914.67,5990.64,5926.17,24702048800.0,221912212749.9,1.087886,0.0202171,2.02171
2019-03-22,000852.XSHG,中证1000,5981.7,6022.07,5889.68,6014.55,5990.64,22226488100.0,203033343332.4,0.399123,0.02209948,2.209948
2019-03-25,000852.XSHG,中证1000,5914.85,6039.66,5890.4,5961.44,6014.55,22034759100.0,206303975727.7,-0.883025,0.02481649,2.481649
2019-03-26,000852.XSHG,中证1000,5982.36,6006.94,5774.74,5788.36,5961.44,20923874600.0,192900258021.2,-2.903325,0.03895032,3.895032
2019-03-27,000852.XSHG,中证1000,5822.69,5842.07,5696.13,5826.53,5788.36,17422342500.0,162690155880.0,0.659427,0.02521267,2.521267
2019-03-28,000852.XSHG,中证1000,5797.87,5872.2,5744.23,5747.86,5826.53,17183155300.0,160350785871.9,-1.350203,0.02196333,2.196333
2019-03-29,000852.XSHG,中证1000,5748.92,5911.22,5699.69,5911.21,5747.86,19259481000.0,180058259027.2,2.841927,0.03680152,3.680152
2019-04-01,000852.XSHG,中证1000,5961.79,6137.73,5961.79,6137.73,5911.21,24407525300.0,234851783768.9,3.832041,0.02976379,2.976379
2019-04-02,000852.XSHG,中证1000,6181.08,6234.75,6135.8,6174.94,6137.73,26150489100.0,257249096076.1,0.60625,0.0161216,1.61216
2019-04-03,000852.XSHG,中证1000,6142.37,6237.16,6114.6,6237.02,6174.94,23699462700.0,224565547997.9,1.005354,0.01984797,1.984797
2019-04-04,000852.XSHG,中证1000,6262.69,6283.29,6198.03,6260.07,6237.02,24339563500.0,236689378071.5,0.369568,0.01366999,1.366999
2019-04-08,000852.XSHG,中证1000,6303.43,6322.48,6130.76,6230.21,6260.07,26032327500.0,251492492717.6,-0.476991,0.03062586,3.062586
2019-04-09,000852.XSHG,中证1000,6212.73,6261.15,6164.97,6245.43,6230.21,20854766000.0,202088647178.6,0.244294,0.01543768,1.543768
2019-04-10,000852.XSHG,中证1000,6203.4,6289.93,6159.23,6235.71,6245.43,23041485300.0,212910291332.4,-0.155634,0.0209273,2.09273
2019-04-11,000852.XSHG,中证1000,6232.89,6249.5,6106.66,6106.95,6235.71,21696391900.0,199234187182.6,-2.064881,0.02290677,2.290677
2019-04-12,000852.XSHG,中证1000,6097.07,6130.38,6047.83,6101.2,6106.95,17732097800.0,162809728882.6,-0.094155,0.01351739,1.351739
2019-04-15,000852.XSHG,中证1000,6178.5,6215.38,6049.24,6052.05,6101.2,19181823900.0,185536339431.3,-0.805579,0.02723071,2.723071
2019-04-16,000852.XSHG,中证1000,6019.13,6179.8,5978.73,6179.8,6052.05,19800145600.0,188469346876.7,2.110855,0.03322345,3.322345
2019-04-17,000852.XSHG,中证1000,6181.76,6267.59,6175.58,6234.11,6179.8,22208530100.0,211305442675.2,0.878831,0.01488883,1.488883
2019-04-18,000852.XSHG,中证1000,6229.69,6255.79,6188.12,6202.84,6234.11,21223045200.0,197321501442.3,-0.501595,0.0108548,1.08548
2019-04-19,000852.XSHG,中证1000,6198.61,6255.26,6147.16,6255.25,6202.84,20712106200.0,188108478182.8,0.844936,0.0174275,1.74275
2019-04-22,000852.XSHG,中证1000,6270.37,6274.46,6171.31,6192.14,6255.25,21458795200.0,200119577791.4,-1.008913,0.01649015,1.649015
2019-04-23,000852.XSHG,中证1000,6175.13,6175.82,6061.75,6078.27,6192.14,21300338600.0,194864981088.5,-1.838944,0.01842174,1.842174
2019-04-24,000852.XSHG,中证1000,6081.96,6153.39,6017.86,6153.39,6078.27,18217636600.0,168277851295.6,1.235878,0.02229746,2.229746
2019-04-25,000852.XSHG,中证1000,6130.01,6140.3,5899.65,5899.91,6153.39,21251176100.0,194913302049.4,-4.119355,0.03910852,3.910852
2019-04-26,000852.XSHG,中证1000,5861.79,5926.04,5830.35,5834.38,5899.91,17250145800.0,156953361749.5,-1.110695,0.01621889,1.621889
2019-04-29,000852.XSHG,中证1000,5831.24,5849.64,5613.83,5622.48,5834.38,17982449400.0,159161375559.6,-3.63192,0.04041732,4.041732
2019-04-30,000852.XSHG,中证1000,5595.81,5718.32,5595.81,5682.24,5622.48,13450204300.0,121499693590.2,1.062876,0.02178932,2.178932
2019-05-06,000852.XSHG,中证1000,5480.13,5496.84,5212.99,5246.83,5682.24,16781411800.0,142768082880.8,-7.662647,0.04995389,4.995389
2019-05-07,000852.XSHG,中证1000,5273.22,5353.61,5214.9,5312.5,5246.83,14424456000.0,122706351576.7,1.251613,0.02643692,2.643692
2019-05-08,000852.XSHG,中证1000,5198.84,5376.9,5166.4,5292.75,5312.5,14563632900.0,122170345280.2,-0.371765,0.03962353,3.962353
2019-05-09,000852.XSHG,中证1000,5243.72,5308.02,5229.82,5237.82,5292.75,12105840800.0,101339372286.0,-1.037835,0.01477493,1.477493
2019-05-10,000852.XSHG,中证1000,5292.45,5445.54,5192.7,5445.53,5237.82,17248179000.0,147577170780.1,3.965581,0.04827199,4.827199
2019-05-13,000852.XSHG,中证1000,5385.76,5440.91,5366.78,5405.61,5445.53,13504594600.0,116514306739.8,-0.733078,0.013613,1.3613
2019-05-14,000852.XSHG,中证1000,5333.85,5422.62,5328.01,5368.23,5405.61,13038316400.0,111777600938.0,-0.691504,0.01750219,1.750219
2019-05-15,000852.XSHG,中证1000,5412.93,5491.4,5403.48,5486.39,5368.23,14681752100.0,125459215893.4,2.201098,0.01637784,1.637784
2019-05-16,000852.XSHG,中证1000,5488.27,5539.35,5478.07,5527.28,5486.39,16571358900.0,140114141632.0,0.745299,0.01116946,1.116946
2019-05-17,000852.XSHG,中证1000,5527.38,5530.9,5306.47,5330.99,5527.28,17575493000.0,146944127920.4,-3.551295,0.04060406,4.060406
2019-05-20,000852.XSHG,中证1000,5326.19,5330.18,5200.68,5313.15,5330.99,13549768200.0,116034654426.3,-0.334647,0.02429192,2.429192
2019-05-21,000852.XSHG,中证1000,5305.44,5425.31,5287.31,5418.05,5313.15,14260288000.0,123312608212.9,1.974347,0.02597329,2.597329
2019-05-22,000852.XSHG,中证1000,5418.24,5451.11,5351.7,5395.43,5418.05,14202333000.0,125880553938.4,-0.417493,0.01834793,1.834793
2019-05-23,000852.XSHG,中证1000,5380.41,5380.41,5251.34,5267.83,5395.43,14360000000.0,126772573519.2,-2.364964,0.0239221,2.39221
2019-05-24,000852.XSHG,中证1000,5230.9,5279.65,5186.87,5200.77,5267.83,11814676800.0,100109667372.7,-1.27301,0.01761257,1.761257
2019-05-27,000852.XSHG,中证1000,5204.42,5360.0,5179.19,5354.63,5200.77,12815537800.0,112353931391.1,2.958408,0.03476601,3.476601
2019-05-28,000852.XSHG,中证1000,5353.85,5414.64,5332.93,5354.53,5354.63,13938944500.0,123386254021.6,-0.001868,0.01525969,1.525969
2019-05-29,000852.XSHG,中证1000,5336.84,5411.08,5329.91,5376.51,5354.53,12272879000.0,107908815321.0,0.410494,0.01515913,1.515913
2019-05-30,000852.XSHG,中证1000,5357.49,5357.49,5270.89,5341.98,5376.51,13334217000.0,116872440921.5,-0.642238,0.0161071,1.61071
2019-05-31,000852.XSHG,中证1000,5336.69,5384.48,5319.21,5334.25,5341.98,12794045700.0,108844784316.0,-0.144703,0.01221832,1.221832
2019-06-03,000852.XSHG,中证1000,5341.27,5354.69,5235.52,5255.07,5334.25,14014095700.0,120180125113.4,-1.48437,0.02234054,2.234054
2019-06-04,000852.XSHG,中证1000,5244.73,5249.53,5131.01,5160.98,5255.07,11911391500.0,103214142559.8,-1.790461,0.02255346,2.255346
2019-06-05,000852.XSHG,中证1000,5206.15,5222.87,5148.29,5158.47,5160.98,10859705700.0,93763500889.7,-0.048634,0.01445074,1.445074
2019-06-06,000852.XSHG,中证1000,5149.38,5149.38,5011.76,5030.8,5158.47,11269256000.0,91560835563.7,-2.474959,0.02667845,2.667845
2019-06-10,000852.XSHG,中证1000,5043.33,5112.43,5022.0,5098.94,5030.8,9852406200.0,81439991461.8,1.354457,0.01797527,1.797527
2019-06-11,000852.XSHG,中证1000,5103.85,5289.79,5096.02,5289.62,5098.94,15523564900.0,128856731527.1,3.739601,0.03800202,3.800202
2019-06-12,000852.XSHG,中证1000,5276.7,5315.96,5251.05,5264.89,5289.62,15003153800.0,126728123308.0,-0.467519,0.0122712,1.22712
2019-06-13,000852.XSHG,中证1000,5256.91,5306.98,5237.96,5294.11,5264.89,13516814700.0,111687155314.8,0.554997,0.01310949,1.310949
2019-06-14,000852.XSHG,中证1000,5297.74,5307.08,5170.98,5173.07,5294.11,13273826500.0,107780217414.7,-2.286314,0.02570781,2.570781
2019-06-17,000852.XSHG,中证1000,5168.35,5192.13,5140.27,5160.67,5173.07,9576465700.0,82380618558.3,-0.239703,0.01002499,1.002499
2019-06-18,000852.XSHG,中证1000,5160.11,5183.02,5125.1,5160.88,5160.67,9200804500.0,79910507784.3,0.004069,0.01122335,1.122335
2019-06-19,000852.XSHG,中证1000,5268.94,5292.28,5231.97,5234.28,5160.88,13087875800.0,115348653961.6,1.422238,0.01168599,1.168599
2019-06-20,000852.XSHG,中证1000,5228.49,5329.97,5199.87,5317.31,5234.28,14803715300.0,127095612030.7,1.586274,0.02485538,2.485538
2019-06-21,000852.XSHG,中证1000,5350.29,5423.19,5350.29,5406.04,5317.31,16747810800.0,146173110363.5,1.668701,0.01370994,1.370994
2019-06-24,000852.XSHG,中证1000,5412.55,5427.67,5374.52,5403.8,5406.04,13085816500.0,117397617414.6,-0.041435,0.0098316,0.98316
2019-06-25,000852.XSHG,中证1000,5397.06,5397.06,5289.84,5351.69,5403.8,13454471800.0,118982417050.0,-0.964321,0.01984159,1.984159
2019-06-26,000852.XSHG,中证1000,5323.7,5384.06,5303.24,5351.39,5351.69,10768663000.0,98629319716.9,-0.005606,0.01510177,1.510177
2019-06-27,000852.XSHG,中证1000,5361.98,5415.36,5360.49,5397.57,5351.39,12140918400.0,113704464043.1,0.862953,0.01025341,1.025341
2019-06-28,000852.XSHG,中证1000,5389.98,5389.98,5289.43,5321.43,5397.57,11952729400.0,107858829036.1,-1.410635,0.01862875,1.862875
2019-07-01,000852.XSHG,中证1000,5418.21,5481.41,5392.44,5481.41,5321.43,14921434300.0,139046134051.4,3.006335,0.01671919,1.671919
2019-07-02,000852.XSHG,中证1000,5482.44,5501.12,5462.73,5483.52,5481.41,13305282000.0,126589280222.5,0.038494,0.00700367,0.700367
2019-07-03,000852.XSHG,中证1000,5465.95,5465.95,5408.58,5428.51,5483.52,12129543500.0,112247589313.3,-1.003188,0.01046226,1.046226
2019-07-04,000852.XSHG,中证1000,5435.48,5450.29,5381.05,5404.38,5428.51,11408144600.0,104799734100.3,-0.444505,0.01275488,1.275488
2019-07-05,000852.XSHG,中证1000,5404.71,5433.69,5379.89,5424.25,5404.38,9690498600.0,91252457366.7,0.367665,0.00995489,0.995489
2019-07-08,000852.XSHG,中证1000,5410.2,5410.2,5221.95,5244.27,5424.25,12348714500.0,110352018125.9,-3.318062,0.03470526,3.470526
2019-07-09,000852.XSHG,中证1000,5239.86,5270.46,5203.85,5260.34,5244.27,9088317300.0,85680911937.2,0.30643,0.01270148,1.270148
2019-07-10,000852.XSHG,中证1000,5267.27,5271.24,5196.82,5214.64,5260.34,8698666400.0,80476356044.1,-0.868765,0.01414737,1.414737
2019-07-11,000852.XSHG,中证1000,5236.66,5271.61,5180.96,5206.4,5214.64,8882537400.0,81521539094.7,-0.158017,0.01738375,1.738375
2019-07-12,000852.XSHG,中证1000,5209.3,5229.84,5173.05,5219.19,5206.4,8487735400.0,77845992715.7,0.245659,0.01090773,1.090773
2019-07-15,000852.XSHG,中证1000,5203.58,5289.01,5140.8,5273.81,5219.19,10328513600.0,96427011928.2,1.046523,0.02839713,2.839713
2019-07-16,000852.XSHG,中证1000,5264.65,5289.01,5254.62,5285.23,5273.81,8824697200.0,83811876850.5,0.216542,0.0065209,0.65209
2019-07-17,000852.XSHG,中证1000,5282.56,5312.71,5269.24,5289.42,5285.23,9870641600.0,91936571596.5,0.079278,0.00822481,0.822481
2019-07-18,000852.XSHG,中证1000,5265.37,5265.37,5194.6,5194.6,5289.42,9655468000.0,87163903171.3,-1.792635,0.01337954,1.337954
2019-07-19,000852.XSHG,中证1000,5205.73,5263.34,5205.7,5220.03,5194.6,8770604700.0,80605050384.2,0.489547,0.01109614,1.109614
2019-07-22,000852.XSHG,中证1000,5222.06,5222.34,5067.1,5073.33,5220.03,9879986000.0,85364469419.6,-2.810329,0.02973929,2.973929
2019-07-23,000852.XSHG,中证1000,5072.77,5131.1,5072.77,5131.1,5073.33,7424977800.0,66786575958.7,1.1387,0.01149738,1.149738
2019-07-24,000852.XSHG,中证1000,5141.94,5219.15,5141.9,5194.83,5131.1,9197206500.0,83093607435.0,1.242034,0.01505525,1.505525
2019-07-25,000852.XSHG,中证1000,5193.65,5220.13,5181.28,5211.09,5194.83,8552072800.0,80872563113.8,0.313004,0.00747859,0.747859
2019-07-26,000852.XSHG,中证1000,5201.56,5222.33,5188.24,5216.6,5211.09,7786305200.0,73887888092.2,0.105736,0.00654182,0.654182
2019-07-29,000852.XSHG,中证1000,5217.93,5235.01,5197.02,5218.98,5216.6,7641457900.0,72910013003.2,0.045624,0.00728252,0.728252
2019-07-30,000852.XSHG,中证1000,5217.07,5269.31,5216.81,5239.72,5218.98,8437062400.0,80201215330.3,0.397396,0.01005944,1.005944
2019-07-31,000852.XSHG,中证1000,5229.14,5229.14,5193.18,5200.09,5239.72,8230637500.0,76220353067.8,-0.756338,0.00686296,0.686296
2019-08-01,000852.XSHG,中证1000,5172.08,5201.48,5151.39,5173.23,5200.09,8024739000.0,74633281066.4,-0.51653,0.00963253,0.963253
2019-08-02,000852.XSHG,中证1000,5074.0,5101.14,5047.39,5091.06,5173.23,10140519900.0,90404221004.7,-1.588369,0.01039003,1.039003
2019-08-05,000852.XSHG,中证1000,5076.11,5124.38,5032.64,5032.64,5091.06,9106650200.0,84344643149.6,-1.147502,0.01801982,1.801982
2019-08-06,000852.XSHG,中证1000,4940.87,4940.87,4781.88,4899.82,5032.64,12661971500.0,106405984956.6,-2.639171,0.03159177,3.159177
2019-08-07,000852.XSHG,中证1000,4928.14,4941.96,4884.99,4885.44,4899.82,8995194600.0,80820458064.0,-0.29348,0.01162696,1.162696
2019-08-08,000852.XSHG,中证1000,4901.82,4936.83,4901.71,4923.33,4885.44,8338825800.0,77490922100.0,0.77557,0.00718871,0.718871
2019-08-09,000852.XSHG,中证1000,4948.52,4963.0,4861.12,4869.79,4923.33,8953496500.0,82880629986.8,-1.087475,0.02069331,2.069331
2019-08-12,000852.XSHG,中证1000,4873.89,4952.22,4859.62,4952.22,4869.79,7882421700.0,72932271078.4,1.692681,0.01901519,1.901519
2019-08-13,000852.XSHG,中证1000,4917.89,4935.94,4903.82,4928.46,4952.22,7901831800.0,75548259802.3,-0.479785,0.00648598,0.648598
2019-08-14,000852.XSHG,中证1000,4980.39,4997.44,4953.98,4961.75,4928.46,9003471600.0,87741863600.8,0.675465,0.00881817,0.881817
2019-08-15,000852.XSHG,中证1000,4848.87,4985.54,4829.41,4985.42,4961.75,9532860900.0,89496568172.5,0.477049,0.03146672,3.146672
2019-08-16,000852.XSHG,中证1000,4981.56,5044.21,4979.93,5013.58,4985.42,9622850300.0,95365366312.1,0.564847,0.0128936,1.28936
2019-08-19,000852.XSHG,中证1000,5054.48,5173.18,5054.48,5173.18,5013.58,13103217900.0,124495070263.2,3.183354,0.0236757,2.36757
2019-08-20,000852.XSHG,中证1000,5183.01,5220.68,5168.94,5185.27,5173.18,13273004100.0,125167520207.6,0.233705,0.01000159,1.000159
2019-08-21,000852.XSHG,中证1000,5177.87,5203.65,5168.81,5186.62,5185.27,11489601300.0,110244839548.2,0.026035,0.00671903,0.671903
2019-08-22,000852.XSHG,中证1000,5200.06,5208.55,5165.61,5208.55,5186.62,11415236900.0,108846747075.1,0.422819,0.00827899,0.827899
2019-08-23,000852.XSHG,中证1000,5210.42,5224.57,5179.47,5197.55,5208.55,12037115300.0,113100762423.2,-0.211191,0.00865884,0.865884
2019-08-26,000852.XSHG,中证1000,5096.1,5186.4,5087.7,5168.68,5197.55,12237432300.0,109519347945.2,-0.555454,0.01898972,1.898972
2019-08-27,000852.XSHG,中证1000,5196.14,5283.06,5196.14,5266.66,5168.68,14709064800.0,131492474934.4,1.895648,0.01681667,1.681667
2019-08-28,000852.XSHG,中证1000,5261.62,5274.68,5236.02,5256.18,5266.66,14054848200.0,126664510504.8,-0.198988,0.00734052,0.734052
2019-08-29,000852.XSHG,中证1000,5262.96,5286.11,5249.75,5260.95,5256.18,13075279300.0,119190175860.2,0.09075,0.00691757,0.691757
2019-08-30,000852.XSHG,中证1000,5280.51,5289.04,5160.45,5182.96,5260.95,14630683100.0,139678893636.5,-1.482432,0.02444235,2.444235
2019-09-02,000852.XSHG,中证1000,5187.4,5318.4,5187.4,5317.53,5182.96,14025647400.0,134021224841.3,2.596393,0.02527513,2.527513
2019-09-03,000852.XSHG,中证1000,5324.69,5357.06,5310.27,5357.06,5317.53,14329422400.0,140780148222.8,0.74339,0.0087992,0.87992
2019-09-04,000852.XSHG,中证1000,5345.94,5394.71,5336.57,5394.71,5357.06,15196444200.0,145063879887.8,0.702811,0.01085297,1.085297
2019-09-05,000852.XSHG,中证1000,5423.96,5504.94,5418.92,5445.57,5394.71,19291145500.0,186631534740.6,0.942775,0.01594525,1.594525
2019-09-06,000852.XSHG,中证1000,5461.33,5479.12,5425.37,5468.46,5445.57,15200558900.0,153027092752.4,0.420342,0.00987041,0.987041
2019-09-09,000852.XSHG,中证1000,5516.53,5602.24,5495.16,5602.24,5468.46,17510270000.0,177704943558.3,2.446393,0.01958138,1.958138
2019-09-10,000852.XSHG,中证1000,5608.74,5625.92,5573.99,5614.58,5602.24,17582553300.0,182214032550.6,0.220269,0.00926951,0.926951
2019-09-11,000852.XSHG,中证1000,5630.2,5634.44,5564.94,5566.41,5614.58,15766264700.0,157993963575.4,-0.857945,0.01237849,1.237849
2019-09-12,000852.XSHG,中证1000,5580.6,5601.47,5546.25,5592.92,5566.41,13153981700.0,128460069185.0,0.47625,0.00992022,0.992022
2019-09-16,000852.XSHG,中证1000,5613.57,5650.67,5600.8,5627.24,5592.92,15123977800.0,148105221608.6,0.613633,0.00891663,0.891663
2019-09-17,000852.XSHG,中证1000,5614.16,5614.16,5471.43,5492.22,5627.24,15520818900.0,147443661504.3,-2.3994,0.02536412,2.536412
2019-09-18,000852.XSHG,中证1000,5501.84,5515.22,5467.91,5485.88,5492.22,11540659900.0,116907097979.3,-0.115436,0.008614,0.8614
2019-09-19,000852.XSHG,中证1000,5497.24,5550.41,5468.75,5550.41,5485.88,11815086500.0,121151399498.4,1.176293,0.01488549,1.488549
2019-09-20,000852.XSHG,中证1000,5560.04,5576.79,5533.28,5556.48,5550.41,12646943300.0,132147190966.8,0.109361,0.00783906,0.783906
2019-09-23,000852.XSHG,中证1000,5538.73,5538.73,5462.27,5501.21,5556.48,12142715200.0,123349999942.4,-0.994694,0.01376051,1.376051
2019-09-24,000852.XSHG,中证1000,5504.5,5568.22,5495.46,5528.89,5501.21,12689542900.0,138886197943.2,0.503162,0.01322618,1.322618
2019-09-25,000852.XSHG,中证1000,5502.16,5502.16,5421.62,5421.62,5528.89,12964395900.0,135425040254.7,-1.940172,0.01456712,1.456712
2019-09-26,000852.XSHG,中证1000,5428.61,5436.95,5244.08,5244.08,5421.62,13073522100.0,130092529712.8,-3.274667,0.03557424,3.557424
2019-09-27,000852.XSHG,中证1000,5241.51,5313.08,5241.51,5291.44,5244.08,9061738200.0,93242836273.8,0.903114,0.01364777,1.364777
2019-09-30,000852.XSHG,中证1000,5297.02,5315.34,5232.39,5232.39,5291.44,7753791600.0,79381186611.9,-1.115953,0.01567626,1.567626
2019-10-08,000852.XSHG,中证1000,5242.02,5280.59,5226.26,5237.18,5232.39,7883037700.0,81372687416.0,0.091545,0.0103834,1.03834
2019-10-09,000852.XSHG,中证1000,5220.2,5285.15,5191.06,5285.15,5237.18,8153773200.0,83088853234.5,0.915951,0.01796578,1.796578
2019-10-10,000852.XSHG,中证1000,5291.55,5367.1,5281.86,5366.93,5285.15,9480331900.0,98623064005.5,1.547354,0.01612821,1.612821
2019-10-11,000852.XSHG,中证1000,5371.4,5392.78,5327.79,5370.65,5366.93,10650553300.0,105849945101.7,0.069313,0.01210934,1.210934
2019-10-14,000852.XSHG,中证1000,5411.65,5463.54,5402.63,5455.61,5370.65,12745390100.0,122006687672.5,1.581931,0.01134127,1.134127
2019-10-15,000852.XSHG,中证1000,5429.94,5429.94,5367.14,5375.53,5455.61,12013337100.0,112586338867.7,-1.467847,0.01151109,1.151109
2019-10-16,000852.XSHG,中证1000,5377.75,5397.07,5350.15,5353.02,5375.53,10511124200.0,98213036519.7,-0.418749,0.00872844,0.872844
2019-10-17,000852.XSHG,中证1000,5354.41,5371.67,5331.73,5347.27,5353.02,9205192300.0,87362653448.8,-0.107416,0.00746121,0.746121
2019-10-18,000852.XSHG,中证1000,5350.64,5374.6,5267.93,5280.53,5347.27,10717643600.0,100132540179.6,-1.248114,0.0199485,1.99485
2019-10-21,000852.XSHG,中证1000,5273.64,5273.64,5200.93,5247.3,5280.53,9111191000.0,86943131359.7,-0.629293,0.01376945,1.376945
2019-10-22,000852.XSHG,中证1000,5252.19,5312.46,5249.96,5312.46,5247.3,9035044800.0,87413220644.3,1.241781,0.01191089,1.191089
2019-10-23,000852.XSHG,中证1000,5311.76,5314.36,5257.77,5269.72,5312.46,9446403400.0,90665801412.3,-0.804524,0.01065232,1.065232
2019-10-24,000852.XSHG,中证1000,5262.93,5274.32,5220.55,5259.45,5269.72,9472291800.0,86720512663.1,-0.194887,0.01020358,1.020358
2019-10-25,000852.XSHG,中证1000,5254.37,5307.75,5227.89,5300.09,5259.45,10122951900.0,95200451712.5,0.772704,0.0151841,1.51841
2019-10-28,000852.XSHG,中证1000,5343.5,5425.75,5343.44,5425.75,5300.09,13622488300.0,129515026942.7,2.370903,0.01552992,1.552992
2019-10-29,000852.XSHG,中证1000,5434.31,5434.31,5366.75,5366.75,5425.75,15500445600.0,145139350789.7,-1.087407,0.01245173,1.245173
2019-10-30,000852.XSHG,中证1000,5349.08,5351.86,5301.64,5313.42,5366.75,13996647600.0,130346023769.2,-0.993711,0.00935762,0.935762
2019-10-31,000852.XSHG,中证1000,5310.66,5329.2,5252.17,5253.88,5313.42,11997982400.0,114532026286.2,-1.120559,0.01449725,1.449725
2019-11-01,000852.XSHG,中证1000,5234.75,5308.93,5227.11,5303.99,5253.88,10699498800.0,102087111191.6,0.953771,0.01557325,1.557325
2019-11-04,000852.XSHG,中证1000,5316.6,5365.59,5316.6,5337.08,5303.99,11448948800.0,115854267496.9,0.62387,0.00923644,0.923644
2019-11-05,000852.XSHG,中证1000,5341.17,5362.44,5306.05,5352.06,5337.08,11388564600.0,114846792363.2,0.280678,0.0105657,1.05657
2019-11-06,000852.XSHG,中证1000,5348.45,5356.31,5286.44,5304.84,5352.06,11117434900.0,110315090509.9,-0.882277,0.01305479,1.305479
2019-11-07,000852.XSHG,中证1000,5300.67,5347.66,5294.2,5340.17,5304.84,9669546000.0,99247548684.4,0.665996,0.01007759,1.007759
2019-11-08,000852.XSHG,中证1000,5361.27,5375.06,5318.77,5321.78,5340.17,10409393300.0,107787205244.0,-0.344371,0.01054086,1.054086
2019-11-11,000852.XSHG,中证1000,5289.63,5289.63,5175.62,5183.57,5321.78,10690729400.0,101788715345.4,-2.597063,0.02142328,2.142328
2019-11-12,000852.XSHG,中证1000,5183.48,5196.72,5123.3,5196.72,5183.57,9395997400.0,87981787313.5,0.253686,0.01416398,1.416398
2019-11-13,000852.XSHG,中证1000,5188.88,5200.24,5160.33,5181.49,5196.72,8665440000.0,83519545573.6,-0.293069,0.00767984,0.767984
2019-11-14,000852.XSHG,中证1000,5180.31,5229.09,5177.11,5216.64,5181.49,8958483400.0,89861875069.4,0.678376,0.01003186,1.003186
2019-11-15,000852.XSHG,中证1000,5208.37,5220.06,5152.56,5152.56,5216.64,9472942900.0,94989487629.6,-1.228377,0.01293936,1.293936
2019-11-18,000852.XSHG,中证1000,5147.03,5192.85,5139.96,5189.35,5152.56,8567186200.0,84279221714.6,0.714014,0.0102648,1.02648
2019-11-19,000852.XSHG,中证1000,5192.68,5286.15,5187.77,5286.15,5189.35,10437416700.0,103179257854.1,1.865359,0.01895806,1.895806
2019-11-20,000852.XSHG,中证1000,5281.85,5303.93,5251.08,5259.47,5286.15,10626106900.0,105897649850.8,-0.504715,0.00999782,0.999782
2019-11-21,000852.XSHG,中证1000,5238.6,5274.23,5228.26,5250.67,5259.47,9292371400.0,87003103382.0,-0.167317,0.00874042,0.874042
2019-11-22,000852.XSHG,中证1000,5255.43,5296.33,5157.55,5181.11,5250.67,11574788800.0,110942790235.5,-1.324783,0.02643091,2.643091
2019-11-25,000852.XSHG,中证1000,5179.15,5185.45,5107.51,5151.37,5181.11,10605378700.0,94917934164.9,-0.574008,0.01504311,1.504311
2019-11-26,000852.XSHG,中证1000,5154.92,5170.49,5131.54,5147.73,5151.37,9106891000.0,81766793238.7,-0.070661,0.0075611,0.75611
2019-11-27,000852.XSHG,中证1000,5138.06,5170.6,5121.32,5145.97,5147.73,9186449800.0,84266473486.4,-0.03419,0.00957315,0.957315
2019-11-28,000852.XSHG,中证1000,5142.38,5165.65,5120.55,5131.13,5145.97,8509401600.0,78914007803.5,-0.288381,0.00876414,0.876414
2019-11-29,000852.XSHG,中证1000,5130.28,5137.29,5082.77,5126.61,5131.13,8018168000.0,75244012913.2,-0.08809,0.01062534,1.062534
2019-12-02,000852.XSHG,中证1000,5131.89,5156.87,5124.55,5137.78,5126.61,8177751900.0,78466522887.1,0.217883,0.00630436,0.630436
2019-12-03,000852.XSHG,中证1000,5119.75,5171.36,5097.08,5171.36,5137.78,8573855100.0,82771877620.7,0.65359,0.01445761,1.445761
2019-12-04,000852.XSHG,中证1000,5148.41,5188.36,5140.39,5179.69,5171.36,8762641800.0,85034984553.5,0.161079,0.00927609,0.927609
2019-12-05,000852.XSHG,中证1000,5190.08,5246.03,5187.91,5238.13,5179.69,9945104400.0,100036170145.5,1.128253,0.01122075,1.122075
2019-12-06,000852.XSHG,中证1000,5241.09,5275.51,5226.26,5275.51,5238.13,10039062000.0,99234950820.6,0.713613,0.00940221,0.940221
2019-12-09,000852.XSHG,中证1000,5286.2,5302.29,5269.18,5294.28,5275.51,11232067900.0,109703719692.0,0.355795,0.00627617,0.627617
2019-12-10,000852.XSHG,中证1000,5286.04,5326.36,5272.2,5326.36,5294.28,11820831300.0,111390094401.0,0.605937,0.01022991,1.022991
2019-12-11,000852.XSHG,中证1000,5323.86,5333.32,5291.25,5304.88,5326.36,12116180900.0,113801506935.6,-0.403277,0.00789845,0.789845
2019-12-12,000852.XSHG,中证1000,5302.72,5334.26,5292.47,5304.42,5304.88,11940244400.0,115509395239.5,-0.008671,0.00787765,0.787765
2019-12-13,000852.XSHG,中证1000,5334.58,5379.29,5327.12,5375.98,5304.42,12208484900.0,123138289403.6,1.349064,0.00983519,0.983519
2019-12-16,000852.XSHG,中证1000,5391.47,5476.99,5387.55,5476.99,5375.98,14687245900.0,150423034322.0,1.878913,0.01663697,1.663697
2019-12-17,000852.XSHG,中证1000,5479.9,5555.25,5475.43,5545.62,5476.99,17754242100.0,175006040757.5,1.253061,0.0145737,1.45737
2019-12-18,000852.XSHG,中证1000,5546.28,5575.65,5529.82,5543.79,5545.62,16570245300.0,164407452930.9,-0.032999,0.00826418,0.826418
2019-12-19,000852.XSHG,中证1000,5544.66,5579.82,5534.51,5568.11,5543.79,15413649500.0,148945729037.5,0.438689,0.00817311,0.817311
2019-12-20,000852.XSHG,中证1000,5571.63,5580.34,5501.16,5501.16,5568.11,14977734500.0,141949915479.9,-1.202383,0.01422027,1.422027
2019-12-23,000852.XSHG,中证1000,5478.57,5485.78,5375.02,5377.09,5501.16,13218357900.0,127150120515.1,-2.255343,0.02013394,2.013394
2019-12-24,000852.XSHG,中证1000,5388.21,5471.74,5386.97,5471.74,5377.09,11281172700.0,112384442202.4,1.760246,0.01576503,1.576503
2019-12-25,000852.XSHG,中证1000,5467.75,5517.2,5461.38,5504.42,5471.74,12468163500.0,130934367626.4,0.597251,0.01020151,1.020151
2019-12-26,000852.XSHG,中证1000,5503.3,5543.7,5497.9,5543.66,5504.42,12444564400.0,128982590236.9,0.712882,0.00832059,0.832059
2019-12-27,000852.XSHG,中证1000,5548.35,5576.26,5494.97,5498.93,5543.66,15551573800.0,155240019885.8,-0.806868,0.0146636,1.46636
2019-12-30,000852.XSHG,中证1000,5478.0,5530.0,5413.87,5530.0,5498.93,14341182000.0,140313125054.7,0.565019,0.02111865,2.111865
2019-12-31,000852.XSHG,中证1000,5524.43,5567.86,5520.01,5567.03,5530.0,13287012400.0,132463860029.9,0.66962,0.0086528,0.86528
2020-01-02,000852.XSHG,中证1000,5603.93,5682.64,5586.14,5676.56,5567.03,17871256300.0,176874948018.9,1.967476,0.0173342,1.73342
2020-01-03,000852.XSHG,中证1000,5685.08,5717.51,5667.74,5706.04,5676.56,17900681800.0,178295040890.6,0.519329,0.00876763,0.876763
2020-01-06,000852.XSHG,中证1000,5686.16,5803.86,5670.34,5764.73,5706.04,20848750900.0,203211064767.3,1.028559,0.02339977,2.339977
2020-01-07,000852.XSHG,中证1000,5772.66,5852.36,5772.66,5852.36,5764.73,20344034700.0,201537254680.1,1.520106,0.01382545,1.382545
2020-01-08,000852.XSHG,中证1000,5827.38,5858.87,5759.33,5772.47,5852.36,21897406000.0,213888094699.2,-1.36509,0.01700852,1.700852
2020-01-09,000852.XSHG,中证1000,5815.74,5864.18,5815.74,5864.18,5772.47,18638846000.0,187336849364.1,1.588748,0.00839156,0.839156
2020-01-10,000852.XSHG,中证1000,5879.21,5885.33,5824.65,5851.89,5864.18,16918594600.0,173850556718.8,-0.209577,0.01034757,1.034757
2020-01-13,000852.XSHG,中证1000,5844.96,5926.72,5822.42,5926.72,5851.89,16072879400.0,172362974860.5,1.278732,0.0178233,1.78233
2020-01-14,000852.XSHG,中证1000,5939.9,5948.04,5911.69,5914.11,5926.72,17682232800.0,184340199175.4,-0.212765,0.00613324,0.613324
2020-01-15,000852.XSHG,中证1000,5903.76,5920.08,5859.11,5913.52,5914.11,16008473700.0,165877789555.0,-0.009976,0.01030924,1.030924
2020-01-16,000852.XSHG,中证1000,5917.23,5934.17,5892.73,5902.13,5913.52,14795385900.0,162778573689.8,-0.192609,0.00700767,0.700767
2020-01-17,000852.XSHG,中证1000,5913.79,5927.54,5869.17,5879.41,5902.13,14281968600.0,157111565029.9,-0.384946,0.00988965,0.988965
2020-01-20,000852.XSHG,中证1000,5880.13,5954.89,5862.14,5954.87,5879.41,14836027900.0,167625390987.4,1.283462,0.01577539,1.577539
2020-01-21,000852.XSHG,中证1000,5952.0,5952.0,5901.0,5901.86,5954.87,15633232100.0,172604389451.3,-0.890196,0.00856442,0.856442
2020-01-22,000852.XSHG,中证1000,5867.22,5942.11,5784.68,5919.59,5901.86,16272830300.0,180180672739.4,0.300414,0.02667464,2.667464
2020-01-23,000852.XSHG,中证1000,5852.2,5897.9,5643.84,5699.01,5919.59,18476262100.0,199558188298.4,-3.726272,0.04291851,4.291851
2020-02-03,000852.XSHG,中证1000,5180.59,5227.07,5179.26,5200.16,5699.01,8441654400.0,82967244445.8,-8.753275,0.00838918,0.838918
2020-02-04,000852.XSHG,中证1000,4923.19,5234.25,4923.19,5212.1,5200.16,23820114700.0,217391387299.1,0.229608,0.05981739,5.981739
2020-02-05,000852.XSHG,中证1000,5242.33,5414.76,5242.33,5348.34,5212.1,20794004100.0,211215505958.3,2.613918,0.03308263,3.308263
2020-02-06,000852.XSHG,中证1000,5353.19,5538.94,5326.21,5515.64,5348.34,21848171700.0,221846850781.9,3.128073,0.03977496,3.977496
2020-02-07,000852.XSHG,中证1000,5535.13,5588.77,5472.87,5583.6,5515.64,22692872800.0,234210907572.1,1.232133,0.02101297,2.101297
2020-02-10,000852.XSHG,中证1000,5586.95,5662.42,5567.05,5661.56,5583.6,21806813300.0,225934645910.0,1.396232,0.01708038,1.708038
2020-02-11,000852.XSHG,中证1000,5656.52,5666.73,5590.89,5623.26,5661.56,18815788000.0,190484765963.0,-0.676492,0.0133956,1.33956
2020-02-12,000852.XSHG,中证1000,5605.93,5754.26,5602.3,5754.26,5623.26,20227908600.0,212220811030.0,2.32961,0.02702347,2.702347
2020-02-13,000852.XSHG,中证1000,5758.92,5782.57,5690.01,5707.53,5754.26,22191619700.0,234650257291.4,-0.812094,0.01608547,1.608547
2020-02-14,000852.XSHG,中证1000,5696.1,5783.64,5677.79,5727.83,5707.53,19967995500.0,213876159031.0,0.35567,0.01854568,1.854568
2020-02-17,000852.XSHG,中证1000,5766.55,5936.48,5766.55,5936.48,5727.83,22891479400.0,242894906805.1,3.642741,0.02966743,2.966743
2020-02-18,000852.XSHG,中证1000,5948.65,6072.19,5940.62,6072.19,5936.48,25409939100.0,275800965332.2,2.286035,0.02216297,2.216297
2020-02-19,000852.XSHG,中证1000,6058.69,6113.87,6018.05,6018.05,6072.19,25932033000.0,289044889829.0,-0.891606,0.01578014,1.578014
2020-02-20,000852.XSHG,中证1000,6032.4,6135.35,5979.05,6134.39,6018.05,24895394200.0,271785954512.3,1.933184,0.02597187,2.597187
2020-02-21,000852.XSHG,中证1000,6141.79,6278.48,6136.08,6243.48,6134.39,27776725800.0,310673738092.2,1.778335,0.02321339,2.321339
2020-02-24,000852.XSHG,中证1000,6254.32,6399.3,6236.09,6380.41,6243.48,29829951400.0,343773410543.4,2.193168,0.02614087,2.614087
2020-02-25,000852.XSHG,中证1000,6233.52,6420.35,6096.15,6407.14,6380.41,34823976600.0,395393684964.8,0.418939,0.05081178,5.081178
2020-02-26,000852.XSHG,中证1000,6315.33,6388.06,6200.26,6221.84,6407.14,32709303500.0,348120245541.5,-2.892086,0.02931105,2.931105
2020-02-27,000852.XSHG,中证1000,6254.39,6321.12,6135.95,6232.09,6221.84,26802921600.0,282370521849.7,0.164742,0.02976129,2.976129
2020-02-28,000852.XSHG,中证1000,5999.21,6091.69,5870.91,5870.97,6232.09,28461592800.0,287562561995.7,-5.794525,0.03542632,3.542632
2020-03-02,000852.XSHG,中证1000,5946.83,6143.73,5931.04,6113.41,5870.97,24586545700.0,253459829409.8,4.129471,0.0362274,3.62274
2020-03-03,000852.XSHG,中证1000,6225.96,6322.27,6132.71,6195.89,6113.41,29409319600.0,307524313165.4,1.349165,0.03100724,3.100724
2020-03-04,000852.XSHG,中证1000,6146.77,6231.64,6101.05,6226.53,6195.89,25445405400.0,255394345474.0,0.494521,0.02107688,2.107688
2020-03-05,000852.XSHG,中证1000,6312.43,6327.54,6248.98,6315.83,6226.53,29607977600.0,291549028794.5,1.434186,0.01261698,1.261698
2020-03-06,000852.XSHG,中证1000,6236.26,6344.08,6225.7,6296.74,6315.83,26626312800.0,254972181156.8,-0.302256,0.01874338,1.874338
2020-03-09,000852.XSHG,中证1000,6198.2,6239.25,6049.62,6049.62,6296.74,28718449000.0,282561225683.9,-3.92457,0.03011558,3.011558
2020-03-10,000852.XSHG,中证1000,5965.36,6206.41,5902.39,6206.41,6049.62,28539620000.0,281697179890.2,2.591733,0.0502544,5.02544
2020-03-11,000852.XSHG,中证1000,6219.93,6268.94,6122.91,6122.91,6206.41,26457680600.0,263523061377.8,-1.345383,0.0235289,2.35289
2020-03-12,000852.XSHG,中证1000,6026.06,6071.62,5938.93,5999.64,6122.91,21964603700.0,213040444575.2,-2.013258,0.02167107,2.167107
2020-03-13,000852.XSHG,中证1000,5681.59,5999.77,5681.59,5945.46,5999.64,25119164100.0,242885912820.0,-0.903054,0.05303318,5.303318
2020-03-16,000852.XSHG,中证1000,5999.54,6007.26,5638.39,5657.77,5945.46,24660465200.0,242635524304.8,-4.838818,0.0620423,6.20423
2020-03-17,000852.XSHG,中证1000,5707.42,5756.2,5436.6,5642.92,5657.77,20715772400.0,196893927134.6,-0.262471,0.05648869,5.648869
2020-03-18,000852.XSHG,中证1000,5702.17,5804.3,5556.11,5556.11,5642.92,20511482900.0,208457587163.4,-1.538388,0.04398255,4.398255
2020-03-19,000852.XSHG,中证1000,5552.51,5641.04,5453.04,5617.19,5556.11,19081576100.0,188376962928.1,1.09933,0.03383662,3.383662
2020-03-20,000852.XSHG,中证1000,5676.97,5688.95,5574.62,5670.47,5617.19,17274400000.0,174169396391.1,0.948517,0.02035359,2.035359
2020-03-23,000852.XSHG,中证1000,5514.93,5575.53,5398.95,5416.57,5670.47,17033839300.0,164487504594.5,-4.477583,0.03114028,3.114028
2020-03-24,000852.XSHG,中证1000,5522.18,5535.93,5344.42,5517.26,5416.57,17545230600.0,170351799545.8,1.858925,0.03535632,3.535632
2020-03-25,000852.XSHG,中证1000,5632.41,5652.43,5589.96,5646.63,5517.26,18211481100.0,173826281069.6,2.344823,0.01132265,1.132265
2020-03-26,000852.XSHG,中证1000,5606.63,5666.13,5582.93,5595.43,5646.63,16599923400.0,156197376316.9,-0.906736,0.01473445,1.473445
2020-03-27,000852.XSHG,中证1000,5659.59,5665.62,5550.54,5553.61,5595.43,15439184200.0,148738322871.5,-0.747396,0.02056678,2.056678
2020-03-30,000852.XSHG,中证1000,5472.15,5472.15,5362.8,5415.41,5553.61,15955046300.0,152032095018.1,-2.488471,0.0196899,1.96899
2020-03-31,000852.XSHG,中证1000,5465.37,5479.02,5414.31,5427.13,5415.41,14180952400.0,134577123555.2,0.216419,0.01194923,1.194923
2020-04-01,000852.XSHG,中证1000,5413.55,5491.47,5391.54,5403.3,5427.13,14726358200.0,141779249942.6,-0.43909,0.01841305,1.841305
2020-04-02,000852.XSHG,中证1000,5376.66,5538.6,5367.57,5538.6,5403.3,14593875900.0,145762147823.5,2.504025,0.03165288,3.165288
2020-04-03,000852.XSHG,中证1000,5525.77,5558.38,5482.06,5507.12,5538.6,14057768900.0,142765023765.7,-0.568375,0.01377966,1.377966
2020-04-07,000852.XSHG,中证1000,5605.27,5697.76,5599.82,5695.17,5507.12,17892414200.0,176686381425.6,3.41467,0.01778425,1.778425
2020-04-08,000852.XSHG,中证1000,5673.34,5739.3,5661.95,5718.13,5695.17,18330136700.0,176221119094.6,0.403149,0.01358168,1.358168
2020-04-09,000852.XSHG,中证1000,5750.89,5802.65,5740.03,5789.26,5718.13,18252476100.0,171622575708.6,1.243938,0.01095113,1.095113
2020-04-10,000852.XSHG,中证1000,5787.54,5787.54,5619.7,5637.53,5789.26,19147239800.0,182471017554.0,-2.620888,0.02899162,2.899162
2020-04-13,000852.XSHG,中证1000,5590.32,5613.41,5542.57,5578.86,5637.53,13932857200.0,131715042982.0,-1.040704,0.01256579,1.256579
2020-04-14,000852.XSHG,中证1000,5605.91,5692.0,5599.91,5692.0,5578.86,14234415900.0,141850181136.2,2.028013,0.01650696,1.650696
2020-04-15,000852.XSHG,中证1000,5689.73,5720.42,5655.22,5657.95,5692.0,16440192700.0,163166374510.7,-0.598208,0.01145467,1.145467
2020-04-16,000852.XSHG,中证1000,5626.84,5711.72,5617.05,5700.96,5657.95,15629419700.0,156510143337.5,0.760169,0.01673221,1.673221
2020-04-17,000852.XSHG,中证1000,5735.9,5764.79,5702.01,5710.05,5700.96,18555204900.0,188354568942.3,0.159447,0.01101218,1.101218
2020-04-20,000852.XSHG,中证1000,5722.73,5803.4,5714.32,5803.4,5710.05,16367996800.0,166394712722.0,1.634837,0.01560056,1.560056
2020-04-21,000852.XSHG,中证1000,5780.86,5780.86,5711.17,5773.01,5803.4,17500151900.0,174277551264.5,-0.523659,0.01200848,1.200848
2020-04-22,000852.XSHG,中证1000,5721.53,5826.58,5710.81,5826.56,5773.01,16843960500.0,163030609781.5,0.927592,0.02005366,2.005366
2020-04-23,000852.XSHG,中证1000,5841.4,5846.38,5789.1,5789.48,5826.56,18788635000.0,183378206088.6,-0.636396,0.00983084,0.983084
2020-04-24,000852.XSHG,中证1000,5782.29,5784.11,5654.22,5675.51,5789.48,18157207700.0,169234196142.0,-1.968571,0.02243552,2.243552
2020-04-27,000852.XSHG,中证1000,5675.57,5699.77,5617.52,5645.66,5675.51,14687442700.0,138599116359.6,-0.525944,0.01449209,1.449209
2020-04-28,000852.XSHG,中证1000,5641.29,5644.35,5395.57,5561.2,5645.66,18395212800.0,169968465709.8,-1.496016,0.04406571,4.406571
2020-04-29,000852.XSHG,中证1000,5533.0,5600.76,5524.87,5547.63,5561.2,14372431500.0,132053812507.8,-0.244012,0.01364634,1.364634
2020-04-30,000852.XSHG,中证1000,5572.57,5695.21,5572.57,5678.17,5547.63,16018605600.0,161685978400.0,2.353077,0.02210674,2.210674
2020-05-06,000852.XSHG,中证1000,5636.87,5802.46,5632.03,5802.42,5678.17,16051535100.0,168544766034.4,2.188205,0.03001495,3.001495
2020-05-07,000852.XSHG,中证1000,5809.54,5837.33,5787.61,5795.87,5802.42,16231627500.0,167389808202.4,-0.112884,0.00856884,0.856884
2020-05-08,000852.XSHG,中证1000,5825.74,5886.0,5822.81,5862.77,5795.87,16139258500.0,165949771132.9,1.15427,0.01090259,1.090259
2020-05-11,000852.XSHG,中证1000,5892.57,5902.16,5813.67,5851.8,5862.77,15806533600.0,163332597984.2,-0.187113,0.01509355,1.509355
2020-05-12,000852.XSHG,中证1000,5847.7,5869.59,5780.09,5869.51,5851.8,14183568700.0,147147225539.1,0.302642,0.01529444,1.529444
2020-05-13,000852.XSHG,中证1000,5849.46,5923.26,5835.33,5917.03,5869.51,13957827800.0,147515060093.6,0.809608,0.01498081,1.498081
2020-05-14,000852.XSHG,中证1000,5889.14,5915.61,5861.78,5863.24,5917.03,15897422600.0,160866269779.2,-0.909071,0.00909747,0.909747
2020-05-15,000852.XSHG,中证1000,5886.78,5924.77,5859.9,5889.98,5863.24,15518782700.0,166475103474.1,0.456062,0.01106385,1.106385
2020-05-18,000852.XSHG,中证1000,5905.92,5916.71,5841.72,5860.04,5889.98,17578597700.0,189759008664.8,-0.508321,0.01273179,1.273179
2020-05-19,000852.XSHG,中证1000,5896.15,5936.66,5886.9,5936.6,5860.04,15177916900.0,167009746139.6,1.306476,0.00849141,0.849141
2020-05-20,000852.XSHG,中证1000,5928.47,5928.47,5844.58,5865.84,5936.6,16171783700.0,180294652740.9,-1.191928,0.01413098,1.413098
2020-05-21,000852.XSHG,中证1000,5878.72,5883.78,5780.11,5791.64,5865.84,15229310200.0,158337084694.1,-1.264951,0.01767351,1.767351
2020-05-22,000852.XSHG,中证1000,5782.62,5782.66,5643.4,5684.0,5791.64,14384488000.0,145612134935.9,-1.858541,0.024045,2.4045
2020-05-25,000852.XSHG,中证1000,5674.3,5691.14,5640.28,5671.97,5684.0,11587360800.0,120563570978.3,-0.211647,0.00894792,0.894792
2020-05-26,000852.XSHG,中证1000,5690.4,5808.55,5690.4,5808.55,5671.97,12507948300.0,132765358164.7,2.407982,0.02083051,2.083051
2020-05-27,000852.XSHG,中证1000,5813.98,5817.06,5758.18,5772.08,5808.55,14594459900.0,150578071941.3,-0.627868,0.01013678,1.013678
2020-05-28,000852.XSHG,中证1000,5769.79,5790.18,5675.49,5758.93,5772.08,14901188000.0,149103385995.7,-0.227821,0.01986979,1.986979
2020-05-29,000852.XSHG,中证1000,5744.23,5834.62,5732.38,5816.4,5758.93,14623470200.0,150136748133.7,0.997928,0.0177533,1.77533
2020-06-01,000852.XSHG,中证1000,5855.33,5996.42,5855.33,5993.79,5816.4,18280449000.0,188451522805.3,3.049825,0.02425727,2.425727
2020-06-02,000852.XSHG,中证1000,6012.57,6021.27,5978.77,6002.84,5993.79,19495480300.0,197788386661.4,0.15099,0.00709067,0.709067
2020-06-03,000852.XSHG,中证1000,6010.41,6043.1,5987.57,5994.64,6002.84,19295477800.0,195243573258.8,-0.136602,0.00925062,0.925062
2020-06-04,000852.XSHG,中证1000,6004.46,6016.12,5973.2,6006.76,5994.64,17202779400.0,168485470617.5,0.202181,0.00715973,0.715973
2020-06-05,000852.XSHG,中证1000,6009.88,6029.0,5970.15,6015.33,6006.76,16312324600.0,161508818261.0,0.142673,0.0097973,0.97973
2020-06-08,000852.XSHG,中证1000,6039.25,6049.86,5993.17,6001.43,6015.33,15746971000.0,163815206139.0,-0.231076,0.00942425,0.942425
2020-06-09,000852.XSHG,中证1000,6005.84,6042.36,5979.23,6042.34,6001.43,14730507700.0,152026368627.0,0.681671,0.01051916,1.051916
2020-06-10,000852.XSHG,中证1000,6033.49,6049.69,6007.98,6049.32,6042.34,14567019900.0,151981628039.4,0.115518,0.00690295,0.690295
2020-06-11,000852.XSHG,中证1000,6050.12,6107.34,5999.51,6027.41,6049.32,16128105100.0,172161069637.3,-0.362189,0.01782514,1.782514
2020-06-12,000852.XSHG,中证1000,5901.07,6058.77,5888.23,6031.17,6027.41,15871794200.0,167290673675.3,0.062382,0.02829408,2.829408
2020-06-15,000852.XSHG,中证1000,6031.09,6106.45,6028.94,6028.96,6031.17,16908477300.0,189672191798.5,-0.036643,0.01285157,1.285157
2020-06-16,000852.XSHG,中证1000,6076.6,6151.69,6064.26,6151.69,6028.96,16001462000.0,180425933242.7,2.035674,0.01450167,1.450167
2020-06-17,000852.XSHG,中证1000,6160.2,6178.14,6124.22,6178.14,6151.69,17353970400.0,193744325678.8,0.429963,0.00876507,0.876507
2020-06-18,000852.XSHG,中证1000,6168.05,6168.24,6121.07,6149.29,6178.14,16211222500.0,183028638086.9,-0.466969,0.00763498,0.763498
2020-06-19,000852.XSHG,中证1000,6147.88,6198.05,6140.52,6187.11,6149.29,15220599300.0,173462469210.6,0.61503,0.00935555,0.935555
2020-06-22,000852.XSHG,中证1000,6204.5,6246.05,6204.5,6228.02,6187.11,16094475400.0,192810179290.1,0.661213,0.00671557,0.671557
2020-06-23,000852.XSHG,中证1000,6229.65,6245.15,6196.69,6238.9,6228.02,15236380800.0,181644238940.9,0.174694,0.00778096,0.778096
2020-06-24,000852.XSHG,中证1000,6242.56,6258.83,6210.97,6227.57,6238.9,14454046900.0,178738787191.4,-0.181603,0.00767122,0.767122
2020-06-29,000852.XSHG,中证1000,6214.88,6233.27,6190.41,6211.38,6227.57,14340756700.0,173959852927.0,-0.259973,0.0068823,0.68823
2020-06-30,000852.XSHG,中证1000,6239.61,6330.09,6236.64,6319.56,6211.38,14458378400.0,181632340549.0,1.741642,0.01504497,1.504497
2020-07-01,000852.XSHG,中证1000,6341.54,6357.1,6267.14,6339.37,6319.56,17610873900.0,213263391850.0,0.313471,0.01423517,1.423517
2020-07-02,000852.XSHG,中证1000,6341.95,6416.96,6316.96,6413.95,6339.37,20817193800.0,241364270934.0,1.176458,0.01577444,1.577444
2020-07-03,000852.XSHG,中证1000,6424.09,6479.25,6397.51,6478.35,6413.95,22104809600.0,249939764522.0,1.004061,0.0127441,1.27441
2020-07-06,000852.XSHG,中证1000,6516.92,6732.62,6516.92,6726.0,6478.35,30489018600.0,331901734647.6,3.822733,0.03329552,3.329552
2020-07-07,000852.XSHG,中证1000,6784.82,6917.54,6711.31,6817.87,6726.0,33120512400.0,374657718480.5,1.365894,0.03066161,3.066161
2020-07-08,000852.XSHG,中证1000,6817.83,6974.0,6769.21,6974.0,6817.87,30388302500.0,351470291290.7,2.290011,0.03003724,3.003724
2020-07-09,000852.XSHG,中证1000,6976.72,7187.76,6972.0,7182.18,6974.0,34443886800.0,406142789421.0,2.985087,0.03093777,3.093777
2020-07-10,000852.XSHG,中证1000,7161.62,7238.38,7105.76,7150.42,7182.18,31690907900.0,379011160072.8,-0.442206,0.01846515,1.846515
2020-07-13,000852.XSHG,中证1000,7179.97,7403.09,7179.97,7403.09,7150.42,31554426400.0,381440417136.8,3.533639,0.03120376,3.120376
2020-07-14,000852.XSHG,中证1000,7412.27,7447.51,7201.49,7344.99,7403.09,33432813100.0,411063726681.7,-0.784807,0.03323207,3.323207
2020-07-15,000852.XSHG,中证1000,7355.56,7368.0,7096.58,7131.46,7344.99,30730102100.0,366699098039.3,-2.907152,0.03695308,3.695308
2020-07-16,000852.XSHG,中证1000,7130.04,7165.77,6748.5,6758.14,7131.46,28075548500.0,324154549373.4,-5.234833,0.05851116,5.851116
2020-07-17,000852.XSHG,中证1000,6759.1,6885.85,6690.45,6772.53,6758.14,20817642400.0,240558176771.8,0.212928,0.02891328,2.891328
2020-07-20,000852.XSHG,中证1000,6851.32,7003.67,6789.31,7003.67,6772.53,21945062200.0,252685853789.9,3.412905,0.03165139,3.165139
2020-07-21,000852.XSHG,中证1000,7026.98,7067.32,6977.47,7058.79,7003.67,21753656200.0,252381394451.2,0.787016,0.01282899,1.282899
2020-07-22,000852.XSHG,中证1000,7050.4,7181.19,7020.55,7125.57,7058.79,22849891600.0,272397056867.9,0.946054,0.02275744,2.275744
2020-07-23,000852.XSHG,中证1000,7068.4,7130.45,6921.19,7119.67,7125.57,24478342900.0,288563974957.1,-0.0828,0.02936748,2.936748
2020-07-24,000852.XSHG,中证1000,7098.51,7133.7,6766.51,6784.63,7119.67,26548176700.0,311932207621.7,-4.705836,0.05157402,5.157402
2020-07-27,000852.XSHG,中证1000,6807.98,6839.83,6717.32,6786.53,6784.63,19146445900.0,220049471286.6,0.028004,0.01805699,1.805699
2020-07-28,000852.XSHG,中证1000,6835.56,6886.44,6796.82,6857.94,6786.53,18486789000.0,212545887890.5,1.052231,0.01320557,1.320557
2020-07-29,000852.XSHG,中证1000,6843.84,7060.53,6816.31,7060.53,6857.94,20431274300.0,238009412507.2,2.954094,0.03561128,3.561128
2020-07-30,000852.XSHG,中证1000,7082.72,7107.48,7029.02,7048.98,7060.53,23419873500.0,268238848253.9,-0.163585,0.01111248,1.111248
2020-07-31,000852.XSHG,中证1000,7030.31,7143.59,6997.63,7141.59,7048.98,23233124800.0,270041731957.4,1.313807,0.02070654,2.070654
2020-08-03,000852.XSHG,中证1000,7204.17,7373.36,7193.07,7373.34,7141.59,27395145500.0,323209869610.3,3.245076,0.02524508,2.524508
2020-08-04,000852.XSHG,中证1000,7398.99,7406.26,7296.12,7326.19,7373.34,27623209900.0,331413494398.8,-0.639466,0.0149376,1.49376
2020-08-05,000852.XSHG,中证1000,7340.55,7442.39,7284.67,7427.19,7326.19,24641110500.0,301601517029.5,1.378616,0.02152824,2.152824
2020-08-06,000852.XSHG,中证1000,7425.55,7457.16,7309.36,7432.77,7427.19,25452674700.0,315215469195.9,0.075129,0.01989985,1.989985
2020-08-07,000852.XSHG,中证1000,7407.68,7417.09,7209.94,7339.81,7432.77,24394617000.0,304012182082.6,-1.250678,0.02786983,2.786983
2020-08-10,000852.XSHG,中证1000,7319.54,7414.1,7288.75,7358.86,7339.81,22589291400.0,284390438387.3,0.259544,0.0170781,1.70781
2020-08-11,000852.XSHG,中证1000,7358.73,7377.82,7203.79,7213.45,7358.86,22992796400.0,279826494465.3,-1.975985,0.02364904,2.364904
2020-08-12,000852.XSHG,中证1000,7176.89,7196.28,6932.3,7092.36,7213.45,21072632200.0,250760812109.1,-1.67867,0.03659553,3.659553
2020-08-13,000852.XSHG,中证1000,7112.34,7158.95,7076.78,7113.93,7092.36,19126992600.0,210659776102.4,0.30413,0.01158571,1.158571
2020-08-14,000852.XSHG,中证1000,7103.07,7183.96,7058.54,7183.96,7113.93,17575777400.0,196519348386.1,0.984407,0.0176302,1.76302
2020-08-17,000852.XSHG,中证1000,7206.38,7339.69,7194.12,7339.69,7183.96,20719241100.0,243906635356.9,2.167746,0.0202632,2.02632
2020-08-18,000852.XSHG,中证1000,7348.42,7422.14,7339.89,7410.24,7339.69,21555541300.0,260025317327.8,0.961212,0.0112062,1.12062
2020-08-19,000852.XSHG,中证1000,7397.88,7397.88,7248.89,7256.13,7410.24,21678439200.0,253768040210.1,-2.07969,0.02010596,2.010596
2020-08-20,000852.XSHG,中证1000,7196.35,7257.01,7126.04,7151.26,7256.13,18339677300.0,206434705746.9,-1.445261,0.01804957,1.804957
2020-08-21,000852.XSHG,中证1000,7182.3,7244.16,7137.05,7194.27,7151.26,17377455300.0,198408317869.1,0.601432,0.01497778,1.497778
2020-08-24,000852.XSHG,中证1000,7212.53,7267.09,7119.94,7253.64,7194.27,16755194200.0,198458102808.9,0.82524,0.02045378,2.045378
2020-08-25,000852.XSHG,中证1000,7258.01,7283.28,7188.17,7213.68,7253.64,19511571200.0,224709858688.3,-0.550896,0.01311204,1.311204
2020-08-26,000852.XSHG,中证1000,7209.51,7211.3,7010.08,7037.98,7213.68,19985957600.0,228341901649.3,-2.43565,0.02789422,2.789422
2020-08-27,000852.XSHG,中证1000,7041.52,7125.88,6998.03,7113.8,7037.98,17155919500.0,195256207912.6,1.077298,0.01816572,1.816572
2020-08-28,000852.XSHG,中证1000,7102.27,7208.41,7083.13,7204.78,7113.8,17471327700.0,205452187190.8,1.278923,0.01761084,1.761084
2020-08-31,000852.XSHG,中证1000,7238.66,7308.6,7221.55,7224.05,7204.78,18476684100.0,226598185929.9,0.267461,0.01208226,1.208226
2020-09-01,000852.XSHG,中证1000,7216.65,7258.89,7169.4,7258.89,7224.05,16407265100.0,193143478010.4,0.482278,0.01238779,1.238779
2020-09-02,000852.XSHG,中证1000,7270.95,7301.27,7197.21,7272.62,7258.89,19925596700.0,222937861246.0,0.189147,0.01433553,1.433553
2020-09-03,000852.XSHG,中证1000,7263.6,7265.9,7165.77,7189.86,7272.62,18986375600.0,213757371591.3,-1.137967,0.01376808,1.376808
2020-09-04,000852.XSHG,中证1000,7064.28,7189.13,7045.55,7182.11,7189.86,17063784900.0,195514690533.2,-0.107791,0.01996979,1.996979
2020-09-07,000852.XSHG,中证1000,7189.97,7240.05,7027.92,7057.19,7182.11,21125997700.0,240337422032.8,-1.739322,0.02953589,2.953589
2020-09-08,000852.XSHG,中证1000,7070.68,7108.65,6981.57,7103.09,7057.19,21091053700.0,222397705268.8,0.650401,0.01800717,1.800717
2020-09-09,000852.XSHG,中证1000,7023.3,7034.49,6871.77,6877.6,7103.09,25871490900.0,263183141593.5,-3.174534,0.02290834,2.290834
2020-09-10,000852.XSHG,中证1000,6921.46,6938.08,6615.56,6633.89,6877.6,21505764300.0,209888700655.7,-3.543533,0.04689427,4.689427
2020-09-11,000852.XSHG,中证1000,6592.9,6746.17,6591.31,6742.06,6633.89,15113992800.0,153052036936.1,1.630567,0.02334377,2.334377
2020-09-14,000852.XSHG,中证1000,6781.7,6871.05,6762.24,6848.36,6742.06,17106521100.0,181353457241.9,1.576669,0.01613898,1.613898
2020-09-15,000852.XSHG,中证1000,6861.03,6883.02,6818.22,6881.59,6848.36,15449797100.0,169021320860.5,0.485226,0.00946212,0.946212
2020-09-16,000852.XSHG,中证1000,6871.07,6871.07,6777.43,6812.91,6881.59,13682944900.0,147270154898.9,-0.998025,0.01360732,1.360732
2020-09-17,000852.XSHG,中证1000,6800.35,6876.01,6746.22,6825.15,6812.91,13896366100.0,154602836221.5,0.179659,0.0190506,1.90506
2020-09-18,000852.XSHG,中证1000,6822.97,6933.66,6811.9,6929.77,6825.15,15199457400.0,168901949857.6,1.53286,0.0178399,1.78399
2020-09-21,000852.XSHG,中证1000,6951.75,6975.13,6912.04,6927.19,6929.77,14768931400.0,167830648575.1,-0.037231,0.0091042,0.91042
2020-09-22,000852.XSHG,中证1000,6862.34,6912.1,6793.68,6815.78,6927.19,13553451700.0,149668907423.0,-1.6083,0.01709495,1.709495
2020-09-23,000852.XSHG,中证1000,6839.47,6881.48,6805.13,6862.97,6815.78,11854065800.0,140615004126.3,0.692364,0.01120195,1.120195
2020-09-24,000852.XSHG,中证1000,6814.01,6814.01,6675.06,6675.15,6862.97,13126805100.0,144666426785.2,-2.736716,0.02024634,2.024634
2020-09-25,000852.XSHG,中证1000,6703.62,6717.24,6604.67,6634.39,6675.15,10341091500.0,120179722129.2,-0.610623,0.01686404,1.686404
2020-09-28,000852.XSHG,中证1000,6649.18,6660.18,6550.0,6550.37,6634.39,9626415400.0,111085958507.5,-1.266431,0.0166074,1.66074
2020-09-29,000852.XSHG,中证1000,6585.18,6651.74,6562.82,6621.03,6550.37,9505152300.0,114719731017.0,1.078718,0.01357481,1.357481
2020-09-30,000852.XSHG,中证1000,6641.38,6665.88,6584.89,6617.16,6621.03,9501852900.0,111390909429.5,-0.05845,0.01223224,1.223224
2020-10-09,000852.XSHG,中证1000,6737.53,6828.98,6727.39,6822.36,6617.16,12697323700.0,150455877357.6,3.101028,0.01535251,1.535251
2020-10-12,000852.XSHG,中证1000,6881.63,7036.28,6875.7,7036.28,6822.36,17126716100.0,211054929392.6,3.135572,0.02353731,2.353731
2020-10-13,000852.XSHG,中证1000,7023.44,7059.24,6989.67,7053.87,7036.28,14558491100.0,182425638779.2,0.24999,0.00988733,0.988733
2020-10-14,000852.XSHG,中证1000,7036.87,7036.87,6975.19,6988.61,7053.87,13833573300.0,177624661641.4,-0.925166,0.00874414,0.874414
2020-10-15,000852.XSHG,中证1000,6991.74,6992.29,6924.19,6926.85,6988.61,12956364100.0,160593829402.2,-0.883724,0.00974443,0.974443
2020-10-16,000852.XSHG,中证1000,6924.81,6942.63,6846.17,6906.39,6926.85,11639218400.0,143600861869.2,-0.295372,0.01392552,1.392552
2020-10-19,000852.XSHG,中证1000,6943.8,6947.95,6843.0,6858.36,6906.39,12008458500.0,148409262803.6,-0.695443,0.01519607,1.519607
2020-10-20,000852.XSHG,中证1000,6846.36,6923.38,6804.84,6923.38,6858.36,11372651200.0,136913522800.6,0.94804,0.01728402,1.728402
2020-10-21,000852.XSHG,中证1000,6926.53,6926.69,6793.49,6815.09,6923.38,11578726600.0,143322048505.9,-1.56412,0.01923916,1.923916
2020-10-22,000852.XSHG,中证1000,6788.0,6800.04,6714.15,6771.81,6815.09,10766059600.0,130130456670.8,-0.635061,0.01260292,1.260292
2020-10-23,000852.XSHG,中证1000,6774.77,6811.33,6627.7,6641.33,6771.81,11070876000.0,137054187179.5,-1.926811,0.02711683,2.711683
2020-10-26,000852.XSHG,中证1000,6620.19,6674.57,6545.79,6648.52,6641.33,9866145200.0,119290491537.8,0.108261,0.01939069,1.939069
2020-10-27,000852.XSHG,中证1000,6630.72,6689.03,6620.09,6682.54,6648.52,10070702600.0,122904862743.0,0.511693,0.01036923,1.036923
2020-10-28,000852.XSHG,中证1000,6680.44,6700.47,6589.77,6685.43,6682.54,11534988000.0,139876950149.2,0.043247,0.01656556,1.656556
2020-10-29,000852.XSHG,中证1000,6592.89,6698.72,6573.7,6674.74,6685.43,11617539900.0,142806407410.9,-0.1599,0.01870037,1.870037
2020-10-30,000852.XSHG,中证1000,6685.59,6694.52,6502.12,6511.16,6674.74,13654516100.0,165146549974.8,-2.450732,0.02882509,2.882509
2020-11-02,000852.XSHG,中证1000,6517.42,6537.32,6461.71,6513.79,6511.16,12318731500.0,150018713993.2,0.040392,0.01161237,1.161237
2020-11-03,000852.XSHG,中证1000,6538.28,6647.58,6518.66,6647.58,6513.79,12533956300.0,153123644964.6,2.05395,0.01979186,1.979186
2020-11-04,000852.XSHG,中证1000,6652.58,6658.58,6585.8,6632.68,6647.58,11303355200.0,138683943106.3,-0.224142,0.01094835,1.094835
2020-11-05,000852.XSHG,中证1000,6685.2,6756.9,6665.81,6754.95,6632.68,13653462900.0,164787764964.1,1.843448,0.01373351,1.373351
2020-11-06,000852.XSHG,中证1000,6771.18,6771.18,6645.57,6688.66,6754.95,13860816500.0,168933507628.3,-0.981354,0.01859525,1.859525
2020-11-09,000852.XSHG,中证1000,6723.43,6873.44,6723.43,6851.98,6688.66,16767402900.0,208255330863.3,2.441745,0.02242751,2.242751
2020-11-10,000852.XSHG,中证1000,6854.7,6854.77,6747.74,6779.49,6851.98,14637042100.0,183639146536.6,-1.057942,0.0156203,1.56203
2020-11-11,000852.XSHG,中证1000,6761.35,6771.53,6659.28,6663.73,6779.49,13092531400.0,161158470907.5,-1.707503,0.01655729,1.655729
2020-11-12,000852.XSHG,中证1000,6680.2,6702.3,6647.77,6676.42,6663.73,11264188100.0,137048414058.9,0.190434,0.0081831,0.81831
2020-11-13,000852.XSHG,中证1000,6663.22,6700.2,6621.5,6686.39,6676.42,10934500500.0,138023818672.8,0.149332,0.01178775,1.178775
2020-11-16,000852.XSHG,中证1000,6703.18,6747.81,6668.42,6747.81,6686.39,13565261300.0,159852458499.4,0.918582,0.01187337,1.187337
2020-11-17,000852.XSHG,中证1000,6743.87,6743.87,6637.52,6681.72,6747.81,14332109700.0,167286791677.3,-0.979429,0.01576067,1.576067
2020-11-18,000852.XSHG,中证1000,6673.6,6723.61,6653.65,6682.12,6681.72,13444633200.0,151152448723.3,0.005986,0.01047036,1.047036
2020-11-19,000852.XSHG,中证1000,6664.83,6725.49,6625.09,6718.46,6682.12,13493180500.0,154146748463.8,0.543839,0.01502517,1.502517
2020-11-20,000852.XSHG,中证1000,6713.65,6770.06,6701.49,6766.06,6718.46,13316745900.0,152519866839.2,0.708496,0.01020621,1.020621
2020-11-23,000852.XSHG,中证1000,6776.24,6833.62,6738.65,6807.72,6766.06,16603051000.0,183405820139.9,0.61572,0.01403623,1.403623
2020-11-24,000852.XSHG,中证1000,6798.83,6827.47,6785.25,6808.0,6807.72,14345651700.0,167896340684.5,0.004113,0.00620178,0.620178
2020-11-25,000852.XSHG,中证1000,6816.23,6817.76,6691.87,6691.87,6808.0,15166724900.0,170841521047.3,-1.705787,0.01849148,1.849148
2020-11-26,000852.XSHG,中证1000,6678.14,6693.87,6597.77,6643.18,6691.87,12494830600.0,142739211668.7,-0.727599,0.01436071,1.436071
2020-11-27,000852.XSHG,中证1000,6639.6,6644.35,6578.72,6641.77,6643.18,11905461800.0,133606292308.3,-0.021225,0.0098793,0.98793
2020-11-30,000852.XSHG,中证1000,6642.15,6674.26,6591.69,6622.36,6641.77,13080534200.0,149582267263.0,-0.292241,0.01243193,1.243193
2020-12-01,000852.XSHG,中证1000,6608.62,6717.25,6600.73,6713.23,6622.36,13454604200.0,147694519564.5,1.372169,0.01759494,1.759494
2020-12-02,000852.XSHG,中证1000,6712.89,6741.54,6699.75,6735.71,6713.23,14938445700.0,161755616286.2,0.334861,0.00622502,0.622502
2020-12-03,000852.XSHG,中证1000,6726.26,6736.42,6679.52,6711.84,6735.71,13720424700.0,147926078226.7,-0.35438,0.00844751,0.844751
2020-12-04,000852.XSHG,中证1000,6700.69,6755.58,6688.63,6746.63,6711.84,11900514700.0,135066144026.6,0.518338,0.00997491,0.997491
2020-12-07,000852.XSHG,中证1000,6760.1,6770.84,6731.68,6733.0,6746.63,13005096600.0,147139608234.3,-0.202027,0.00580438,0.580438
2020-12-08,000852.XSHG,中证1000,6735.23,6753.7,6720.6,6734.37,6733.0,11955885300.0,138808514326.6,0.020348,0.00491608,0.491608
2020-12-09,000852.XSHG,中证1000,6734.12,6736.17,6602.52,6602.52,6734.37,14074752900.0,158766773325.5,-1.957867,0.01984595,1.984595
2020-12-10,000852.XSHG,中证1000,6576.06,6647.45,6552.11,6605.19,6602.52,12084997900.0,137778936148.5,0.040439,0.01443994,1.443994
2020-12-11,000852.XSHG,中证1000,6610.55,6617.44,6441.29,6498.24,6605.19,14458634500.0,160582018029.4,-1.619181,0.02666842,2.666842
2020-12-14,000852.XSHG,中证1000,6493.65,6578.41,6459.92,6576.82,6498.24,11649276600.0,140696279119.6,1.209251,0.01823417,1.823417
2020-12-15,000852.XSHG,中证1000,6565.5,6603.4,6548.79,6596.5,6576.82,10713478700.0,140803863118.3,0.299233,0.0083034,0.83034
2020-12-16,000852.XSHG,中证1000,6597.31,6598.93,6538.97,6543.36,6596.5,11856162000.0,144189418677.7,-0.805579,0.00908967,0.908967
2020-12-17,000852.XSHG,中证1000,6530.66,6599.11,6460.63,6597.86,6543.36,13578008400.0,163044631083.6,0.832905,0.02116344,2.116344
2020-12-18,000852.XSHG,中证1000,6604.03,6625.97,6564.18,6573.4,6597.86,13370417400.0,164303646907.4,-0.370726,0.00936516,0.936516
2020-12-21,000852.XSHG,中证1000,6576.71,6692.38,6571.59,6691.59,6573.4,14360129000.0,183389850809.3,1.798004,0.01837557,1.837557
2020-12-22,000852.XSHG,中证1000,6668.21,6684.7,6545.84,6549.97,6691.59,16141145400.0,201278428006.9,-2.116388,0.02075142,2.075142
2020-12-23,000852.XSHG,中证1000,6552.27,6615.2,6551.07,6601.24,6549.97,16301456300.0,206344944445.3,0.782752,0.00979088,0.979088
2020-12-24,000852.XSHG,中证1000,6591.79,6596.59,6484.41,6496.33,6601.24,16088658600.0,191348348673.8,-1.589247,0.01699378,1.699378
2020-12-25,000852.XSHG,中证1000,6466.35,6570.3,6454.28,6561.27,6496.33,15456350700.0,179694541061.3,0.999641,0.01785931,1.785931
2020-12-28,000852.XSHG,中证1000,6561.77,6566.65,6484.44,6519.47,6561.27,17427383900.0,199661749782.1,-0.637072,0.01252959,1.252959
2020-12-29,000852.XSHG,中证1000,6514.91,6548.71,6473.4,6477.26,6519.47,16500313900.0,190483180104.4,-0.647445,0.01155155,1.155155
2020-12-30,000852.XSHG,中证1000,6469.89,6549.38,6465.39,6526.88,6477.26,15029913400.0,175274043621.7,0.766065,0.0129669,1.29669
2020-12-31,000852.XSHG,中证1000,6536.86,6646.5,6536.86,6646.47,6526.88,15630719100.0,187774927790.1,1.832269,0.01679823,1.679823
2021-01-04,000852.XSHG,中证1000,6671.93,6809.43,6662.8,6798.76,6646.47,18320477500.0,227626018849.5,2.291291,0.02206133,2.206133
2021-01-05,000852.XSHG,中证1000,6785.52,6827.5,6726.46,6807.45,6798.76,19724755600.0,250731503474.1,0.127817,0.01486153,1.486153
2021-01-06,000852.XSHG,中证1000,6803.69,6816.26,6686.13,6724.95,6807.45,17908017300.0,234002446129.3,-1.211908,0.01911582,1.911582
2021-01-07,000852.XSHG,中证1000,6708.72,6709.07,6557.27,6616.55,6724.95,19368005100.0,238048917820.2,-1.611908,0.02257266,2.257266
2021-01-08,000852.XSHG,中证1000,6603.51,6638.86,6514.18,6585.36,6616.55,16181595000.0,208803739651.2,-0.471394,0.01884366,1.884366
2021-01-11,000852.XSHG,中证1000,6579.64,6584.22,6437.03,6475.95,6585.36,16670687200.0,214024719289.9,-1.661413,0.02235109,2.235109
2021-01-12,000852.XSHG,中证1000,6453.01,6566.14,6433.22,6564.74,6475.95,14036527100.0,187562417323.7,1.371073,0.02052517,2.052517
2021-01-13,000852.XSHG,中证1000,6567.6,6567.6,6471.78,6513.64,6564.74,16212798100.0,213667984421.6,-0.778401,0.01459616,1.459616
2021-01-14,000852.XSHG,中证1000,6488.75,6557.26,6414.74,6506.83,6513.64,14719683600.0,199066138854.3,-0.10455,0.02188024,2.188024
2021-01-15,000852.XSHG,中证1000,6496.91,6539.17,6435.46,6528.46,6506.83,13195464200.0,177611581594.5,0.33242,0.01593864,1.593864
2021-01-18,000852.XSHG,中证1000,6515.58,6655.05,6511.0,6652.1,6528.46,13739315500.0,185540404755.1,1.893862,0.02206493,2.206493
2021-01-19,000852.XSHG,中证1000,6647.95,6677.41,6602.78,6614.07,6652.1,15502935800.0,198089390336.2,-0.571699,0.01121901,1.121901
2021-01-20,000852.XSHG,中证1000,6606.73,6671.45,6584.88,6671.45,6614.07,13074877900.0,171733985227.4,0.867544,0.01308876,1.308876
2021-01-21,000852.XSHG,中证1000,6670.18,6770.87,6669.41,6745.11,6671.45,15936071300.0,203918038744.1,1.104108,0.01520809,1.520809
2021-01-22,000852.XSHG,中证1000,6736.01,6737.55,6671.29,6721.92,6745.11,15866799300.0,210019026583.0,-0.343805,0.00982341,0.982341
2021-01-25,000852.XSHG,中证1000,6710.8,6728.45,6631.69,6657.27,6721.92,16613397800.0,226714686593.8,-0.961779,0.0143947,1.43947
2021-01-26,000852.XSHG,中证1000,6630.36,6645.81,6525.38,6534.1,6657.27,14206631400.0,195248483914.8,-1.850158,0.01809,1.809
2021-01-27,000852.XSHG,中证1000,6519.45,6552.43,6449.37,6537.75,6534.1,13078977800.0,174269124030.3,0.055861,0.01577264,1.577264
2021-01-28,000852.XSHG,中证1000,6466.57,6545.72,6395.76,6399.13,6537.75,13232084300.0,166111945259.4,-2.120301,0.02293755,2.293755
2021-01-29,000852.XSHG,中证1000,6438.61,6459.34,6221.87,6304.12,6399.13,14554654400.0,178522473493.2,-1.484733,0.03710973,3.710973
2021-02-01,000852.XSHG,中证1000,6282.03,6347.17,6280.37,6345.81,6304.12,13108684700.0,155005222719.3,0.661314,0.01059624,1.059624
2021-02-02,000852.XSHG,中证1000,6351.66,6419.03,6307.81,6417.46,6345.81,12804083200.0,163105371679.5,1.129091,0.01752653,1.752653
2021-02-03,000852.XSHG,中证1000,6404.07,6404.07,6306.09,6307.39,6417.46,13119254500.0,168984844828.3,-1.715165,0.01526772,1.526772
2021-02-04,000852.XSHG,中证1000,6277.97,6295.7,6077.28,6167.75,6307.39,13959661000.0,166461911033.8,-2.213911,0.03462922,3.462922
2021-02-05,000852.XSHG,中证1000,6179.49,6214.28,6044.61,6045.3,6167.75,11979821700.0,146098526983.3,-1.985327,0.02750922,2.750922
2021-02-08,000852.XSHG,中证1000,6056.91,6122.32,6000.96,6088.82,6045.3,10357597800.0,125072578597.5,0.719898,0.0200751,2.00751
2021-02-09,000852.XSHG,中证1000,6101.68,6264.18,6097.09,6254.01,6088.82,11141685200.0,136524985713.9,2.713005,0.0274421,2.74421
2021-02-10,000852.XSHG,中证1000,6265.41,6316.79,6236.35,6303.31,6254.01,10544734800.0,135598368546.9,0.788294,0.01286215,1.286215
2021-02-18,000852.XSHG,中证1000,6405.02,6441.51,6363.2,6404.59,6303.31,13911877300.0,172637699198.9,1.606775,0.01242363,1.242363
2021-02-19,000852.XSHG,中证1000,6395.58,6527.9,6374.58,6527.65,6404.59,15549362600.0,174247205891.2,1.921434,0.02393908,2.393908
2021-02-22,000852.XSHG,中证1000,6553.91,6659.41,6534.57,6534.57,6527.65,20359418300.0,229273521252.1,0.106011,0.0191248,1.91248
2021-02-23,000852.XSHG,中证1000,6496.75,6545.54,6447.97,6489.96,6534.57,15848135800.0,177899887508.5,-0.682677,0.01493136,1.493136
2021-02-24,000852.XSHG,中证1000,6490.38,6542.28,6378.67,6437.84,6489.96,14939168500.0,174898934275.4,-0.803087,0.02520971,2.520971
2021-02-25,000852.XSHG,中证1000,6480.92,6492.42,6390.41,6399.35,6437.84,13507229300.0,150532549522.4,-0.597871,0.01584538,1.584538
2021-02-26,000852.XSHG,中证1000,6287.49,6381.32,6276.71,6325.4,6399.35,12320519500.0,138979958128.9,-1.155586,0.01634697,1.634697
2021-03-01,000852.XSHG,中证1000,6362.94,6495.19,6362.94,6495.16,6325.4,12896044000.0,148068662265.8,2.683783,0.02090777,2.090777
2021-03-02,000852.XSHG,中证1000,6518.32,6518.99,6423.95,6466.63,6495.16,13622231700.0,160394826703.2,-0.43925,0.01463243,1.463243
2021-03-03,000852.XSHG,中证1000,6456.71,6553.95,6446.84,6553.6,6466.63,13676620200.0,151718894440.7,1.344905,0.0165635,1.65635
2021-03-04,000852.XSHG,中证1000,6519.04,6534.6,6417.89,6434.89,6553.6,15019099700.0,167852363380.6,-1.811371,0.01780853,1.780853
2021-03-05,000852.XSHG,中证1000,6369.23,6484.3,6366.47,6456.28,6434.89,13990567300.0,147790494052.4,0.332407,0.01831111,1.831111
2021-03-08,000852.XSHG,中证1000,6496.21,6529.87,6327.65,6327.65,6456.28,15681183900.0,164778684708.5,-1.992324,0.03132144,3.132144
2021-03-09,000852.XSHG,中证1000,6314.35,6321.02,6035.91,6126.28,6327.65,16175322400.0,161655176836.7,-3.182382,0.0450578,4.50578
2021-03-10,000852.XSHG,中证1000,6192.15,6208.77,6069.91,6078.24,6126.28,11796339900.0,120671600122.8,-0.784163,0.02266628,2.266628
2021-03-11,000852.XSHG,中证1000,6086.09,6219.66,6055.4,6219.66,6078.24,12496407600.0,128575418352.4,2.32666,0.02702427,2.702427
2021-03-12,000852.XSHG,中证1000,6231.69,6234.34,6155.7,6220.48,6219.66,13767518300.0,136378733732.0,0.013184,0.01264378,1.264378
2021-03-15,000852.XSHG,中证1000,6204.82,6238.2,6130.4,6177.74,6220.48,13359700000.0,131813838899.9,-0.687085,0.01732985,1.732985
2021-03-16,000852.XSHG,中证1000,6182.52,6233.46,6145.52,6233.46,6177.74,13772592700.0,134210914770.3,0.901948,0.01423498,1.423498
2021-03-17,000852.XSHG,中证1000,6225.52,6283.6,6184.06,6277.58,6233.46,12550453200.0,124790972989.3,0.707793,0.01596866,1.596866
2021-03-18,000852.XSHG,中证1000,6276.8,6322.46,6268.86,6298.89,6277.58,12760111600.0,130271867769.8,0.339462,0.00853832,0.853832
2021-03-19,000852.XSHG,中证1000,6230.07,6307.22,6208.76,6250.81,6298.89,12529013800.0,128556100761.0,-0.763309,0.01563133,1.563133
2021-03-22,000852.XSHG,中证1000,6256.52,6359.67,6253.62,6359.6,6250.81,13609673900.0,138130217766.4,1.740414,0.0169658,1.69658
2021-03-23,000852.XSHG,中证1000,6364.82,6372.66,6259.8,6289.0,6359.6,14830455300.0,151761502258.3,-1.110133,0.0177464,1.77464
2021-03-24,000852.XSHG,中证1000,6249.23,6286.85,6183.2,6196.27,6289.0,13798497600.0,138421515993.0,-1.474479,0.01648116,1.648116
2021-03-25,000852.XSHG,中证1000,6172.4,6233.69,6130.25,6190.71,6196.27,12539292800.0,123533451359.0,-0.089731,0.01669391,1.669391
2021-03-26,000852.XSHG,中证1000,6198.53,6309.59,6198.53,6301.34,6190.71,12464182200.0,131109124223.5,1.787033,0.01793978,1.793978
2021-03-29,000852.XSHG,中证1000,6323.94,6364.54,6309.77,6326.61,6301.34,12644983900.0,138044294148.3,0.401026,0.0086918,0.86918
2021-03-30,000852.XSHG,中证1000,6313.48,6316.82,6268.25,6301.58,6326.61,12703021000.0,135741010151.4,-0.395631,0.0076771,0.76771
2021-03-31,000852.XSHG,中证1000,6289.6,6298.79,6252.4,6293.39,6301.58,10981059600.0,118374103733.6,-0.129967,0.00736165,0.736165
2021-04-01,000852.XSHG,中证1000,6302.56,6341.24,6286.06,6335.79,6293.39,11095929700.0,116301204287.8,0.673723,0.00876793,0.876793
2021-04-02,000852.XSHG,中证1000,6354.71,6383.46,6337.98,6361.25,6335.79,11518962400.0,127464871316.6,0.401844,0.00717827,0.717827
2021-04-06,000852.XSHG,中证1000,6376.72,6425.39,6374.72,6421.49,6361.25,11288252700.0,123752514492.4,0.946984,0.00796542,0.796542
2021-04-07,000852.XSHG,中证1000,6419.99,6422.77,6372.25,6422.76,6421.49,12513473000.0,128879006109.1,0.019777,0.00786733,0.786733
2021-04-08,000852.XSHG,中证1000,6411.03,6435.36,6387.91,6404.13,6422.76,13674180900.0,138981358807.8,-0.290062,0.00738779,0.738779
2021-04-09,000852.XSHG,中证1000,6399.15,6410.53,6378.27,6399.52,6404.13,12269098100.0,130323907325.8,-0.071985,0.00503737,0.503737
2021-04-12,000852.XSHG,中证1000,6398.51,6402.33,6251.49,6263.4,6399.52,13205254500.0,139761863766.5,-2.127035,0.02357052,2.357052
2021-04-13,000852.XSHG,中证1000,6252.71,6282.97,6216.19,6231.14,6263.4,12286997900.0,120402625057.5,-0.515056,0.01066194,1.066194
2021-04-14,000852.XSHG,中证1000,6227.25,6320.57,6225.56,6320.07,6231.14,11691981300.0,118610597390.7,1.427187,0.01524761,1.524761
2021-04-15,000852.XSHG,中证1000,6304.74,6304.79,6258.95,6296.61,6320.07,11874239700.0,117020362030.8,-0.371198,0.00725308,0.725308
2021-04-16,000852.XSHG,中证1000,6295.53,6379.97,6295.53,6368.85,6296.61,13526666200.0,134720826707.1,1.147284,0.01341039,1.341039
2021-04-19,000852.XSHG,中证1000,6368.86,6477.41,6357.5,6477.39,6368.85,14364291300.0,155002380905.9,1.704232,0.01882757,1.882757
2021-04-20,000852.XSHG,中证1000,6460.52,6506.88,6450.39,6457.63,6477.39,13972047800.0,158701516476.7,-0.305061,0.00872111,0.872111
2021-04-21,000852.XSHG,中证1000,6425.34,6470.94,6408.04,6457.71,6457.63,11947708400.0,136567826236.9,0.001239,0.00974042,0.974042
2021-04-22,000852.XSHG,中证1000,6470.46,6496.44,6463.14,6485.21,6457.71,11854616700.0,139471177203.9,0.425848,0.00515663,0.515663
2021-04-23,000852.XSHG,中证1000,6478.93,6478.93,6425.66,6453.3,6485.21,12166910700.0,142037770209.0,-0.492043,0.00821407,0.821407
2021-04-26,000852.XSHG,中证1000,6467.88,6527.33,6427.76,6431.09,6453.3,13340611100.0,161805682267.2,-0.344165,0.01542932,1.542932
2021-04-27,000852.XSHG,中证1000,6423.79,6429.86,6338.13,6400.9,6431.09,12131435600.0,138737723144.6,-0.469438,0.01426352,1.426352
2021-04-28,000852.XSHG,中证1000,6395.02,6437.27,6366.01,6437.25,6400.9,12191802800.0,145603699628.3,0.567889,0.01113281,1.113281
2021-04-29,000852.XSHG,中证1000,6419.04,6441.85,6394.37,6405.1,6437.25,12092734700.0,146138222940.5,-0.499437,0.00737582,0.737582
2021-04-30,000852.XSHG,中证1000,6389.17,6397.27,6348.8,6382.14,6405.1,13002767600.0,152175446820.0,-0.358464,0.00756741,0.756741
2021-05-06,000852.XSHG,中证1000,6385.32,6420.42,6347.99,6398.44,6382.14,12928360100.0,151692887238.0,0.2554,0.01134886,1.134886
2021-05-07,000852.XSHG,中证1000,6403.98,6409.35,6320.07,6320.25,6398.44,15312525500.0,164129196921.0,-1.222017,0.0139534,1.39534
2021-05-10,000852.XSHG,中证1000,6330.15,6351.42,6300.86,6338.57,6320.25,15051568500.0,161260345319.7,0.289862,0.00799968,0.799968
2021-05-11,000852.XSHG,中证1000,6303.58,6354.24,6239.26,6343.86,6338.57,14945482300.0,157533784578.8,0.083457,0.01813974,1.813974
2021-05-12,000852.XSHG,中证1000,6321.98,6420.34,6311.91,6420.34,6343.86,13885037300.0,146828434637.3,1.205575,0.01709212,1.709212
2021-05-13,000852.XSHG,中证1000,6365.0,6432.63,6354.23,6375.01,6420.34,15300173900.0,160167348180.6,-0.706037,0.01221119,1.221119
2021-05-14,000852.XSHG,中证1000,6395.51,6462.5,6374.87,6462.48,6375.01,15266433600.0,164857674940.8,1.372076,0.01374586,1.374586
2021-05-17,000852.XSHG,中证1000,6456.92,6496.38,6438.87,6457.28,6462.48,14615663700.0,166775852633.5,-0.080464,0.00889906,0.889906
2021-05-18,000852.XSHG,中证1000,6451.07,6486.92,6431.24,6486.82,6457.28,12904832600.0,148691019174.1,0.457468,0.00862283,0.862283
2021-05-19,000852.XSHG,中证1000,6470.29,6500.12,6455.82,6488.95,6486.82,13300842700.0,153000631789.4,0.032836,0.00682923,0.682923
2021-05-20,000852.XSHG,中证1000,6455.72,6505.52,6445.97,6482.84,6488.95,14294658000.0,162941003096.9,-0.09416,0.00917714,0.917714
2021-05-21,000852.XSHG,中证1000,6492.85,6509.37,6468.45,6480.37,6482.84,13096837500.0,147932908467.9,-0.038101,0.00631205,0.631205
2021-05-24,000852.XSHG,中证1000,6480.55,6537.86,6471.22,6537.86,6480.37,13810949800.0,153822853061.0,0.887141,0.01028336,1.028336
2021-05-25,000852.XSHG,中证1000,6542.68,6617.43,6532.9,6615.71,6537.86,14912761800.0,171576235151.0,1.190757,0.01292931,1.292931
2021-05-26,000852.XSHG,中证1000,6618.18,6666.21,6609.91,6644.75,6615.71,15571693600.0,176675027687.1,0.438955,0.00851005,0.851005
2021-05-27,000852.XSHG,中证1000,6636.77,6706.38,6630.03,6705.05,6644.75,15446532300.0,183790791100.0,0.907483,0.01149027,1.149027
2021-05-28,000852.XSHG,中证1000,6709.89,6735.55,6669.92,6694.35,6705.05,16867248200.0,201076414983.9,-0.159581,0.00978814,0.978814
2021-05-31,000852.XSHG,中证1000,6712.75,6814.36,6712.75,6814.36,6694.35,16189175500.0,202848608379.8,1.792706,0.01517847,1.517847
2021-06-01,000852.XSHG,中证1000,6810.47,6854.75,6782.66,6854.73,6814.36,17271179400.0,212099119081.8,0.592425,0.01057913,1.057913
2021-06-02,000852.XSHG,中证1000,6844.85,6852.64,6742.03,6759.46,6854.73,17155376500.0,208753898523.8,-1.389843,0.0161363,1.61363
2021-06-03,000852.XSHG,中证1000,6754.78,6824.98,6729.56,6754.07,6759.46,16304712300.0,192981417786.3,-0.07974,0.01411651,1.411651
2021-06-04,000852.XSHG,中证1000,6725.82,6803.78,6718.76,6785.8,6754.07,15960557800.0,192969533063.7,0.469791,0.01258797,1.258797
2021-06-07,000852.XSHG,中证1000,6811.04,6861.85,6807.93,6861.85,6785.8,15887154900.0,203918218927.4,1.120723,0.007946,0.7946
2021-06-08,000852.XSHG,中证1000,6865.76,6886.94,6779.93,6809.86,6861.85,16777735700.0,210928242321.9,-0.757667,0.01559492,1.559492
2021-06-09,000852.XSHG,中证1000,6807.48,6834.04,6783.01,6823.41,6809.86,15906720200.0,189042236272.8,0.198976,0.00749355,0.749355
2021-06-10,000852.XSHG,中证1000,6817.59,6903.88,6808.66,6898.21,6823.41,17811669900.0,219424596294.5,1.096226,0.0139549,1.39549
2021-06-11,000852.XSHG,中证1000,6907.83,6907.95,6852.97,6852.97,6898.21,19023079900.0,238809079827.1,-0.655822,0.00797018,0.797018
2021-06-15,000852.XSHG,中证1000,6854.81,6866.18,6796.88,6815.12,6852.97,16377857000.0,214928430464.7,-0.552315,0.0101124,1.01124
2021-06-16,000852.XSHG,中证1000,6808.63,6810.2,6668.04,6673.24,6815.12,15608627600.0,208080324081.4,-2.081842,0.0208595,2.08595
2021-06-17,000852.XSHG,中证1000,6669.67,6790.71,6669.67,6787.67,6673.24,14847683800.0,206785950885.1,1.714759,0.01813812,1.813812
2021-06-18,000852.XSHG,中证1000,6783.99,6869.26,6765.96,6863.72,6787.67,15795893900.0,213850199583.3,1.120414,0.01521877,1.521877
2021-06-21,000852.XSHG,中证1000,6844.34,6970.64,6833.36,6968.3,6863.72,15786900400.0,220549422325.2,1.523664,0.02000082,2.000082
2021-06-22,000852.XSHG,中证1000,6987.51,7010.62,6947.87,7000.25,6968.3,16833405500.0,222850112345.3,0.458505,0.00900507,0.900507
2021-06-23,000852.XSHG,中证1000,6997.41,7060.4,6978.77,7046.17,7000.25,16264950200.0,222684709546.5,0.655977,0.01166101,1.166101
2021-06-24,000852.XSHG,中证1000,7045.05,7045.05,6969.55,6974.64,7046.17,16206296200.0,212191574101.3,-1.015161,0.01071504,1.071504
2021-06-25,000852.XSHG,中证1000,6975.49,7016.08,6947.12,7000.43,6974.64,16377403200.0,216200622343.6,0.369768,0.00988725,0.988725
2021-06-28,000852.XSHG,中证1000,7007.43,7081.05,7005.93,7063.47,7000.43,15211385000.0,212154422922.3,0.900516,0.01073077,1.073077
2021-06-29,000852.XSHG,中证1000,7068.4,7082.07,6999.75,7004.3,7063.47,15595003400.0,221964395084.3,-0.83769,0.01165433,1.165433
2021-06-30,000852.XSHG,中证1000,7011.18,7083.99,7004.75,7083.7,7004.3,14862029400.0,218687134307.3,1.133589,0.01131305,1.131305
2021-07-01,000852.XSHG,中证1000,7094.19,7099.13,6969.53,6969.53,7083.7,15517016400.0,223812255852.7,-1.611728,0.01829552,1.829552
2021-07-02,000852.XSHG,中证1000,6947.45,6960.48,6891.47,6908.93,6969.53,14422853300.0,216582554628.8,-0.869499,0.00990167,0.990167
2021-07-05,000852.XSHG,中证1000,6930.26,7006.72,6930.26,7006.7,6908.93,15076286500.0,223489244302.4,1.415125,0.01106684,1.106684
2021-07-06,000852.XSHG,中证1000,7013.99,7045.19,6885.09,6979.06,7006.7,16213548500.0,248979386027.1,-0.39448,0.02284956,2.284956
2021-07-07,000852.XSHG,中证1000,6932.94,7093.05,6913.5,7089.66,6979.06,15367139300.0,233955803773.8,1.584741,0.02572696,2.572696
2021-07-08,000852.XSHG,中证1000,7102.67,7138.76,7082.39,7099.41,7089.66,17404069600.0,265134996163.3,0.137524,0.00795102,0.795102
2021-07-09,000852.XSHG,中证1000,7064.99,7165.88,7000.59,7142.9,7099.41,16940141200.0,253401299917.3,0.612586,0.02328222,2.328222
2021-07-12,000852.XSHG,中证1000,7184.09,7301.1,7171.04,7284.23,7142.9,19246558700.0,291238640175.5,1.978608,0.01820829,1.820829
2021-07-13,000852.XSHG,中证1000,7285.96,7331.73,7263.16,7331.73,7284.23,19209422800.0,289353537336.8,0.652094,0.00941349,0.941349
2021-07-14,000852.XSHG,中证1000,7301.61,7338.31,7240.98,7243.82,7331.73,18869351800.0,284232588936.9,-1.199035,0.01327518,1.327518
2021-07-15,000852.XSHG,中证1000,7218.34,7250.03,7103.97,7241.62,7243.82,18187351100.0,269135630743.6,-0.030371,0.02016339,2.016339
2021-07-16,000852.XSHG,中证1000,7230.85,7311.45,7214.04,7228.36,7241.62,18277069600.0,275657933912.9,-0.183108,0.01345141,1.345141
2021-07-19,000852.XSHG,中证1000,7213.63,7259.03,7174.11,7205.27,7228.36,17703027200.0,263845387110.0,-0.319436,0.01174817,1.174817
2021-07-20,000852.XSHG,中证1000,7145.54,7253.37,7137.89,7253.28,7205.27,16314612100.0,235171690684.9,0.666318,0.01602716,1.602716
2021-07-21,000852.XSHG,中证1000,7285.41,7416.47,7285.41,7398.81,7253.28,19046887700.0,283891003474.4,2.006403,0.01806907,1.806907
2021-07-22,000852.XSHG,中证1000,7405.65,7447.03,7349.13,7446.48,7398.81,20372864900.0,301835554557.6,0.644293,0.01323186,1.323186
2021-07-23,000852.XSHG,中证1000,7442.62,7473.14,7348.32,7379.79,7446.48,21922125300.0,317119668125.4,-0.895591,0.01676228,1.676228
2021-07-26,000852.XSHG,中证1000,7368.13,7395.27,7140.73,7286.15,7379.79,21285793600.0,311265253170.4,-1.268871,0.0344915,3.44915
2021-07-27,000852.XSHG,中证1000,7298.33,7373.09,7093.86,7093.87,7286.15,22192671900.0,340951417104.1,-2.638979,0.03832339,3.832339
2021-07-28,000852.XSHG,中证1000,7019.05,7058.51,6750.59,6945.51,7093.87,19727606100.0,282261771387.5,-2.091383,0.04340649,4.340649
2021-07-29,000852.XSHG,中证1000,7057.88,7226.5,7057.88,7207.48,6945.51,18269223000.0,284565746268.1,3.771789,0.02427755,2.427755
2021-07-30,000852.XSHG,中证1000,7209.04,7279.06,7155.22,7262.38,7207.48,20291730600.0,315095884198.7,0.761709,0.01718215,1.718215
2021-08-02,000852.XSHG,中证1000,7264.37,7402.4,7248.89,7402.35,7262.38,21330014600.0,338912944281.7,1.92733,0.0211377,2.11377
2021-08-03,000852.XSHG,中证1000,7375.22,7419.34,7284.18,7308.96,7402.35,20947082600.0,318057358861.4,-1.261626,0.01825907,1.825907
2021-08-04,000852.XSHG,中证1000,7295.57,7478.21,7295.45,7478.21,7308.96,18633411800.0,297192357352.8,2.315651,0.02500493,2.500493
2021-08-05,000852.XSHG,中证1000,7454.28,7494.33,7402.38,7447.94,7478.21,19883115300.0,303102914279.1,-0.404776,0.01229572,1.229572
2021-08-06,000852.XSHG,中证1000,7462.86,7490.98,7419.73,7482.17,7447.94,18601512400.0,291705911006.8,0.45959,0.0095664,0.95664
2021-08-09,000852.XSHG,中证1000,7459.35,7509.33,7386.31,7507.08,7482.17,18110888000.0,287557697468.1,0.332925,0.01644175,1.644175
2021-08-10,000852.XSHG,中证1000,7489.16,7566.73,7467.06,7549.55,7507.08,18904852800.0,303106788138.7,0.565733,0.0132768,1.32768
2021-08-11,000852.XSHG,中证1000,7538.82,7611.65,7498.58,7605.92,7549.55,19635039200.0,293467645353.3,0.746667,0.01497705,1.497705
2021-08-12,000852.XSHG,中证1000,7595.26,7677.74,7588.74,7657.53,7605.92,21025048300.0,307992404106.7,0.67855,0.01170141,1.170141
2021-08-13,000852.XSHG,中证1000,7635.49,7724.44,7605.86,7641.92,7657.53,20800653000.0,310770377826.5,-0.203852,0.01548541,1.548541
2021-08-16,000852.XSHG,中证1000,7628.16,7633.66,7546.54,7568.14,7641.92,20156954500.0,292491129785.4,-0.965464,0.01140028,1.140028
2021-08-17,000852.XSHG,中证1000,7559.3,7578.43,7338.02,7360.03,7568.14,20742680500.0,283827878533.2,-2.749817,0.03176606,3.176606
2021-08-18,000852.XSHG,中证1000,7352.97,7454.03,7338.82,7405.49,7360.03,17894054600.0,248677524524.1,0.617661,0.01565347,1.565347
2021-08-19,000852.XSHG,中证1000,7387.44,7511.19,7330.6,7468.77,7405.49,18289032200.0,261439116693.1,0.854501,0.02438596,2.438596
2021-08-20,000852.XSHG,中证1000,7438.7,7505.55,7354.17,7467.36,7468.77,17682235200.0,260935227706.4,-0.018879,0.0202684,2.02684
2021-08-23,000852.XSHG,中证1000,7501.41,7668.89,7501.41,7652.56,7467.36,20149165700.0,305726382633.2,2.480127,0.02242827,2.242827
2021-08-24,000852.XSHG,中证1000,7654.19,7737.6,7614.94,7715.07,7652.56,21265851000.0,322685537101.9,0.816851,0.01602862,1.602862
2021-08-25,000852.XSHG,中证1000,7707.09,7769.7,7664.29,7769.63,7715.07,20639831400.0,303214016077.3,0.707187,0.01366287,1.366287
2021-08-26,000852.XSHG,中证1000,7754.68,7771.85,7662.38,7669.53,7769.63,22822141200.0,319065759860.8,-1.28835,0.01408947,1.408947
2021-08-27,000852.XSHG,中证1000,7634.93,7686.34,7584.28,7680.08,7669.53,21289123400.0,302869378357.5,0.137557,0.0133072,1.33072
2021-08-30,000852.XSHG,中证1000,7701.42,7792.52,7687.15,7727.75,7680.08,23684182800.0,350488457029.4,0.620697,0.01371991,1.371991
2021-08-31,000852.XSHG,中证1000,7714.17,7728.42,7636.77,7728.42,7727.75,23545550100.0,325712852044.2,0.00867,0.01185986,1.185986
2021-09-01,000852.XSHG,中证1000,7738.27,7743.18,7495.76,7606.87,7728.42,26772353700.0,372375967438.1,-1.572766,0.03201431,3.201431
2021-09-02,000852.XSHG,中证1000,7572.05,7703.72,7568.07,7690.86,7606.87,22608652600.0,307631326160.6,1.104134,0.01783256,1.783256
2021-09-03,000852.XSHG,中证1000,7696.46,7766.46,7561.23,7630.84,7690.86,26704451400.0,357957527857.8,-0.780407,0.02668492,2.668492
2021-09-06,000852.XSHG,中证1000,7625.74,7735.55,7552.95,7735.1,7630.84,22795410000.0,314079151637.1,1.366298,0.02392921,2.392921
2021-09-07,000852.XSHG,中证1000,7735.22,7881.87,7718.59,7878.35,7735.1,22855960700.0,314304834649.0,1.851948,0.02110897,2.110897
2021-09-08,000852.XSHG,中证1000,7886.27,7911.02,7854.89,7894.25,7878.35,25432178800.0,333805403380.4,0.201819,0.00712459,0.712459
2021-09-09,000852.XSHG,中证1000,7888.83,7922.41,7835.15,7900.24,7894.25,23820173400.0,318584828295.3,0.075878,0.01105361,1.105361
2021-09-10,000852.XSHG,中证1000,7897.33,7954.48,7832.96,7932.65,7900.24,24001630100.0,335009104200.3,0.410241,0.01538181,1.538181
2021-09-13,000852.XSHG,中证1000,7941.21,7955.98,7875.0,7947.48,7932.65,23068519600.0,331165025671.9,0.186949,0.01020844,1.020844
2021-09-14,000852.XSHG,中证1000,7927.89,8042.52,7895.18,7916.9,7947.48,24322555400.0,353788173972.7,-0.384776,0.01853921,1.853921
2021-09-15,000852.XSHG,中证1000,7900.69,7988.37,7862.31,7972.23,7916.9,21345391600.0,315047723281.6,0.698885,0.0159229,1.59229
2021-09-16,000852.XSHG,中证1000,7974.08,7993.22,7749.66,7754.95,7972.23,23666655100.0,335038218298.9,-2.725461,0.03055105,3.055105
2021-09-17,000852.XSHG,中证1000,7740.56,7786.19,7575.08,7730.22,7754.95,21423803200.0,302870263383.4,-0.318893,0.02722261,2.722261
2021-09-22,000852.XSHG,中证1000,7640.47,7774.51,7633.28,7769.06,7730.22,18273391500.0,252891873966.4,0.502444,0.01826986,1.826986
2021-09-23,000852.XSHG,中证1000,7818.73,7850.24,7792.59,7806.8,7769.06,21240013500.0,294020855221.9,0.485773,0.00742046,0.742046
2021-09-24,000852.XSHG,中证1000,7799.92,7806.81,7685.11,7695.62,7806.8,20646340900.0,286416524870.8,-1.424143,0.01558897,1.558897
2021-09-27,000852.XSHG,中证1000,7717.1,7733.21,7399.81,7467.82,7695.62,21318364600.0,291997510923.6,-2.960125,0.04332334,4.332334
2021-09-28,000852.XSHG,中证1000,7428.41,7496.33,7409.37,7468.73,7467.82,15806485000.0,220715356034.1,0.012186,0.01164463,1.164463
2021-09-29,000852.XSHG,中证1000,7409.96,7413.8,7199.11,7199.18,7468.73,17255014500.0,227988709790.0,-3.609047,0.02874518,2.874518
2021-09-30,000852.XSHG,中证1000,7237.54,7411.28,7237.54,7405.46,7199.18,14644223300.0,199724657603.6,2.865326,0.0241333,2.41333
2021-10-08,000852.XSHG,中证1000,7501.24,7514.24,7382.02,7425.67,7405.46,15946033700.0,220528170938.5,0.272907,0.01785439,1.785439
2021-10-11,000852.XSHG,中证1000,7441.62,7442.35,7346.86,7384.84,7425.67,15060122100.0,206333884116.6,-0.549849,0.01285945,1.285945
2021-10-12,000852.XSHG,中证1000,7366.16,7376.73,7125.54,7208.47,7384.84,15664367700.0,210114885163.1,-2.388271,0.03401428,3.401428
2021-10-13,000852.XSHG,中证1000,7213.01,7297.3,7147.01,7289.36,7208.47,13119152300.0,181326973999.3,1.122152,0.02084908,2.084908
2021-10-14,000852.XSHG,中证1000,7276.51,7362.46,7256.98,7342.25,7289.36,12893072500.0,180774917400.0,0.725578,0.01447041,1.447041
2021-10-15,000852.XSHG,中证1000,7321.58,7374.34,7288.28,7350.41,7342.25,14533493700.0,205628057600.0,0.111138,0.0117212,1.17212
2021-10-18,000852.XSHG,中证1000,7344.57,7429.63,7322.7,7429.63,7350.41,14494820400.0,210714460200.0,1.077763,0.01454749,1.454749
2021-10-19,000852.XSHG,中证1000,7420.48,7506.09,7408.12,7504.05,7429.63,15240811700.0,218453954400.0,1.001665,0.01318639,1.318639
2021-10-20,000852.XSHG,中证1000,7467.34,7560.85,7456.81,7523.56,7504.05,15574373400.0,233243184600.0,0.259993,0.01386451,1.386451
2021-10-21,000852.XSHG,中证1000,7520.93,7548.82,7481.44,7503.53,7523.56,15874247800.0,231495317500.8,-0.26623,0.00895587,0.895587
2021-10-22,000852.XSHG,中证1000,7506.87,7530.58,7436.14,7438.48,7503.53,16765695800.0,234923341446.5,-0.866925,0.01258608,1.258608
2021-10-25,000852.XSHG,中证1000,7438.43,7532.37,7417.2,7532.37,7438.48,15047217500.0,229352708070.3,1.26222,0.015483,1.5483
2021-10-26,000852.XSHG,中证1000,7547.75,7583.13,7492.39,7508.69,7532.37,16142746300.0,247127097235.1,-0.314376,0.01204667,1.204667
2021-10-27,000852.XSHG,中证1000,7490.69,7501.54,7408.58,7433.55,7508.69,16208633200.0,237450353227.4,-1.000707,0.01238032,1.238032
2021-10-28,000852.XSHG,中证1000,7395.49,7422.1,7253.11,7267.85,7433.55,16592507800.0,245016892455.4,-2.229083,0.02273342,2.273342
2021-10-29,000852.XSHG,中证1000,7276.51,7385.41,7234.5,7385.3,7267.85,15853455000.0,242992419490.9,1.616021,0.02076405,2.076405
2021-11-01,000852.XSHG,中证1000,7374.45,7488.48,7357.67,7455.61,7385.3,17203325300.0,261518592698.1,0.952026,0.01771221,1.771221
2021-11-02,000852.XSHG,中证1000,7462.13,7501.96,7301.65,7368.6,7455.61,18751341600.0,275960322374.8,-1.167041,0.02686702,2.686702
2021-11-03,000852.XSHG,中证1000,7362.12,7391.05,7312.25,7385.2,7368.6,14561900800.0,217571923209.0,0.22528,0.01069403,1.069403
2021-11-04,000852.XSHG,中证1000,7402.66,7483.69,7402.66,7483.69,7385.2,16171792700.0,250815025556.5,1.333613,0.01097194,1.097194
2021-11-05,000852.XSHG,中证1000,7476.14,7488.12,7388.2,7389.59,7483.69,18167756600.0,263997505360.9,-1.257401,0.0133517,1.33517
2021-11-08,000852.XSHG,中证1000,7376.71,7423.01,7351.5,7422.91,7389.59,15205165100.0,232399366183.9,0.450905,0.00967713,0.967713
2021-11-09,000852.XSHG,中证1000,7443.45,7532.25,7435.51,7531.96,7422.91,15557024400.0,238368109882.9,1.4691,0.01303262,1.303262
2021-11-10,000852.XSHG,中证1000,7516.0,7535.24,7425.23,7535.23,7531.96,16680926800.0,247966822805.1,0.043415,0.01460576,1.460576
2021-11-11,000852.XSHG,中证1000,7524.16,7601.2,7515.71,7593.73,7535.23,17115319400.0,251993407439.8,0.776353,0.01134537,1.134537
2021-11-12,000852.XSHG,中证1000,7593.45,7705.05,7593.45,7697.81,7593.73,17374679000.0,262031372104.0,1.370604,0.01469634,1.469634
2021-11-15,000852.XSHG,中证1000,7713.85,7727.02,7653.71,7676.48,7697.81,18955364900.0,282613803551.2,-0.277092,0.00952349,0.952349
2021-11-16,000852.XSHG,中证1000,7659.02,7691.65,7579.68,7589.18,7676.48,17701306500.0,259612341923.4,-1.13724,0.01458611,1.458611
2021-11-17,000852.XSHG,中证1000,7603.33,7725.09,7603.33,7725.09,7589.18,17482428800.0,252238405126.8,1.790839,0.01604389,1.604389
2021-11-18,000852.XSHG,中证1000,7724.03,7765.74,7686.14,7714.8,7725.09,19850444800.0,286034813026.9,-0.133202,0.01030409,1.030409
2021-11-19,000852.XSHG,中证1000,7709.31,7806.03,7705.84,7803.76,7714.8,18800112600.0,276256499325.6,1.153108,0.01298673,1.298673
2021-11-22,000852.XSHG,中证1000,7822.96,7948.02,7822.96,7947.37,7803.76,19040027000.0,305323561641.8,1.840267,0.01602561,1.602561
2021-11-23,000852.XSHG,中证1000,7950.25,7974.51,7933.2,7941.56,7947.37,19342204500.0,303524169409.7,-0.073106,0.00519795,0.519795
2021-11-24,000852.XSHG,中证1000,7939.59,7971.44,7917.68,7938.77,7941.56,18860567800.0,289619716104.4,-0.035132,0.00676945,0.676945
2021-11-25,000852.XSHG,中证1000,7937.4,7959.84,7919.66,7925.76,7938.77,17583815700.0,273718377998.9,-0.163879,0.00506124,0.506124
2021-11-26,000852.XSHG,中证1000,7912.89,7954.79,7906.35,7940.79,7925.76,17391684700.0,277650502411.1,0.189635,0.00611172,0.611172
2021-11-29,000852.XSHG,中证1000,7837.39,7999.94,7828.92,7999.83,7940.79,17645340900.0,289465062017.8,0.743503,0.0215369,2.15369
2021-11-30,000852.XSHG,中证1000,8037.26,8082.9,7991.19,8054.29,7999.83,19756264300.0,309404450683.7,0.680764,0.01146399,1.146399
2021-12-01,000852.XSHG,中证1000,8050.89,8068.38,8000.81,8055.82,8054.29,18907493000.0,288748402250.6,0.018996,0.00838932,0.838932
2021-12-02,000852.XSHG,中证1000,8045.73,8046.25,7964.74,7968.24,8055.82,18467244800.0,273790811831.4,-1.087164,0.01011815,1.011815
2021-12-03,000852.XSHG,中证1000,7973.62,8034.69,7952.37,8023.96,7968.24,17906301600.0,265004140729.0,0.699276,0.01033101,1.033101
2021-12-06,000852.XSHG,中证1000,8018.46,8029.83,7899.91,7906.76,8023.96,19152032800.0,274404843804.8,-1.460625,0.01619151,1.619151
2021-12-07,000852.XSHG,中证1000,7937.23,7948.17,7713.92,7781.44,7906.76,18238999500.0,272840125067.4,-1.584973,0.02962655,2.962655
2021-12-08,000852.XSHG,中证1000,7806.38,7922.55,7803.44,7922.55,7781.44,16130705000.0,242658250406.8,1.813418,0.01530694,1.530694
2021-12-09,000852.XSHG,中证1000,7924.53,7948.03,7903.68,7931.76,7922.55,18125222100.0,261370673350.9,0.11625,0.00559795,0.559795
2021-12-10,000852.XSHG,中证1000,7898.64,7964.35,7886.13,7949.12,7931.76,17346576300.0,257041896637.2,0.218867,0.00986162,0.986162
2021-12-13,000852.XSHG,中证1000,7963.48,8000.11,7936.62,7984.9,7949.12,18952205800.0,274566342037.0,0.450113,0.00798705,0.798705
2021-12-14,000852.XSHG,中证1000,7969.6,7997.18,7952.75,7981.83,7984.9,19321250900.0,277460584034.2,-0.038448,0.00556425,0.556425
2021-12-15,000852.XSHG,中证1000,7982.1,8019.3,7942.94,7955.58,7981.83,20020703500.0,277025956382.3,-0.328872,0.00956673,0.956673
2021-12-16,000852.XSHG,中证1000,7966.5,8005.98,7959.18,8005.98,7955.58,19486519800.0,259653986857.7,0.633518,0.00588266,0.588266
2021-12-17,000852.XSHG,中证1000,7997.47,7997.47,7894.1,7894.1,8005.98,20230367600.0,264934151851.4,-1.397455,0.0129116,1.29116
2021-12-20,000852.XSHG,中证1000,7873.67,7920.65,7747.36,7751.95,7894.1,19900830200.0,263220863585.6,-1.800712,0.02195184,2.195184
2021-12-21,000852.XSHG,中证1000,7749.82,7849.03,7749.82,7849.03,7751.95,19146057700.0,226989097067.6,1.25233,0.01279807,1.279807
2021-12-22,000852.XSHG,中证1000,7868.3,7943.24,7854.36,7930.81,7849.03,20594218500.0,255276249463.9,1.041912,0.01132369,1.132369
2021-12-23,000852.XSHG,中证1000,7932.1,7947.13,7892.89,7932.66,7930.81,20291062300.0,267757755536.0,0.023327,0.00683915,0.683915
2021-12-24,000852.XSHG,中证1000,7940.38,7940.43,7771.42,7776.61,7932.66,21213231600.0,278501099537.6,-1.967184,0.02130559,2.130559
2021-12-27,000852.XSHG,中证1000,7768.38,7833.58,7739.29,7776.43,7776.61,17543192800.0,232653035422.8,-0.002315,0.01212482,1.212482
2021-12-28,000852.XSHG,中证1000,7794.03,7863.53,7783.1,7863.53,7776.43,17074459800.0,237637913069.2,1.120051,0.01034279,1.034279
2021-12-29,000852.XSHG,中证1000,7858.94,7886.71,7838.28,7855.43,7863.53,17227311100.0,244249905688.5,-0.103007,0.00615881,0.615881
2021-12-30,000852.XSHG,中证1000,7863.17,7949.96,7861.54,7924.53,7855.43,17854590400.0,250673283091.9,0.879646,0.01125591,1.125591
2021-12-31,000852.XSHG,中证1000,7946.94,8016.4,7946.94,8010.32,7924.53,18960290300.0,264776590576.4,1.082588,0.00876519,0.876519
2022-01-04,000852.XSHG,中证1000,8045.1,8060.99,7948.91,7983.07,8010.32,22595770600.0,309512979161.1,-0.340186,0.01399195,1.399195
2022-01-05,000852.XSHG,中证1000,7968.74,7968.92,7733.51,7781.68,7983.07,21879149500.0,299531733404.3,-2.522714,0.02948866,2.948866
2022-01-06,000852.XSHG,中证1000,7743.86,7863.55,7721.78,7844.52,7781.68,19273502800.0,259362890666.4,0.807538,0.01821843,1.821843
2022-01-07,000852.XSHG,中证1000,7841.13,7867.49,7681.13,7682.7,7844.52,21444128100.0,276004630982.3,-2.062841,0.02375671,2.375671
2022-01-10,000852.XSHG,中证1000,7669.05,7756.97,7624.93,7734.19,7682.7,18311847400.0,243826238700.0,0.670207,0.01718667,1.718667
2022-01-11,000852.XSHG,中证1000,7734.54,7768.74,7632.07,7646.69,7734.19,18425667700.0,246010054200.0,-1.13134,0.01767089,1.767089
2022-01-12,000852.XSHG,中证1000,7691.85,7779.52,7682.55,7779.52,7646.69,17902877000.0,249094030900.0,1.737091,0.0126813,1.26813
2022-01-13,000852.XSHG,中证1000,7781.31,7781.31,7644.79,7644.79,7779.52,19671881300.0,258476507700.0,-1.731855,0.01754864,1.754864
2022-01-14,000852.XSHG,中证1000,7611.29,7714.5,7590.19,7675.37,7644.79,19543728600.0,258256239400.0,0.400011,0.01626075,1.626075
2022-01-17,000852.XSHG,中证1000,7687.71,7815.66,7683.38,7808.09,7675.37,19904867000.0,283638423300.0,1.729167,0.01723435,1.723435
2022-01-18,000852.XSHG,中证1000,7808.99,7827.19,7743.72,7758.6,7808.09,22194515200.0,298301903800.0,-0.63383,0.01069019,1.069019
2022-01-19,000852.XSHG,中证1000,7728.16,7745.81,7617.06,7665.18,7758.6,18817084400.0,252520833800.0,-1.204083,0.01659449,1.659449
2022-01-20,000852.XSHG,中证1000,7664.12,7672.76,7488.86,7492.61,7665.18,19987617500.0,262493949500.0,-2.25135,0.02399161,2.399161
2022-01-21,000852.XSHG,中证1000,7474.76,7493.02,7384.4,7388.74,7492.61,17662856700.0,229180680700.0,-1.386299,0.01449695,1.449695
2022-01-24,000852.XSHG,中证1000,7346.39,7462.53,7333.0,7425.4,7388.74,15441582700.0,208467434800.0,0.49616,0.01753073,1.753073
2022-01-25,000852.XSHG,中证1000,7398.76,7440.55,7133.07,7133.07,7425.4,17857699900.0,220574271400.0,-3.936892,0.04140922,4.140922
2022-01-26,000852.XSHG,中证1000,7158.57,7226.64,7071.47,7171.03,7133.07,14307247500.0,177201522800.0,0.532169,0.02175361,2.175361
2022-01-27,000852.XSHG,中证1000,7178.54,7191.48,6959.46,6960.11,7171.03,14678637100.0,176645968700.0,-2.941279,0.03235518,3.235518
2022-01-28,000852.XSHG,中证1000,6996.77,7071.32,6861.47,6973.01,6960.11,13898434400.0,170642747200.0,0.185342,0.03015039,3.015039
2022-02-07,000852.XSHG,中证1000,7080.61,7102.42,7037.16,7061.62,6973.01,14550630500.0,172407917200.0,1.270757,0.00935894,0.935894
2022-02-08,000852.XSHG,中证1000,7058.25,7080.62,6928.9,7080.62,7061.62,16090040200.0,181069633000.0,0.26906,0.02148515,2.148515
2022-02-09,000852.XSHG,中证1000,7083.43,7212.75,7056.62,7211.43,7080.62,17239973100.0,208591945500.0,1.847437,0.02205033,2.205033
2022-02-10,000852.XSHG,中证1000,7208.57,7222.19,7126.07,7175.62,7211.43,16578145400.0,197454786500.0,-0.496573,0.01332884,1.332884
2022-02-11,000852.XSHG,中证1000,7140.93,7151.24,7024.79,7033.85,7175.62,16861516500.0,207661884900.0,-1.975718,0.01762217,1.762217
2022-02-14,000852.XSHG,中证1000,6991.63,7096.55,6961.3,7006.08,7033.85,14721781200.0,177109077400.0,-0.394805,0.01922845,1.922845
2022-02-15,000852.XSHG,中证1000,7020.13,7125.1,6990.4,7124.85,7006.08,14329760100.0,178296061300.0,1.695242,0.01922616,1.922616
2022-02-16,000852.XSHG,中证1000,7164.23,7201.08,7132.08,7183.11,7124.85,14718897200.0,181452903100.0,0.817701,0.00968441,0.968441
2022-02-17,000852.XSHG,中证1000,7169.72,7265.03,7146.59,7220.61,7183.11,16594406800.0,211816617000.0,0.522058,0.01648868,1.648868
2022-02-18,000852.XSHG,中证1000,7174.59,7252.06,7164.27,7251.79,7220.61,15609702700.0,187819463200.0,0.431819,0.01215825,1.215825
2022-02-21,000852.XSHG,中证1000,7264.44,7334.91,7259.76,7334.59,7251.79,16984784800.0,209089466900.0,1.141787,0.01036296,1.036296
2022-02-22,000852.XSHG,中证1000,7310.66,7310.66,7212.27,7279.24,7334.59,17950263400.0,228319653200.0,-0.754643,0.01341452,1.341452
2022-02-23,000852.XSHG,中证1000,7290.7,7450.4,7289.74,7450.4,7279.24,18273048500.0,254406852900.0,2.351344,0.02207099,2.207099
2022-02-24,000852.XSHG,中证1000,7414.47,7481.14,7174.78,7285.12,7450.4,25572058500.0,330551056000.0,-2.218404,0.04111994,4.111994
2022-02-25,000852.XSHG,中证1000,7346.85,7435.4,7344.78,7361.96,7285.12,17775700400.0,239033138200.0,1.054753,0.01243905,1.243905
2022-02-28,000852.XSHG,中证1000,7370.43,7419.83,7291.08,7419.83,7361.96,16740203000.0,227995523700.0,0.786068,0.01748855,1.748855
2022-03-01,000852.XSHG,中证1000,7433.75,7454.9,7379.82,7429.44,7419.83,16618706100.0,228666185100.0,0.129518,0.01011883,1.011883
2022-03-02,000852.XSHG,中证1000,7400.95,7421.64,7341.83,7414.31,7429.44,16020992100.0,209899647500.0,-0.203649,0.0107424,1.07424
2022-03-03,000852.XSHG,中证1000,7440.94,7446.47,7334.28,7342.61,7414.31,18318194700.0,224684682700.0,-0.967049,0.01513155,1.513155
2022-03-04,000852.XSHG,中证1000,7300.0,7360.26,7219.64,7241.56,7342.61,17843841900.0,219627323000.0,-1.376214,0.01915123,1.915123
2022-03-07,000852.XSHG,中证1000,7230.81,7230.81,7050.35,7085.73,7241.56,16605177500.0,212810973400.0,-2.151884,0.02492004,2.492004
2022-03-08,000852.XSHG,中证1000,7089.51,7118.51,6824.03,6871.22,7085.73,19196062700.0,242299631200.0,-3.027352,0.04155959,4.155959
2022-03-09,000852.XSHG,中证1000,6889.51,6925.55,6511.91,6796.04,6871.22,21326191400.0,251456777500.0,-1.094129,0.06019892,6.019892
2022-03-10,000852.XSHG,中证1000,6946.58,7017.28,6914.89,6952.52,6796.04,18535447100.0,239213381200.0,2.302517,0.01506613,1.506613
2022-03-11,000852.XSHG,中证1000,6856.87,7001.6,6778.59,6990.78,6952.52,18099318400.0,229253721300.0,0.550304,0.03207614,3.207614
2022-03-14,000852.XSHG,中证1000,6938.22,6972.91,6800.59,6800.59,6990.78,16266211800.0,209426538000.0,-2.720583,0.02464961,2.464961
2022-03-15,000852.XSHG,中证1000,6745.6,6790.24,6473.48,6473.48,6800.59,19575081400.0,232508541800.0,-4.810024,0.04657831,4.657831
2022-03-16,000852.XSHG,中证1000,6586.82,6704.18,6330.41,6692.97,6473.48,19755896700.0,246843416900.0,3.390603,0.05773865,5.773865
2022-03-17,000852.XSHG,中证1000,6777.74,6934.49,6768.61,6818.54,6692.97,20505438900.0,273063659400.0,1.876148,0.02478421,2.478421
2022-03-18,000852.XSHG,中证1000,6792.32,6882.66,6773.46,6879.37,6818.54,17389040500.0,209608678600.0,0.892126,0.01601516,1.601516
2022-03-21,000852.XSHG,中证1000,6886.03,6983.52,6867.31,6954.41,6879.37,17942838800.0,224493452300.0,1.090798,0.01689254,1.689254
2022-03-22,000852.XSHG,中证1000,6938.97,6976.39,6893.65,6923.44,6954.41,17845627100.0,214266470500.0,-0.445329,0.01189749,1.189749
2022-03-23,000852.XSHG,中证1000,6938.51,6989.72,6910.33,6966.95,6923.44,17594221200.0,207033471600.0,0.628445,0.01146684,1.146684
2022-03-24,000852.XSHG,中证1000,6934.13,6950.74,6847.17,6900.81,6966.95,17591786500.0,208970254500.0,-0.949339,0.0148659,1.48659
2022-03-25,000852.XSHG,中证1000,6906.68,6939.87,6819.55,6819.81,6900.81,17381859700.0,207338041600.0,-1.173775,0.01743563,1.743563
2022-03-28,000852.XSHG,中证1000,6772.44,6828.4,6692.91,6767.25,6819.81,16839860900.0,191046715000.0,-0.770696,0.01986712,1.986712
2022-03-29,000852.XSHG,中证1000,6785.38,6808.88,6700.41,6725.68,6767.25,16620169600.0,194872626100.0,-0.614282,0.01602867,1.602867
2022-03-30,000852.XSHG,中证1000,6750.0,6864.75,6734.07,6864.75,6725.68,17132580300.0,196283755400.0,2.067746,0.01943001,1.943001
2022-03-31,000852.XSHG,中证1000,6846.33,6846.33,6760.05,6772.07,6864.75,19567908400.0,222112491700.0,-1.350086,0.01256856,1.256856
2022-04-01,000852.XSHG,中证1000,6723.26,6790.76,6688.7,6772.6,6772.07,17153058600.0,189378818000.0,0.007826,0.01507072,1.507072
2022-04-06,000852.XSHG,中证1000,6769.74,6769.74,6711.3,6764.29,6772.6,17993276300.0,194867322300.0,-0.1227,0.00862889,0.862889
2022-04-07,000852.XSHG,中证1000,6736.34,6768.45,6623.59,6623.59,6764.29,18843268400.0,200882261000.0,-2.080041,0.0214154,2.14154
2022-04-08,000852.XSHG,中证1000,6635.69,6644.76,6496.18,6575.28,6623.59,19157407400.0,206608721100.0,-0.729363,0.02243194,2.243194
2022-04-11,000852.XSHG,中证1000,6544.29,6544.29,6297.39,6328.07,6575.28,20420829200.0,213999658200.0,-3.759688,0.03754973,3.754973
2022-04-12,000852.XSHG,中证1000,6314.22,6414.5,6259.05,6414.42,6328.07,19367685700.0,196890756100.0,1.364555,0.02456515,2.456515
2022-04-13,000852.XSHG,中证1000,6381.78,6388.7,6286.25,6286.25,6414.42,18443405000.0,189187911500.0,-1.998154,0.01597183,1.597183
2022-04-14,000852.XSHG,中证1000,6313.1,6388.56,6294.37,6359.71,6286.25,17575473200.0,183660827000.0,1.168582,0.0149835,1.49835
2022-04-15,000852.XSHG,中证1000,6328.23,6334.48,6229.41,6275.07,6359.71,19000752100.0,200901915900.0,-1.330878,0.01652119,1.652119
2022-04-18,000852.XSHG,中证1000,6233.42,6339.11,6164.44,6326.02,6275.07,15896483600.0,166723132900.0,0.811943,0.02783555,2.783555
2022-04-19,000852.XSHG,中证1000,6324.42,6379.43,6304.25,6345.79,6326.02,15094162800.0,166851629300.0,0.312519,0.01188425,1.188425
2022-04-20,000852.XSHG,中证1000,6347.8,6351.64,6208.79,6234.25,6345.79,16535743000.0,174579261300.0,-1.757701,0.02251099,2.251099
2022-04-21,000852.XSHG,中证1000,6206.18,6236.55,5966.03,5981.38,6234.25,17345490600.0,177864921900.0,-4.056141,0.04339255,4.339255
2022-04-22,000852.XSHG,中证1000,5937.39,5965.41,5851.23,5891.81,5981.38,14472919500.0,151155936400.0,-1.497481,0.01908924,1.908924
2022-04-25,000852.XSHG,中证1000,5776.18,5776.18,5431.61,5431.61,5891.81,18316667300.0,174524590800.0,-7.810843,0.05848288,5.848288
2022-04-26,000852.XSHG,中证1000,5432.61,5483.03,5251.52,5266.55,5431.61,17832332200.0,165807825800.0,-3.038878,0.04262272,4.262272
2022-04-27,000852.XSHG,中证1000,5192.5,5541.11,5164.75,5540.72,5266.55,19292727100.0,184237856900.0,5.205875,0.07146234,7.146234
2022-04-28,000852.XSHG,中证1000,5501.52,5578.62,5425.77,5493.91,5540.72,16971405800.0,176020109300.0,-0.844836,0.02758667,2.758667
2022-04-29,000852.XSHG,中证1000,5534.17,5753.08,5517.72,5734.49,5493.91,18666054900.0,194308131800.0,4.379031,0.04284016,4.284016
2022-05-05,000852.XSHG,中证1000,5723.18,5884.38,5712.06,5836.93,5734.49,16893297500.0,179484911800.0,1.786384,0.03004975,3.004975
2022-05-06,000852.XSHG,中证1000,5690.14,5812.48,5665.93,5764.69,5836.93,15419636300.0,153608753800.0,-1.237637,0.02510738,2.510738
2022-05-09,000852.XSHG,中证1000,5749.9,5857.71,5749.9,5840.89,5764.69,13894347400.0,136636743000.0,1.32184,0.01870179,1.870179
2022-05-10,000852.XSHG,中证1000,5761.85,5952.72,5746.72,5950.67,5840.89,16963005400.0,175537619100.0,1.879508,0.0352686,3.52686
2022-05-11,000852.XSHG,中证1000,5959.79,6147.86,5959.79,6003.03,5950.67,20631109300.0,225487279200.0,0.879901,0.03160484,3.160484
2022-05-12,000852.XSHG,中证1000,5971.21,6061.18,5964.83,6034.57,6003.03,16680991900.0,171688073400.0,0.525401,0.01605023,1.605023
2022-05-13,000852.XSHG,中证1000,6059.0,6079.16,6001.91,6071.67,6034.57,15470886300.0,156378894000.0,0.614791,0.01280124,1.280124
2022-05-16,000852.XSHG,中证1000,6110.99,6154.7,6057.32,6082.88,6071.67,15881493700.0,162466414900.0,0.184628,0.01603842,1.603842
2022-05-17,000852.XSHG,中证1000,6079.3,6120.84,6013.7,6118.46,6082.88,16098087200.0,174362784500.0,0.58492,0.01761337,1.761337
2022-05-18,000852.XSHG,中证1000,6124.38,6183.46,6103.63,6127.8,6118.46,15180257000.0,164756082800.0,0.152653,0.0130474,1.30474
2022-05-19,000852.XSHG,中证1000,6032.73,6180.19,6020.41,6180.19,6127.8,16151231400.0,175297021800.0,0.854956,0.02607461,2.607461
2022-05-20,000852.XSHG,中证1000,6203.91,6263.44,6176.13,6263.44,6180.19,16785941700.0,187575882300.0,1.347046,0.0141274,1.41274
2022-05-23,000852.XSHG,中证1000,6284.6,6345.0,6267.83,6343.47,6263.44,16486654400.0,186473051000.0,1.277732,0.01232071,1.232071
2022-05-24,000852.XSHG,中证1000,6343.89,6345.12,6081.64,6081.64,6343.47,19839760000.0,221027385100.0,-4.127552,0.04153563,4.153563
2022-05-25,000852.XSHG,中证1000,6079.94,6188.27,6070.96,6188.27,6081.64,16135372500.0,169986109000.0,1.75331,0.0192892,1.92892
2022-05-26,000852.XSHG,中证1000,6195.21,6252.56,6095.75,6227.1,6188.27,16844023500.0,175940574600.0,0.627477,0.02533988,2.533988
2022-05-27,000852.XSHG,中证1000,6252.36,6283.72,6157.81,6210.09,6227.1,17056578300.0,177212700100.0,-0.273161,0.02021968,2.021968
2022-05-30,000852.XSHG,中证1000,6231.64,6282.36,6171.74,6282.36,6210.09,15920076000.0,169965799900.0,1.163751,0.01781295,1.781295
2022-05-31,000852.XSHG,中证1000,6283.16,6356.55,6224.61,6353.35,6282.36,17355118000.0,194983645600.0,1.129989,0.02100166,2.100166
2022-06-01,000852.XSHG,中证1000,6332.39,6398.35,6316.58,6373.32,6353.35,17299185200.0,189585194700.0,0.314322,0.01287038,1.287038
2022-06-02,000852.XSHG,中证1000,6349.56,6449.97,6329.07,6442.93,6373.32,16494743300.0,190173332800.0,1.092209,0.0189697,1.89697
2022-06-06,000852.XSHG,中证1000,6449.55,6612.8,6449.24,6604.98,6442.93,18317628200.0,236744951500.0,2.51516,0.02538597,2.538597
2022-06-07,000852.XSHG,中证1000,6613.17,6631.32,6539.71,6597.83,6604.98,18767937200.0,226233068200.0,-0.108252,0.01386984,1.386984
2022-06-08,000852.XSHG,中证1000,6594.92,6660.09,6474.23,6608.89,6597.83,19632241500.0,235551929200.0,0.167631,0.02816987,2.816987
2022-06-09,000852.XSHG,中证1000,6591.92,6591.92,6453.65,6490.38,6608.89,17804143900.0,207132899100.0,-1.793191,0.02092182,2.092182
2022-06-10,000852.XSHG,中证1000,6446.81,6630.26,6438.8,6627.75,6490.38,17692093600.0,216472763700.0,2.116517,0.02949904,2.949904
2022-06-13,000852.XSHG,中证1000,6582.69,6683.91,6573.57,6674.8,6627.75,20085724100.0,239249879400.0,0.709894,0.01664818,1.664818
2022-06-14,000852.XSHG,中证1000,6607.12,6665.25,6460.43,6665.25,6674.8,20722404500.0,237101198900.0,-0.143075,0.03068556,3.068556
2022-06-15,000852.XSHG,中证1000,6671.05,6759.38,6653.76,6653.76,6665.25,22859663500.0,259960615600.0,-0.172387,0.01584637,1.584637
2022-06-16,000852.XSHG,中证1000,6651.2,6755.63,6651.2,6696.76,6653.76,20419071000.0,233202108600.0,0.646251,0.01569489,1.569489
2022-06-17,000852.XSHG,中证1000,6652.54,6782.49,6643.1,6774.74,6696.76,19554498400.0,241013889300.0,1.164444,0.02081454,2.081454
2022-06-20,000852.XSHG,中证1000,6787.34,6874.38,6783.62,6848.75,6774.74,20285537800.0,261623249000.0,1.09244,0.01339682,1.339682
2022-06-21,000852.XSHG,中证1000,6849.73,6854.92,6709.36,6779.14,6848.75,19610562200.0,242436586900.0,-1.01639,0.02125351,2.125351
2022-06-22,000852.XSHG,中证1000,6781.87,6811.55,6688.39,6691.81,6779.14,17949715700.0,219574888500.0,-1.288216,0.0181675,1.81675
2022-06-23,000852.XSHG,中证1000,6694.25,6845.45,6649.93,6845.45,6691.81,19268003200.0,238813201800.0,2.295941,0.02921781,2.921781
2022-06-24,000852.XSHG,中证1000,6865.36,6954.45,6862.46,6931.65,6845.45,19953205300.0,260609800900.0,1.259231,0.01343812,1.343812
2022-06-27,000852.XSHG,中证1000,6968.13,7012.12,6940.52,7002.93,6931.65,20925864300.0,274018808700.0,1.028327,0.01032943,1.032943
2022-06-28,000852.XSHG,中证1000,7001.26,7081.28,6956.3,7079.72,7002.93,21470714400.0,272953953600.0,1.096541,0.01784682,1.784682
2022-06-29,000852.XSHG,中证1000,7061.79,7075.52,6900.99,6900.99,7079.72,22928002500.0,291483505800.0,-2.524535,0.0246521,2.46521
2022-06-30,000852.XSHG,中证1000,6909.74,7032.67,6909.74,6995.53,6900.99,19246161000.0,250604924000.0,1.369948,0.01781339,1.781339
2022-07-01,000852.XSHG,中证1000,6999.68,7039.85,6967.48,6994.5,6995.53,17805449400.0,233832177500.0,-0.014724,0.01034518,1.034518
2022-07-04,000852.XSHG,中证1000,6985.05,7076.32,6928.4,7076.32,6994.5,18118035700.0,252318362500.0,1.169776,0.02114804,2.114804
2022-07-05,000852.XSHG,中证1000,7081.9,7098.57,6950.24,7036.0,7076.32,20439861000.0,264570261800.0,-0.569788,0.02096146,2.096146
2022-07-06,000852.XSHG,中证1000,7014.45,7041.87,6890.93,6953.98,7036.0,18211458500.0,238627648600.0,-1.165719,0.02145253,2.145253
2022-07-07,000852.XSHG,中证1000,6955.53,7053.45,6910.09,7041.87,6953.98,17030424200.0,228172329100.0,1.263881,0.02061553,2.061553
2022-07-08,000852.XSHG,中证1000,7067.03,7084.9,6990.74,7000.79,7041.87,17451569000.0,229822927600.0,-0.583368,0.01337145,1.337145
2022-07-11,000852.XSHG,中证1000,6976.1,6976.1,6830.47,6893.63,7000.79,17454946200.0,222946715600.0,-1.530684,0.02080194,2.080194
2022-07-12,000852.XSHG,中证1000,6891.58,6911.8,6779.56,6779.56,6893.63,16805720000.0,210812628200.0,-1.654716,0.01918293,1.918293
2022-07-13,000852.XSHG,中证1000,6780.61,6855.07,6737.88,6834.9,6779.56,16726815300.0,203183722400.0,0.816277,0.01728578,1.728578
2022-07-14,000852.XSHG,中证1000,6823.09,6954.91,6809.1,6920.87,6834.9,18406491500.0,236000197200.0,1.257809,0.02133316,2.133316
2022-07-15,000852.XSHG,中证1000,6889.81,6966.04,6852.82,6852.82,6920.87,19862573500.0,249001066000.0,-0.983258,0.01635921,1.635921
2022-07-18,000852.XSHG,中证1000,6868.3,6953.93,6839.13,6953.93,6852.82,18204798500.0,234953105000.0,1.475451,0.01675223,1.675223
2022-07-19,000852.XSHG,中证1000,6956.86,7033.25,6932.74,7009.32,6953.93,18224049200.0,235415924700.0,0.796528,0.0144537,1.44537
2022-07-20,000852.XSHG,中证1000,7028.79,7110.1,7019.51,7110.1,7009.32,18153371900.0,241532114500.0,1.4378,0.01292422,1.292422
2022-07-21,000852.XSHG,中证1000,7098.27,7134.22,7067.15,7075.29,7110.1,19676974000.0,260583935000.0,-0.489585,0.00943306,0.943306
2022-07-22,000852.XSHG,中证1000,7081.56,7124.3,6969.43,7034.6,7075.29,17303097300.0,221488794700.0,-0.5751,0.02188886,2.188886
2022-07-25,000852.XSHG,中证1000,7037.76,7068.34,6933.82,6948.91,7034.6,16239084400.0,210550924700.0,-1.218122,0.01912262,1.912262
2022-07-26,000852.XSHG,中证1000,6949.19,7031.11,6901.93,7027.42,6948.91,14721844500.0,194799480700.0,1.129817,0.01858997,1.858997
2022-07-27,000852.XSHG,中证1000,7018.22,7109.54,7005.07,7099.43,7027.42,15226912800.0,206541488900.0,1.0247,0.01486605,1.486605
2022-07-28,000852.XSHG,中证1000,7138.32,7196.73,7112.74,7150.2,7099.43,18035430500.0,241095066400.0,0.715128,0.01183053,1.183053
2022-07-29,000852.XSHG,中证1000,7152.33,7179.47,7105.33,7117.43,7150.2,17684117900.0,231274234700.0,-0.458309,0.01036894,1.036894
2022-08-01,000852.XSHG,中证1000,7100.71,7180.45,7055.61,7180.45,7117.43,16280303200.0,228160015400.0,0.885432,0.01754004,1.754004
2022-08-02,000852.XSHG,中证1000,7098.18,7098.18,6872.75,6957.98,7180.45,22308828700.0,279667759200.0,-3.098274,0.03139497,3.139497
2022-08-03,000852.XSHG,中证1000,6968.29,7079.85,6893.52,6916.67,6957.98,19904630100.0,267708334100.0,-0.593707,0.02677932,2.677932
2022-08-04,000852.XSHG,中证1000,6953.98,6977.39,6853.7,6960.31,6916.67,15789606500.0,210363578700.0,0.630939,0.01788288,1.788288
2022-08-05,000852.XSHG,中证1000,6975.89,7096.43,6961.65,7090.0,6960.31,17084849600.0,239898855800.0,1.863279,0.01936408,1.936408
2022-08-08,000852.XSHG,中证1000,7082.54,7176.48,7062.37,7176.11,7090.0,15856130500.0,232418782700.0,1.214528,0.0160945,1.60945
2022-08-09,000852.XSHG,中证1000,7168.96,7207.4,7131.34,7207.4,7176.11,16291287800.0,235299436700.0,0.43603,0.01059906,1.059906
2022-08-10,000852.XSHG,中证1000,7183.18,7231.43,7169.88,7212.08,7207.4,15963661800.0,233901774500.0,0.064933,0.00853983,0.853983
2022-08-11,000852.XSHG,中证1000,7241.73,7295.89,7212.4,7294.49,7212.08,17950620700.0,248429232300.0,1.142666,0.01157641,1.157641
2022-08-12,000852.XSHG,中证1000,7287.65,7311.89,7228.34,7228.83,7294.49,18128890500.0,235585532100.0,-0.900131,0.01145385,1.145385
2022-08-15,000852.XSHG,中证1000,7218.09,7296.34,7215.2,7283.5,7228.83,16908259700.0,224364656900.0,0.756277,0.0112245,1.12245
2022-08-16,000852.XSHG,中证1000,7290.24,7356.11,7280.92,7324.62,7283.5,18367482000.0,241350466900.0,0.564564,0.01032333,1.032333
2022-08-17,000852.XSHG,中证1000,7330.48,7342.7,7280.57,7328.67,7324.62,18361214000.0,245094600800.0,0.055293,0.00848235,0.848235
2022-08-18,000852.XSHG,中证1000,7315.41,7358.71,7298.93,7351.44,7328.67,17637769200.0,242504373700.0,0.310698,0.00815701,0.815701
2022-08-19,000852.XSHG,中证1000,7353.43,7369.73,7234.41,7234.41,7351.44,19077446600.0,256614238600.0,-1.591933,0.01840728,1.840728
2022-08-22,000852.XSHG,中证1000,7214.48,7289.31,7170.2,7288.58,7234.41,17266760300.0,232384012700.0,0.748783,0.01646437,1.646437
2022-08-23,000852.XSHG,中证1000,7275.38,7310.13,7267.79,7306.02,7288.58,17106706900.0,228827949600.0,0.239278,0.00580909,0.580909
2022-08-24,000852.XSHG,中证1000,7312.55,7315.1,7029.88,7039.41,7306.02,20752160200.0,261715052600.0,-3.649182,0.03903904,3.903904
2022-08-25,000852.XSHG,中证1000,7065.34,7080.73,6930.84,7016.31,7039.41,17435131200.0,214927185100.0,-0.328153,0.02129298,2.129298
2022-08-26,000852.XSHG,中证1000,7032.66,7103.83,6966.07,6980.18,7016.31,16172503600.0,208825351100.0,-0.514943,0.01963425,1.963425
2022-08-29,000852.XSHG,中证1000,6884.73,7022.79,6858.43,7021.31,6980.18,15357144500.0,190249844400.0,0.58924,0.02354667,2.354667
2022-08-30,000852.XSHG,中证1000,7018.72,7025.46,6943.14,6976.72,7021.31,15383292500.0,190519769600.0,-0.635067,0.01172431,1.172431
2022-08-31,000852.XSHG,中证1000,6954.51,6966.99,6738.52,6750.74,6976.72,16655993000.0,208164754900.0,-3.239058,0.03274748,3.274748
2022-09-01,000852.XSHG,中证1000,6757.01,6819.62,6698.84,6717.1,6750.74,13682129000.0,167515966800.0,-0.498316,0.01789137,1.789137
2022-09-02,000852.XSHG,中证1000,6731.67,6801.35,6695.1,6776.83,6717.1,12855538300.0,162328853000.0,0.889223,0.01581784,1.581784
2022-09-05,000852.XSHG,中证1000,6774.19,6831.22,6739.14,6791.09,6776.83,13191103900.0,161721445300.0,0.210423,0.01358747,1.358747
2022-09-06,000852.XSHG,中证1000,6808.87,6919.65,6780.44,6919.65,6791.09,14434432500.0,183761283700.0,1.893069,0.02049892,2.049892
2022-09-07,000852.XSHG,中证1000,6894.71,6989.75,6882.59,6963.52,6919.65,14299835000.0,186886081900.0,0.633992,0.01548633,1.548633
2022-09-08,000852.XSHG,中证1000,6965.56,6975.13,6889.86,6897.1,6963.52,13301460300.0,165823754400.0,-0.953828,0.01224524,1.224524
2022-09-09,000852.XSHG,中证1000,6908.71,6918.2,6848.27,6913.58,6897.1,13094077700.0,158316315500.0,0.238941,0.01013904,1.013904
2022-09-13,000852.XSHG,中证1000,6935.59,6957.35,6886.36,6904.08,6913.58,12598258300.0,156495592900.0,-0.137411,0.0102682,1.02682
2022-09-14,000852.XSHG,中证1000,6800.93,6851.09,6783.19,6829.56,6904.08,12130940700.0,150215220600.0,-1.079362,0.00983476,0.983476
2022-09-15,000852.XSHG,中证1000,6859.25,6866.55,6543.2,6619.19,6829.56,16063456200.0,196010799800.0,-3.080286,0.04734566,4.734566
2022-09-16,000852.XSHG,中证1000,6599.27,6632.56,6480.1,6481.24,6619.19,13570416900.0,160257556500.0,-2.084092,0.02303303,2.303303
2022-09-19,000852.XSHG,中证1000,6468.39,6504.75,6364.07,6399.8,6481.24,10793418100.0,130349058200.0,-1.25655,0.02170572,2.170572
2022-09-20,000852.XSHG,中证1000,6441.1,6536.42,6436.76,6482.13,6399.8,9989803400.0,126916550600.0,1.286446,0.01557236,1.557236
2022-09-21,000852.XSHG,中证1000,6461.25,6506.06,6378.63,6480.6,6482.13,10560009300.0,122346817400.0,-0.023603,0.01965866,1.965866
2022-09-22,000852.XSHG,中证1000,6438.29,6554.3,6429.5,6487.27,6480.6,10514698800.0,129139062100.0,0.102923,0.01925748,1.925748
2022-09-23,000852.XSHG,中证1000,6486.79,6504.03,6306.96,6363.68,6487.27,11196568500.0,136013847000.0,-1.905116,0.03037796,3.037796
2022-09-26,000852.XSHG,中证1000,6318.3,6404.01,6274.34,6283.59,6363.68,11045349300.0,129054876600.0,-1.258549,0.02037657,2.037657
2022-09-27,000852.XSHG,中证1000,6302.89,6409.78,6287.77,6409.78,6283.59,10603349400.0,133034781200.0,2.008247,0.01941724,1.941724
2022-09-28,000852.XSHG,中证1000,6397.84,6401.84,6211.11,6211.11,6409.78,10496007700.0,128903902400.0,-3.099482,0.02975609,2.975609
2022-09-29,000852.XSHG,中证1000,6270.91,6307.78,6192.77,6228.78,6211.11,10573074400.0,127446447100.0,0.28449,0.01851682,1.851682
2022-09-30,000852.XSHG,中证1000,6221.83,6241.96,6123.99,6124.86,6228.78,9256460000.0,113064814100.0,-1.668384,0.0189395,1.89395
2022-10-10,000852.XSHG,中证1000,6136.71,6154.06,5964.62,5984.5,6124.86,10244813700.0,122828919900.0,-2.291644,0.03092969,3.092969
2022-10-11,000852.XSHG,中证1000,5994.76,6044.28,5939.07,6017.72,5984.5,9423800100.0,111536274600.0,0.555101,0.01758042,1.758042
2022-10-12,000852.XSHG,中证1000,6017.67,6192.65,5918.02,6192.65,6017.72,12005305300.0,146042371700.0,2.906915,0.04563689,4.563689
2022-10-13,000852.XSHG,中证1000,6162.71,6311.51,6146.4,6252.22,6192.65,12870090600.0,157054880000.0,0.961947,0.02666225,2.666225
2022-10-14,000852.XSHG,中证1000,6296.35,6427.47,6286.67,6406.46,6252.22,14180202600.0,181411953800.0,2.466964,0.02252,2.252
2022-10-17,000852.XSHG,中证1000,6380.21,6476.4,6370.15,6472.45,6406.46,13244462800.0,171128918400.0,1.030054,0.01658482,1.658482
2022-10-18,000852.XSHG,中证1000,6490.6,6551.8,6447.78,6508.5,6472.45,12992094600.0,172917916300.0,0.556976,0.01607119,1.607119
2022-10-19,000852.XSHG,中证1000,6492.6,6533.57,6460.7,6461.15,6508.5,12464738100.0,165890298100.0,-0.72751,0.01119613,1.119613
2022-10-20,000852.XSHG,中证1000,6431.99,6525.8,6342.15,6429.7,6461.15,13352498600.0,176048476200.0,-0.486755,0.02842373,2.842373
2022-10-21,000852.XSHG,中证1000,6433.33,6469.09,6387.77,6432.33,6429.7,11987978100.0,151129742800.0,0.040904,0.01264756,1.264756
2022-10-24,000852.XSHG,中证1000,6448.87,6554.37,6335.07,6378.43,6432.33,14135712600.0,180064469800.0,-0.837955,0.0340934,3.40934
2022-10-25,000852.XSHG,中证1000,6346.15,6411.17,6248.84,6355.78,6378.43,12932141000.0,165200236900.0,-0.355103,0.02544984,2.544984
2022-10-26,000852.XSHG,中证1000,6358.06,6548.62,6348.99,6491.69,6355.78,15066389200.0,200200044200.0,2.138369,0.03140921,3.140921
2022-10-27,000852.XSHG,中证1000,6497.52,6544.42,6459.92,6461.61,6491.69,14677382200.0,196363432000.0,-0.463362,0.01301664,1.301664
2022-10-28,000852.XSHG,中证1000,6412.61,6446.6,6216.27,6239.93,6461.61,15612049500.0,197514525500.0,-3.430724,0.03564591,3.564591
2022-10-31,000852.XSHG,中证1000,6201.75,6349.12,6201.28,6292.62,6239.93,14587478800.0,187134463300.0,0.8444,0.02369257,2.369257
2022-11-01,000852.XSHG,中证1000,6299.03,6440.92,6277.62,6439.82,6292.62,15226299000.0,199551407200.0,2.339248,0.02595103,2.595103
2022-11-02,000852.XSHG,中证1000,6434.95,6557.01,6424.66,6524.51,6439.82,16256856300.0,216303778300.0,1.315099,0.02055182,2.055182
2022-11-03,000852.XSHG,中证1000,6467.23,6576.37,6461.3,6566.84,6524.51,14151370400.0,199422978700.0,0.648784,0.01763657,1.763657
2022-11-04,000852.XSHG,中证1000,6569.19,6719.51,6568.78,6709.64,6566.84,16506243400.0,230118260600.0,2.174562,0.0229532,2.29532
2022-11-07,000852.XSHG,中证1000,6713.73,6749.76,6660.98,6713.64,6709.64,16025494700.0,220210872300.0,0.059616,0.01323171,1.323171
2022-11-08,000852.XSHG,中证1000,6707.01,6708.08,6647.44,6694.96,6713.64,13547178700.0,180763670700.0,-0.27824,0.00903236,0.903236
2022-11-09,000852.XSHG,中证1000,6694.4,6736.67,6664.37,6676.01,6694.96,12656456500.0,164404507000.0,-0.283049,0.01079917,1.079917
2022-11-10,000852.XSHG,中证1000,6638.52,6663.11,6583.86,6603.31,6676.01,14213764500.0,183303850100.0,-1.088974,0.01187086,1.187086
2022-11-11,000852.XSHG,中证1000,6749.07,6776.74,6641.76,6643.48,6603.31,19164896600.0,237140698600.0,0.608331,0.02044126,2.044126
2022-11-14,000852.XSHG,中证1000,6639.02,6688.01,6570.49,6599.67,6643.48,17430398500.0,212896585300.0,-0.659444,0.01768952,1.768952
2022-11-15,000852.XSHG,中证1000,6593.63,6752.51,6576.87,6752.51,6599.67,17093916000.0,221716230400.0,2.315873,0.02661345,2.661345
2022-11-16,000852.XSHG,中证1000,6749.96,6775.38,6687.32,6702.04,6752.51,15502116300.0,195240529700.0,-0.747426,0.01304108,1.304108
2022-11-17,000852.XSHG,中证1000,6685.94,6714.5,6629.9,6714.5,6702.04,15919125300.0,198847162600.0,0.185914,0.01262302,1.262302
2022-11-18,000852.XSHG,中证1000,6711.89,6752.84,6650.74,6658.4,6714.5,16810522100.0,215157473500.0,-0.835505,0.0152059,1.52059
2022-11-21,000852.XSHG,中证1000,6622.6,6689.33,6585.28,6689.33,6658.4,13715526500.0,179567680600.0,0.464526,0.01562688,1.562688
2022-11-22,000852.XSHG,中证1000,6682.05,6692.24,6556.34,6583.23,6689.33,15085322600.0,191781768800.0,-1.586108,0.02031594,2.031594
2022-11-23,000852.XSHG,中证1000,6572.16,6592.3,6451.96,6567.99,6583.23,14436622800.0,179521416700.0,-0.231497,0.0213178,2.13178
2022-11-24,000852.XSHG,中证1000,6573.47,6611.8,6553.96,6586.86,6567.99,12619733200.0,159909378900.0,0.287303,0.00880635,0.880635
2022-11-25,000852.XSHG,中证1000,6573.02,6573.02,6508.52,6512.16,6586.86,12457939600.0,149034249000.0,-1.134076,0.00979222,0.979222
2022-11-28,000852.XSHG,中证1000,6426.93,6494.98,6412.03,6492.71,6512.16,12988178000.0,152031616700.0,-0.298672,0.01273771,1.273771
2022-11-29,000852.XSHG,中证1000,6505.9,6607.46,6505.9,6594.32,6492.71,15744830100.0,180031860500.0,1.564986,0.01564216,1.564216
2022-11-30,000852.XSHG,中证1000,6591.68,6619.27,6561.27,6590.31,6594.32,15540313600.0,178510447600.0,-0.06081,0.00879545,0.879545
2022-12-01,000852.XSHG,中证1000,6645.47,6691.51,6639.63,6658.43,6590.31,16215067800.0,199785991900.0,1.033639,0.00787216,0.787216
2022-12-02,000852.XSHG,中证1000,6644.44,6721.69,6637.16,6680.54,6658.43,14942402800.0,179613917600.0,0.33206,0.01269518,1.269518
2022-12-05,000852.XSHG,中证1000,6710.73,6723.57,6675.6,6714.37,6680.54,17891502500.0,206225540000.0,0.506396,0.00718056,0.718056
2022-12-06,000852.XSHG,中证1000,6690.92,6731.07,6667.0,6703.55,6714.37,15481011400.0,191497741700.0,-0.161147,0.00954222,0.954222
2022-12-07,000852.XSHG,中证1000,6684.61,6732.26,6677.52,6705.29,6703.55,15598928100.0,188674730700.0,0.025956,0.00816582,0.816582
2022-12-08,000852.XSHG,中证1000,6694.84,6699.3,6648.35,6662.34,6705.29,14861163200.0,176772060300.0,-0.640539,0.00759848,0.759848
2022-12-09,000852.XSHG,中证1000,6661.9,6684.15,6626.94,6680.38,6662.34,16034916400.0,201813642800.0,0.270776,0.00858707,0.858707
2022-12-12,000852.XSHG,中证1000,6669.17,6680.61,6626.87,6655.67,6680.38,15365306800.0,186669163100.0,-0.369889,0.00804445,0.804445
2022-12-13,000852.XSHG,中证1000,6654.67,6654.75,6586.87,6593.67,6655.67,14969272300.0,176834414900.0,-0.931537,0.01019882,1.019882
2022-12-14,000852.XSHG,中证1000,6600.41,6626.7,6556.81,6570.02,6593.67,13966493100.0,167786593300.0,-0.358677,0.01059956,1.059956
2022-12-15,000852.XSHG,中证1000,6557.9,6605.7,6545.0,6597.55,6570.02,12885054400.0,160225836000.0,0.419025,0.00923894,0.923894
2022-12-16,000852.XSHG,中证1000,6569.06,6581.93,6504.05,6519.44,6597.55,13443484900.0,161172961100.0,-1.183924,0.01180438,1.180438
2022-12-19,000852.XSHG,中证1000,6518.38,6537.14,6367.45,6390.77,6519.44,13548597200.0,156179605200.0,-1.973636,0.02602831,2.602831
2022-12-20,000852.XSHG,中证1000,6380.22,6389.05,6321.14,6341.58,6390.77,11000860600.0,131077432600.0,-0.769704,0.01062626,1.062626
2022-12-21,000852.XSHG,中证1000,6341.22,6344.66,6255.35,6289.14,6341.58,10272973500.0,122909095300.0,-0.826923,0.01408324,1.408324
2022-12-22,000852.XSHG,中证1000,6314.55,6319.57,6171.18,6186.93,6289.14,11324545600.0,131875231600.0,-1.625182,0.02359464,2.359464
2022-12-23,000852.XSHG,中证1000,6154.66,6197.24,6120.94,6160.75,6186.93,9709472900.0,116283463600.0,-0.42315,0.01233245,1.233245
2022-12-26,000852.XSHG,中证1000,6161.94,6276.11,6161.94,6275.52,6160.75,10003121000.0,125237422900.0,1.862923,0.01853183,1.853183
2022-12-27,000852.XSHG,中证1000,6288.61,6328.36,6256.04,6325.63,6275.52,10927050000.0,136753468400.0,0.7985,0.01152414,1.152414
2022-12-28,000852.XSHG,中证1000,6304.59,6306.95,6251.3,6268.47,6325.63,10526387400.0,125061546600.0,-0.903625,0.00879754,0.879754
2022-12-29,000852.XSHG,中证1000,6253.79,6322.25,6245.23,6261.83,6268.47,10238221100.0,121083656000.0,-0.105927,0.01228689,1.228689
2022-12-30,000852.XSHG,中证1000,6283.5,6296.24,6262.6,6281.62,6261.83,9714649600.0,116528198900.0,0.316042,0.00537223,0.537223
2023-01-03,000852.XSHG,中证1000,6286.81,6433.79,6275.69,6423.7,6281.62,13318168000.0,160707712600.0,2.261837,0.02516867,2.516867
2023-01-04,000852.XSHG,中证1000,6423.43,6445.62,6385.0,6421.28,6423.7,13104009300.0,156632578000.0,-0.037673,0.00943693,0.943693
2023-01-05,000852.XSHG,中证1000,6427.45,6489.99,6413.75,6485.47,6421.28,12166152600.0,155822047700.0,0.999645,0.01187302,1.187302
2023-01-06,000852.XSHG,中证1000,6482.88,6539.76,6478.63,6500.32,6485.47,12938399700.0,165796221300.0,0.228973,0.00942569,0.942569
2023-01-09,000852.XSHG,中证1000,6523.14,6559.46,6517.57,6535.75,6500.32,12204787100.0,162944069600.0,0.54505,0.0064443,0.64443
2023-01-10,000852.XSHG,中证1000,6541.82,6546.54,6505.1,6540.2,6535.75,11162812100.0,146634283700.0,0.068087,0.00634051,0.634051
2023-01-11,000852.XSHG,中证1000,6544.57,6562.35,6480.95,6486.9,6540.2,11288294200.0,147472868600.0,-0.81496,0.0124461,1.24461
2023-01-12,000852.XSHG,中证1000,6495.16,6529.81,6469.48,6489.57,6486.9,10493747000.0,134846593000.0,0.04116,0.00930028,0.930028
2023-01-13,000852.XSHG,中证1000,6505.24,6517.51,6475.66,6517.51,6489.57,11076193600.0,138907307000.0,0.430537,0.00644881,0.644881
2023-01-16,000852.XSHG,中证1000,6521.45,6628.73,6521.45,6591.81,6517.51,14107088800.0,175416637500.0,1.140006,0.01646027,1.646027
2023-01-17,000852.XSHG,中证1000,6600.25,6622.32,6573.28,6597.49,6591.81,10842111100.0,139660962000.0,0.086168,0.00743953,0.743953
2023-01-18,000852.XSHG,中证1000,6613.74,6635.85,6593.37,6613.01,6597.49,10583467400.0,125976031100.0,0.235241,0.00643881,0.643881
2023-01-19,000852.XSHG,中证1000,6605.45,6678.18,6590.42,6676.08,6613.01,10758956000.0,135675334800.0,0.953726,0.01327081,1.327081
2023-01-20,000852.XSHG,中证1000,6690.14,6740.13,6690.14,6736.85,6676.08,12276268200.0,154872288700.0,0.910265,0.00748793,0.748793
2023-01-30,000852.XSHG,中证1000,6815.14,6839.84,6780.37,6786.45,6736.85,17076933200.0,211140043900.0,0.736249,0.00882757,0.882757
2023-01-31,000852.XSHG,中证1000,6763.4,6820.14,6758.9,6805.28,6786.45,14771234600.0,180790076300.0,0.277465,0.00902386,0.902386
2023-02-01,000852.XSHG,中证1000,6815.06,6916.73,6812.79,6916.72,6805.28,16965166100.0,208871365600.0,1.637552,0.01527343,1.527343
2023-02-02,000852.XSHG,中证1000,6926.58,6969.79,6908.7,6933.23,6916.72,16713398600.0,212328053400.0,0.238697,0.00883222,0.883222
2023-02-03,000852.XSHG,中证1000,6922.79,6934.32,6829.4,6925.08,6933.23,15755888000.0,194152771400.0,-0.11755,0.01513292,1.513292
2023-02-06,000852.XSHG,中证1000,6902.49,6928.28,6853.91,6891.41,6925.08,14605902700.0,182865349100.0,-0.486204,0.01073923,1.073923
2023-02-07,000852.XSHG,中证1000,6900.23,6924.42,6864.21,6924.32,6891.41,15010875200.0,187069724900.0,0.477551,0.00873696,0.873696
2023-02-08,000852.XSHG,中证1000,6927.33,6932.99,6873.6,6877.72,6924.32,13851073100.0,173815150500.0,-0.67299,0.00857702,0.857702
2023-02-09,000852.XSHG,中证1000,6864.03,6999.18,6850.57,6999.18,6877.72,14914769700.0,194994550300.0,1.765992,0.02160745,2.160745
2023-02-10,000852.XSHG,中证1000,6991.23,7015.25,6926.48,6975.39,6999.18,15243205100.0,189923379500.0,-0.339897,0.01268291,1.268291
2023-02-13,000852.XSHG,中证1000,6976.33,7052.6,6973.41,7052.18,6975.39,16084848000.0,207706780000.0,1.10087,0.01135277,1.135277
2023-02-14,000852.XSHG,中证1000,7064.53,7070.33,7028.79,7061.45,7052.18,15178643800.0,199029649600.0,0.131449,0.00589038,0.589038
2023-02-15,000852.XSHG,中证1000,7062.36,7076.87,7038.99,7063.6,7061.45,15977932800.0,207038398300.0,0.030447,0.00536434,0.536434
2023-02-16,000852.XSHG,中证1000,7063.93,7098.92,6878.35,6925.2,7063.6,21738161700.0,263155308300.0,-1.959341,0.03122629,3.122629
2023-02-17,000852.XSHG,中证1000,6931.99,6954.85,6861.3,6868.55,6925.2,17265690200.0,203845829200.0,-0.818027,0.01350864,1.350864
2023-02-20,000852.XSHG,中证1000,6871.86,6959.75,6825.87,6959.36,6868.55,16561437900.0,196438662000.0,1.322113,0.01949174,1.949174
2023-02-21,000852.XSHG,中证1000,6969.35,7008.55,6939.59,6990.48,6959.36,17169094600.0,203386321200.0,0.447168,0.00990896,0.990896
2023-02-22,000852.XSHG,中证1000,6961.15,7014.56,6947.12,6998.43,6990.48,14460101600.0,175966912600.0,0.113726,0.00964741,0.964741
2023-02-23,000852.XSHG,中证1000,6997.78,7008.68,6929.61,6966.79,6998.43,14186246700.0,172438837800.0,-0.452101,0.01129825,1.129825
2023-02-24,000852.XSHG,中证1000,6971.65,6983.16,6906.69,6944.82,6966.79,12107882600.0,151978026600.0,-0.315353,0.01097636,1.097636
2023-02-27,000852.XSHG,中证1000,6928.03,6950.88,6876.25,6894.3,6944.82,12930093900.0,162346177200.0,-0.727449,0.01074614,1.074614
2023-02-28,000852.XSHG,中证1000,6911.36,6955.57,6874.93,6955.57,6894.3,13103602500.0,164461396700.0,0.888705,0.01169662,1.169662
2023-03-01,000852.XSHG,中证1000,6955.48,7002.77,6932.76,7002.77,6955.57,15590855500.0,194162937400.0,0.678593,0.01006531,1.006531
2023-03-02,000852.XSHG,中证1000,6999.23,7021.11,6963.06,6972.31,7002.77,16650570800.0,202422136300.0,-0.434971,0.00828958,0.828958
2023-03-03,000852.XSHG,中证1000,6970.21,6997.42,6921.27,6967.94,6972.31,15459824700.0,184879618900.0,-0.062677,0.01092177,1.092177
2023-03-06,000852.XSHG,中证1000,6973.52,7004.71,6933.99,6997.04,6967.94,15031713400.0,194154258000.0,0.417627,0.01014934,1.014934
2023-03-07,000852.XSHG,中证1000,6991.56,6993.18,6855.34,6855.34,6997.04,15975778000.0,189478401800.0,-2.025142,0.01969976,1.969976
2023-03-08,000852.XSHG,中证1000,6838.63,6894.36,6832.04,6891.46,6855.34,12128060000.0,152705779600.0,0.526889,0.00909072,0.909072
2023-03-09,000852.XSHG,中证1000,6898.24,6911.54,6851.91,6892.86,6891.46,12667126100.0,155909335200.0,0.020315,0.00865274,0.865274
2023-03-10,000852.XSHG,中证1000,6854.41,6864.94,6795.22,6798.3,6892.86,14033859100.0,170506323900.0,-1.371854,0.01011481,1.011481
2023-03-13,000852.XSHG,中证1000,6780.02,6832.62,6750.22,6832.62,6798.3,14119118700.0,176170851100.0,0.504832,0.01212068,1.212068
2023-03-14,000852.XSHG,中证1000,6824.25,6824.25,6690.09,6769.85,6832.62,15633643500.0,197124650900.0,-0.918681,0.01963522,1.963522
2023-03-15,000852.XSHG,中证1000,6797.82,6844.97,6794.41,6803.47,6769.85,13914701000.0,171749343200.0,0.496614,0.00746841,0.746841
2023-03-16,000852.XSHG,中证1000,6769.61,6777.91,6677.68,6689.78,6803.47,14188184500.0,175508119100.0,-1.671059,0.01473219,1.473219
2023-03-17,000852.XSHG,中证1000,6726.96,6781.95,6717.14,6736.37,6689.78,16153534500.0,204155942100.0,0.696435,0.00968791,0.968791
2023-03-20,000852.XSHG,中证1000,6745.95,6760.91,6694.52,6721.45,6736.37,17531344100.0,230174336000.0,-0.221484,0.00985546,0.985546
2023-03-21,000852.XSHG,中证1000,6726.8,6810.29,6725.83,6809.39,6721.45,14658493500.0,195253243700.0,1.308349,0.01256574,1.256574
2023-03-22,000852.XSHG,中证1000,6830.19,6845.76,6810.76,6840.33,6809.39,16031826700.0,211699058100.0,0.454373,0.00513996,0.513996
2023-03-23,000852.XSHG,中证1000,6827.68,6869.18,6809.85,6868.83,6840.33,16544805600.0,224978318700.0,0.416647,0.00867356,0.867356
2023-03-24,000852.XSHG,中证1000,6874.54,6880.19,6840.75,6867.95,6868.83,18168022900.0,240207098000.0,-0.012811,0.00574188,0.574188
2023-03-27,000852.XSHG,中证1000,6874.39,6900.63,6830.95,6886.69,6867.95,19506440300.0,270611684200.0,0.272862,0.01014568,1.014568
2023-03-28,000852.XSHG,中证1000,6881.11,6884.54,6816.45,6825.38,6886.69,17046883700.0,236725308500.0,-0.890268,0.00988719,0.988719
2023-03-29,000852.XSHG,中证1000,6825.13,6839.9,6785.15,6806.28,6825.38,16080659500.0,220165772700.0,-0.279838,0.00802153,0.802153
2023-03-30,000852.XSHG,中证1000,6802.07,6814.69,6751.69,6807.64,6806.28,14617575600.0,195037119400.0,0.019982,0.00925616,0.925616
2023-03-31,000852.XSHG,中证1000,6806.61,6878.32,6801.94,6875.81,6807.64,15158195000.0,202602542900.0,1.001375,0.01121975,1.121975
2023-04-03,000852.XSHG,中证1000,6878.09,6966.69,6878.09,6962.2,6875.81,19455447700.0,274916847300.0,1.256434,0.01288575,1.288575
2023-04-04,000852.XSHG,中证1000,6960.91,6966.99,6918.13,6953.36,6962.2,21321196200.0,306141970200.0,-0.126971,0.0070179,0.70179
2023-04-06,000852.XSHG,中证1000,6926.19,6988.37,6921.66,6983.03,6953.36,19100949400.0,281226984700.0,0.4267,0.00959392,0.959392
2023-04-07,000852.XSHG,中证1000,6987.01,7043.22,6978.35,7042.89,6983.03,16743732000.0,242608190900.0,0.857221,0.00928966,0.928966
2023-04-10,000852.XSHG,中证1000,7050.24,7052.74,6950.77,6968.57,7042.89,18100786800.0,265199179400.0,-1.055249,0.01447843,1.447843
2023-04-11,000852.XSHG,中证1000,6967.03,6986.44,6937.02,6984.14,6968.57,16279396500.0,228357143500.0,0.223432,0.00709184,0.709184
2023-04-12,000852.XSHG,中证1000,6989.69,7027.84,6979.28,7021.02,6984.14,18030093800.0,252639249600.0,0.528054,0.0069529,0.69529
2023-04-13,000852.XSHG,中证1000,7011.66,7029.1,6956.68,6966.82,7021.02,18293674600.0,253331499900.0,-0.771968,0.01031474,1.031474
2023-04-14,000852.XSHG,中证1000,6978.59,7026.12,6942.57,7020.09,6966.82,17475180200.0,249159555600.0,0.764624,0.01199256,1.199256
2023-04-17,000852.XSHG,中证1000,7009.47,7030.24,6989.7,7012.77,7020.09,17346310100.0,235338063500.0,-0.104272,0.00577485,0.577485
2023-04-18,000852.XSHG,中证1000,7002.26,7014.38,6961.51,6997.07,7012.77,16027809500.0,221281575100.0,-0.223877,0.0075391,0.75391
2023-04-19,000852.XSHG,中证1000,6988.65,7011.93,6955.36,6965.58,6997.07,16896811700.0,237689578700.0,-0.450046,0.00808481,0.808481
2023-04-20,000852.XSHG,中证1000,6956.37,6963.9,6911.98,6963.9,6965.58,17424078500.0,249390407800.0,-0.024119,0.00745379,0.745379
2023-04-21,000852.XSHG,中证1000,6954.1,6963.08,6773.51,6773.51,6963.9,19317732400.0,266671875900.0,-2.733957,0.02722182,2.722182
2023-04-24,000852.XSHG,中证1000,6766.52,6771.65,6692.22,6725.27,6773.51,17236563900.0,233604520100.0,-0.712186,0.01172656,1.172656
2023-04-25,000852.XSHG,中证1000,6708.28,6711.57,6517.27,6603.24,6725.27,19439982000.0,247485613400.0,-1.8145,0.02889103,2.889103
2023-04-26,000852.XSHG,中证1000,6577.36,6667.43,6573.88,6624.4,6603.24,18456174500.0,254123867600.0,0.320449,0.01416729,1.416729
2023-04-27,000852.XSHG,中证1000,6597.73,6672.22,6593.38,6633.49,6624.4,17420209100.0,232047938600.0,0.13722,0.01190146,1.190146
2023-04-28,000852.XSHG,中证1000,6617.32,6724.57,6617.32,6723.3,6633.49,18902761600.0,241929257700.0,1.353888,0.01616796,1.616796
2023-05-04,000852.XSHG,中证1000,6701.49,6738.44,6698.64,6733.97,6723.3,20213704700.0,252755422000.0,0.158702,0.00591971,0.591971
2023-05-05,000852.XSHG,中证1000,6723.16,6723.98,6612.74,6653.65,6733.97,18587696200.0,232757192600.0,-1.192759,0.01651923,1.651923
2023-05-08,000852.XSHG,中证1000,6660.92,6714.39,6660.92,6702.5,6653.65,20420461900.0,239780230200.0,0.734183,0.00803619,0.803619
2023-05-09,000852.XSHG,中证1000,6696.67,6705.74,6610.57,6611.64,6702.5,21751823800.0,256339239600.0,-1.355614,0.01419918,1.419918
2023-05-10,000852.XSHG,中证1000,6599.79,6648.04,6576.4,6627.31,6611.64,17230127700.0,212227315500.0,0.237006,0.01083544,1.083544
2023-05-11,000852.XSHG,中证1000,6634.16,6653.38,6618.19,6622.52,6627.31,15580515500.0,192273319300.0,-0.072277,0.00530985,0.530985
2023-05-12,000852.XSHG,中证1000,6608.83,6630.56,6535.11,6535.94,6622.52,15332911500.0,183608124200.0,-1.307357,0.01441294,1.441294
2023-05-15,000852.XSHG,中证1000,6537.4,6585.91,6466.45,6585.91,6535.94,16112681900.0,191863235500.0,0.764542,0.0182774,1.82774
2023-05-16,000852.XSHG,中证1000,6586.72,6586.72,6501.31,6516.29,6585.91,14243410700.0,178199462200.0,-1.057105,0.0129686,1.29686
2023-05-17,000852.XSHG,中证1000,6500.44,6555.77,6497.38,6554.98,6516.29,12577806300.0,156078814600.0,0.593743,0.00896062,0.896062
2023-05-18,000852.XSHG,中证1000,6557.37,6595.49,6554.08,6583.74,6554.98,14436880100.0,186333515800.0,0.43875,0.00631733,0.631733
2023-05-19,000852.XSHG,中证1000,6571.09,6621.43,6545.08,6602.32,6583.74,13543298900.0,179071786300.0,0.28221,0.01159675,1.159675
2023-05-22,000852.XSHG,中证1000,6589.35,6608.88,6556.74,6595.98,6602.32,13119854300.0,163204580600.0,-0.096027,0.00789722,0.789722
2023-05-23,000852.XSHG,中证1000,6591.56,6600.8,6528.45,6528.45,6595.98,12859551700.0,158376852900.0,-1.023805,0.0109688,1.09688
2023-05-24,000852.XSHG,中证1000,6507.06,6564.51,6476.69,6513.18,6528.45,12585509300.0,163476977100.0,-0.233899,0.01345189,1.345189
2023-05-25,000852.XSHG,中证1000,6502.23,6541.39,6424.45,6501.0,6513.18,13583464300.0,175437755000.0,-0.187005,0.01795436,1.795436
2023-05-26,000852.XSHG,中证1000,6495.35,6558.11,6451.73,6546.41,6501.0,12627561700.0,170164842100.0,0.698508,0.01636364,1.636364
2023-05-29,000852.XSHG,中证1000,6560.16,6579.15,6518.03,6534.12,6546.41,15248265700.0,204321522100.0,-0.187736,0.00933641,0.933641
2023-05-30,000852.XSHG,中证1000,6517.71,6565.48,6461.09,6564.47,6534.12,15131765100.0,193152158100.0,0.464485,0.01597614,1.597614
2023-05-31,000852.XSHG,中证1000,6556.52,6581.93,6523.27,6561.65,6564.47,14296836400.0,197141081500.0,-0.042959,0.00893598,0.893598
2023-06-01,000852.XSHG,中证1000,6539.26,6616.53,6515.02,6574.76,6561.65,15396233900.0,208776080200.0,0.199797,0.01547019,1.547019
2023-06-02,000852.XSHG,中证1000,6585.73,6640.53,6585.73,6626.28,6574.76,14926360400.0,198301484200.0,0.783603,0.00833491,0.833491
2023-06-05,000852.XSHG,中证1000,6631.22,6647.2,6609.02,6632.96,6626.28,13715059400.0,186650947900.0,0.100811,0.00576191,0.576191
2023-06-06,000852.XSHG,中证1000,6625.09,6625.09,6475.26,6489.81,6632.96,15175795900.0,198453126100.0,-2.158162,0.02258871,2.258871
2023-06-07,000852.XSHG,中证1000,6487.2,6517.32,6467.3,6488.56,6489.81,13140470900.0,169239132100.0,-0.019261,0.00770747,0.770747
2023-06-08,000852.XSHG,中证1000,6477.94,6478.32,6399.78,6442.48,6488.56,13558307000.0,172327155100.0,-0.710173,0.01210438,1.210438
2023-06-09,000852.XSHG,中证1000,6446.62,6500.45,6427.92,6495.56,6442.48,15197757900.0,202023488700.0,0.823906,0.01125809,1.125809
2023-06-12,000852.XSHG,中证1000,6488.2,6549.78,6474.86,6530.16,6495.56,14515322000.0,197419702800.0,0.532672,0.01153403,1.153403
2023-06-13,000852.XSHG,中证1000,6525.05,6561.02,6519.97,6554.96,6530.16,14563630100.0,206066233100.0,0.379776,0.00628622,0.628622
2023-06-14,000852.XSHG,中证1000,6556.03,6591.69,6547.49,6578.12,6554.96,14919593100.0,212483094300.0,0.35332,0.00674299,0.674299
2023-06-15,000852.XSHG,中证1000,6579.46,6618.62,6568.61,6613.95,6578.12,14795542700.0,220050814800.0,0.544684,0.00760248,0.760248
2023-06-16,000852.XSHG,中证1000,6613.1,6674.62,6602.04,6669.01,6613.95,15570868900.0,223131327300.0,0.832483,0.01097378,1.097378
2023-06-19,000852.XSHG,中证1000,6674.12,6707.23,6673.81,6693.3,6669.01,16802575500.0,246819992600.0,0.364222,0.00501124,0.501124
2023-06-20,000852.XSHG,中证1000,6683.92,6717.71,6671.99,6693.91,6693.3,15886065300.0,240661461500.0,0.009114,0.00683071,0.683071
2023-06-21,000852.XSHG,中证1000,6679.15,6681.57,6548.41,6548.41,6693.91,15398394400.0,226296807500.0,-2.173618,0.01989271,1.989271
2023-06-26,000852.XSHG,中证1000,6504.97,6535.49,6404.04,6420.97,6548.41,15473268800.0,209607215400.0,-1.946121,0.02007358,2.007358
2023-06-27,000852.XSHG,中证1000,6425.84,6518.98,6424.33,6507.27,6420.97,13560711900.0,178812817500.0,1.344034,0.01474076,1.474076
2023-06-28,000852.XSHG,中证1000,6504.5,6505.47,6367.35,6475.51,6507.27,14580838500.0,192407496700.0,-0.488069,0.02122549,2.122549
2023-06-29,000852.XSHG,中证1000,6465.1,6542.28,6462.07,6520.04,6475.51,13525214500.0,186518747500.0,0.687668,0.01238667,1.238667
2023-06-30,000852.XSHG,中证1000,6507.5,6615.97,6500.86,6602.04,6520.04,14449892400.0,203403995400.0,1.257661,0.0176548,1.76548
2023-07-03,000852.XSHG,中证1000,6617.08,6640.34,6571.84,6612.88,6602.04,16097735600.0,225625497700.0,0.164192,0.01037558,1.037558
2023-07-04,000852.XSHG,中证1000,6610.66,6639.82,6599.6,6638.45,6612.88,13974279500.0,203584274300.0,0.38667,0.00608207,0.608207
2023-07-05,000852.XSHG,中证1000,6632.37,6642.55,6575.73,6584.42,6638.45,13305228000.0,184778773200.0,-0.813895,0.0100656,1.00656
2023-07-06,000852.XSHG,中证1000,6573.58,6619.29,6558.89,6567.08,6584.42,12407726800.0,173721970900.0,-0.263349,0.00917317,0.917317
2023-07-07,000852.XSHG,中证1000,6553.56,6558.11,6486.11,6521.43,6567.08,12359954100.0,164996211400.0,-0.695134,0.01096378,1.096378
2023-07-10,000852.XSHG,中证1000,6539.08,6556.15,6501.75,6526.85,6521.43,12045093600.0,158540731800.0,0.083111,0.00834173,0.834173
2023-07-11,000852.XSHG,中证1000,6531.63,6579.37,6514.99,6579.37,6526.85,11960364400.0,163273435600.0,0.804676,0.00986387,0.986387
2023-07-12,000852.XSHG,中证1000,6576.94,6576.96,6476.85,6482.99,6579.37,14020447100.0,187051032500.0,-1.464882,0.01521574,1.521574
2023-07-13,000852.XSHG,中证1000,6497.81,6553.6,6497.76,6548.31,6482.99,13511775700.0,180915189200.0,1.00756,0.00861331,0.861331
2023-07-14,000852.XSHG,中证1000,6554.53,6571.14,6538.65,6544.46,6548.31,13563197100.0,188566810400.0,-0.058794,0.00496159,0.496159
2023-07-17,000852.XSHG,中证1000,6524.61,6525.19,6481.29,6516.56,6544.46,12640877300.0,169117052500.0,-0.426315,0.00670796,0.670796
2023-07-18,000852.XSHG,中证1000,6519.76,6537.91,6490.06,6510.03,6516.56,11996865300.0,159965850700.0,-0.100206,0.00734283,0.734283
2023-07-19,000852.XSHG,中证1000,6508.52,6530.54,6459.44,6492.35,6510.03,10913633500.0,141853309400.0,-0.271581,0.01092161,1.092161
2023-07-20,000852.XSHG,中证1000,6497.78,6512.45,6404.12,6408.76,6492.35,12215096200.0,155152822200.0,-1.287515,0.01668579,1.668579
2023-07-21,000852.XSHG,中证1000,6397.15,6447.3,6378.2,6401.42,6408.76,11359084900.0,138788097500.0,-0.114531,0.01078212,1.078212
2023-07-24,000852.XSHG,中证1000,6397.43,6437.99,6370.05,6393.79,6401.42,10904946500.0,129838947100.0,-0.119192,0.01061327,1.061327
2023-07-25,000852.XSHG,中证1000,6448.27,6499.42,6444.58,6498.27,6393.79,14736572700.0,173378677300.0,1.634086,0.00857707,0.857707
2023-07-26,000852.XSHG,中证1000,6497.59,6497.59,6441.56,6457.25,6498.27,14958352200.0,156686884800.0,-0.631245,0.00862229,0.862229
2023-07-27,000852.XSHG,中证1000,6458.48,6475.83,6397.59,6407.55,6457.25,14462435800.0,153183204600.0,-0.769677,0.01211661,1.211661
2023-07-28,000852.XSHG,中证1000,6389.43,6471.68,6369.37,6465.38,6407.55,15726753200.0,166557072700.0,0.902529,0.0159671,1.59671
2023-07-31,000852.XSHG,中证1000,6475.83,6549.75,6475.83,6515.85,6465.38,18381598000.0,200589879400.0,0.780619,0.0114332,1.14332
2023-08-01,000852.XSHG,中证1000,6513.14,6521.97,6482.17,6507.41,6515.85,18432646400.0,183590037300.0,-0.12953,0.00610818,0.610818
2023-08-02,000852.XSHG,中证1000,6499.86,6515.07,6475.42,6496.02,6507.41,16864628900.0,171110955300.0,-0.175031,0.00609305,0.609305
2023-08-03,000852.XSHG,中证1000,6472.11,6502.55,6460.28,6499.54,6496.02,16347139500.0,164830188600.0,0.054187,0.00650706,0.650706
2023-08-04,000852.XSHG,中证1000,6514.54,6561.74,6505.86,6535.32,6499.54,19462299900.0,205415679100.0,0.5505,0.00859753,0.859753
2023-08-07,000852.XSHG,中证1000,6524.3,6532.52,6485.66,6503.98,6535.32,16891941200.0,185333349100.0,-0.479548,0.00717027,0.717027
2023-08-08,000852.XSHG,中证1000,6496.59,6500.9,6457.25,6471.34,6503.98,14274341400.0,154646581000.0,-0.501847,0.00671128,0.671128
2023-08-09,000852.XSHG,中证1000,6452.98,6464.36,6411.23,6420.98,6471.34,13231946700.0,148343588000.0,-0.7782,0.00821005,0.821005
2023-08-10,000852.XSHG,中证1000,6409.22,6438.43,6392.89,6426.81,6420.98,13195769200.0,134873259700.0,0.090796,0.00709238,0.709238
2023-08-11,000852.XSHG,中证1000,6428.88,6428.88,6304.64,6304.64,6426.81,14901672900.0,149330410500.0,-1.900943,0.01933152,1.933152
2023-08-14,000852.XSHG,中证1000,6251.97,6320.95,6213.98,6319.41,6304.64,13839222100.0,145626319600.0,0.234272,0.01696687,1.696687
2023-08-15,000852.XSHG,中证1000,6318.55,6325.57,6203.44,6261.73,6319.41,12270310700.0,132851532000.0,-0.912743,0.01932617,1.932617
2023-08-16,000852.XSHG,中证1000,6240.71,6255.81,6186.4,6186.4,6261.73,12495875900.0,132390724400.0,-1.203022,0.0110848,1.10848
2023-08-17,000852.XSHG,中证1000,6167.65,6255.05,6128.13,6247.6,6186.4,12913523800.0,139152590200.0,0.989267,0.02051597,2.051597
2023-08-18,000852.XSHG,中证1000,6245.13,6259.79,6117.11,6117.11,6247.6,13921253900.0,139942744400.0,-2.088642,0.02283757,2.283757
2023-08-21,000852.XSHG,中证1000,6107.92,6154.25,6057.17,6057.17,6117.11,11709169600.0,119633708900.0,-0.979874,0.01587024,1.587024
2023-08-22,000852.XSHG,中证1000,6082.72,6108.21,5984.44,6099.19,6057.17,14428242200.0,153871289500.0,0.693723,0.02043363,2.043363
2023-08-23,000852.XSHG,中证1000,6084.15,6084.15,5973.65,5973.67,6099.19,12842238200.0,135807067800.0,-2.057978,0.01811716,1.811716
2023-08-24,000852.XSHG,中证1000,5989.43,6049.55,5942.57,5987.97,5973.67,13419745100.0,146793181300.0,0.239384,0.01790859,1.790859
2023-08-25,000852.XSHG,中证1000,5960.59,5980.24,5855.88,5879.03,5987.97,14011710800.0,150562437500.0,-1.819314,0.02076831,2.076831
2023-08-28,000852.XSHG,中证1000,6204.1,6204.1,5907.94,5922.16,5879.03,21087009800.0,213172936000.0,0.733624,0.05037566,5.037566
2023-08-29,000852.XSHG,中证1000,5909.46,6121.59,5907.96,6108.76,5922.16,18668957600.0,200633240500.0,3.150877,0.03607299,3.607299
2023-08-30,000852.XSHG,中证1000,6117.41,6185.27,6102.09,6139.63,6108.76,16749956000.0,194127659000.0,0.50534,0.01361651,1.361651
2023-08-31,000852.XSHG,中证1000,6130.64,6130.95,6087.33,6104.3,6139.63,14304040900.0,161004803800.0,-0.575442,0.00710466,0.710466
2023-09-01,000852.XSHG,中证1000,6108.13,6136.78,6086.27,6107.2,6104.3,12401705300.0,138221321900.0,0.047507,0.0082745,0.82745
2023-09-04,000852.XSHG,中证1000,6129.54,6198.76,6109.1,6198.76,6107.2,15550728100.0,167770708200.0,1.499214,0.01468103,1.468103
2023-09-05,000852.XSHG,中证1000,6188.52,6206.35,6154.83,6167.64,6198.76,14106799900.0,162636723700.0,-0.502036,0.00831134,0.831134
2023-09-06,000852.XSHG,中证1000,6146.39,6202.32,6117.81,6195.38,6167.64,12971766400.0,154853582100.0,0.449767,0.01370216,1.370216
2023-09-07,000852.XSHG,中证1000,6185.33,6185.33,6083.49,6083.49,6195.38,13225411600.0,150714755600.0,-1.806023,0.01643806,1.643806
2023-09-08,000852.XSHG,中证1000,6063.24,6128.84,6062.9,6102.49,6083.49,11891827900.0,142083251200.0,0.312321,0.01083917,1.083917
2023-09-11,000852.XSHG,中证1000,6114.07,6204.43,6083.39,6182.64,6102.49,14400329900.0,172589292500.0,1.313398,0.01983453,1.983453
2023-09-12,000852.XSHG,中证1000,6175.63,6212.26,6169.04,6184.61,6182.64,12051225300.0,144771928200.0,0.031863,0.00699054,0.699054
2023-09-13,000852.XSHG,中证1000,6169.53,6177.38,6059.29,6103.14,6184.61,12503267600.0,137493570900.0,-1.317302,0.01909417,1.909417
2023-09-14,000852.XSHG,中证1000,6101.77,6102.49,6037.72,6068.71,6103.14,11444184400.0,123059669800.0,-0.564136,0.01061257,1.061257
2023-09-15,000852.XSHG,中证1000,6082.19,6117.82,6046.87,6079.06,6068.71,12419690300.0,137783233800.0,0.170547,0.01169112,1.169112
2023-09-18,000852.XSHG,中证1000,6058.3,6106.27,6029.97,6083.97,6079.06,11839445700.0,132969980900.0,0.080769,0.01255128,1.255128
2023-09-19,000852.XSHG,中证1000,6077.4,6077.4,6011.91,6031.04,6083.97,11274599300.0,121079846400.0,-0.869991,0.01076435,1.076435
2023-09-20,000852.XSHG,中证1000,6020.91,6038.75,5982.11,5982.56,6031.04,10572797400.0,115642454600.0,-0.803841,0.00939142,0.939142
2023-09-21,000852.XSHG,中证1000,5968.35,5999.4,5931.1,5939.66,5982.56,9970952900.0,107167135600.0,-0.717084,0.01141652,1.141652
2023-09-22,000852.XSHG,中证1000,5934.27,6056.45,5923.24,6054.93,5939.66,13355677200.0,147800973200.0,1.940683,0.02242721,2.242721
2023-09-25,000852.XSHG,中证1000,6051.82,6058.47,6014.61,6027.39,6054.93,12953261200.0,146282703200.0,-0.454836,0.00724368,0.724368
2023-09-26,000852.XSHG,中证1000,6017.3,6034.85,5996.05,5996.11,6027.39,11406156300.0,127029193800.0,-0.518964,0.00643728,0.643728
2023-09-27,000852.XSHG,中证1000,5989.8,6063.91,5989.16,6034.06,5996.11,12166233000.0,141278698400.0,0.63291,0.01246642,1.246642
2023-09-28,000852.XSHG,中证1000,6048.83,6085.53,6048.68,6078.94,6034.06,12775925600.0,144764775700.0,0.743778,0.006107,0.6107
2023-10-09,000852.XSHG,中证1000,6073.28,6075.46,6025.36,6059.97,6078.94,13675596400.0,151374309900.0,-0.312061,0.00824157,0.824157
2023-10-10,000852.XSHG,中证1000,6069.91,6084.93,6037.47,6043.48,6059.97,14081531200.0,164183443400.0,-0.272114,0.00783172,0.783172
2023-10-11,000852.XSHG,中证1000,6056.03,6105.42,6040.5,6059.4,6043.48,14360113000.0,169349269600.0,0.263424,0.01074216,1.074216
2023-10-12,000852.XSHG,中证1000,6088.55,6106.95,6064.82,6104.46,6059.4,14545282400.0,171667913000.0,0.743638,0.00695283,0.695283
2023-10-13,000852.XSHG,中证1000,6080.33,6091.54,6063.56,6081.87,6104.46,14411508900.0,174075416300.0,-0.370057,0.00458353,0.458353
2023-10-16,000852.XSHG,中证1000,6089.42,6089.48,5996.79,6024.36,6081.87,16445921700.0,187595023300.0,-0.945597,0.01524038,1.524038
2023-10-17,000852.XSHG,中证1000,6027.91,6028.02,5967.3,6011.37,6024.36,13942123400.0,158570292200.0,-0.215625,0.01007908,1.007908
2023-10-18,000852.XSHG,中证1000,5992.51,5992.51,5905.84,5908.01,6011.37,14506515300.0,164665612300.0,-1.719408,0.01441768,1.441768
2023-10-19,000852.XSHG,中证1000,5879.81,5929.58,5842.41,5842.89,5908.01,15549780100.0,169977393200.0,-1.102232,0.01475455,1.475455
2023-10-20,000852.XSHG,中证1000,5816.72,5855.46,5767.02,5774.32,5842.89,13896434900.0,152073198700.0,-1.173563,0.01513635,1.513635
2023-10-23,000852.XSHG,中证1000,5754.18,5754.25,5613.73,5638.14,5774.32,14584585400.0,156462250900.0,-2.358373,0.02433533,2.433533
2023-10-24,000852.XSHG,中证1000,5654.93,5734.55,5625.71,5719.32,5638.14,15155306600.0,163599460500.0,1.439837,0.01930424,1.930424
2023-10-25,000852.XSHG,中证1000,5753.68,5811.27,5752.79,5778.9,5719.32,16359732600.0,178946013500.0,1.041732,0.01022499,1.022499
2023-10-26,000852.XSHG,中证1000,5745.53,5817.63,5724.0,5811.69,5778.9,15727583200.0,177171582100.0,0.567409,0.01620205,1.620205
2023-10-27,000852.XSHG,中证1000,5792.61,5937.54,5774.63,5916.68,5811.69,17217964600.0,201532115500.0,1.806531,0.02803143,2.803143
2023-10-30,000852.XSHG,中证1000,5899.38,6017.28,5898.69,6006.56,5916.68,17928105200.0,219628050400.0,1.519095,0.02004334,2.004334
2023-10-31,000852.XSHG,中证1000,6003.37,6013.73,5934.2,5969.34,6006.56,16531844100.0,196000266100.0,-0.619656,0.01324052,1.324052
2023-11-01,000852.XSHG,中证1000,5969.81,5983.87,5943.19,5958.42,5969.34,14745112800.0,169629133600.0,-0.182935,0.00681482,0.681482
2023-11-02,000852.XSHG,中证1000,5958.48,5983.22,5885.25,5885.25,5958.42,14014441200.0,159352392000.0,-1.22801,0.01644228,1.644228
2023-11-03,000852.XSHG,中证1000,5895.6,5992.75,5895.6,5973.17,5885.25,14612020600.0,172570856100.0,1.493904,0.01650737,1.650737
2023-11-06,000852.XSHG,中证1000,6007.43,6097.04,6007.43,6096.57,5973.17,18660314600.0,215540583000.0,2.065905,0.01500208,1.500208
2023-11-07,000852.XSHG,中证1000,6088.51,6132.14,6068.24,6116.76,6096.57,17394670700.0,206605084900.0,0.33117,0.0104813,1.04813
2023-11-08,000852.XSHG,中证1000,6114.99,6160.24,6099.29,6138.94,6116.76,18396408800.0,224318842700.0,0.36261,0.00996443,0.996443
2023-11-09,000852.XSHG,中证1000,6135.07,6160.98,6087.73,6100.69,6138.94,16224431900.0,197856013500.0,-0.623072,0.01193203,1.193203
2023-11-10,000852.XSHG,中证1000,6079.47,6097.61,6055.99,6088.56,6100.69,14156760500.0,169645048900.0,-0.19883,0.00682218,0.682218
2023-11-13,000852.XSHG,中证1000,6107.27,6144.63,6095.27,6144.63,6088.56,15035960600.0,185937464900.0,0.920907,0.00810701,0.810701
2023-11-14,000852.XSHG,中证1000,6143.48,6189.5,6133.22,6181.98,6144.63,16017236300.0,195770027600.0,0.607848,0.00915922,0.915922
2023-11-15,000852.XSHG,中证1000,6226.2,6234.54,6184.9,6207.27,6181.98,16761318800.0,214464439400.0,0.409092,0.00802979,0.802979
2023-11-16,000852.XSHG,中证1000,6188.83,6193.64,6143.82,6145.15,6207.27,14368211600.0,180547587300.0,-1.000762,0.00802607,0.802607
2023-11-17,000852.XSHG,中证1000,6135.83,6199.23,6131.67,6199.23,6145.15,14598965800.0,178812142700.0,0.880044,0.01099404,1.099404
2023-11-20,000852.XSHG,中证1000,6211.34,6254.14,6184.64,6253.28,6199.23,16024627100.0,200298798200.0,0.871882,0.01121107,1.121107
2023-11-21,000852.XSHG,中证1000,6258.74,6267.22,6200.69,6212.13,6253.28,17615066500.0,211256978800.0,-0.658055,0.01063922,1.063922
2023-11-22,000852.XSHG,中证1000,6193.36,6221.87,6132.97,6132.97,6212.13,17118316300.0,191793674600.0,-1.274281,0.01431071,1.431071
2023-11-23,000852.XSHG,中证1000,6123.59,6199.88,6107.0,6197.53,6132.97,15210718300.0,169982693500.0,1.052671,0.01514438,1.514438
2023-11-24,000852.XSHG,中证1000,6194.02,6194.02,6098.96,6115.41,6197.53,14981599200.0,166155059700.0,-1.325044,0.01533837,1.533837
2023-11-27,000852.XSHG,中证1000,6107.56,6130.4,6076.71,6111.36,6115.41,15443307700.0,169812162700.0,-0.066226,0.00877946,0.877946
2023-11-28,000852.XSHG,中证1000,6099.51,6143.3,6065.69,6143.3,6111.36,12836813300.0,147277411200.0,0.522633,0.0126993,1.26993
2023-11-29,000852.XSHG,中证1000,6138.76,6154.9,6103.98,6113.37,6143.3,13564395200.0,150365714300.0,-0.487197,0.0082887,0.82887
2023-11-30,000852.XSHG,中证1000,6104.77,6110.41,6031.48,6080.55,6113.37,13103299900.0,148669808000.0,-0.536856,0.01291105,1.291105
2023-12-01,000852.XSHG,中证1000,6078.64,6142.74,6059.8,6130.05,6080.55,14535274400.0,166337102400.0,0.814071,0.01364021,1.364021
2023-12-04,000852.XSHG,中证1000,6131.59,6147.05,6110.25,6114.39,6130.05,15341436500.0,177072943600.0,-0.255463,0.00600321,0.600321
2023-12-05,000852.XSHG,中证1000,6098.12,6098.12,5992.6,5992.6,6114.39,14277542700.0,162512340100.0,-1.991859,0.01725765,1.725765
2023-12-06,000852.XSHG,中证1000,5977.61,6066.42,5970.28,6023.8,5992.6,14432062400.0,153827864000.0,0.520642,0.01604312,1.604312
2023-12-07,000852.XSHG,中证1000,6019.96,6044.86,5983.25,6020.83,6023.8,14853662700.0,166906748000.0,-0.049304,0.01022776,1.022776
2023-12-08,000852.XSHG,中证1000,6021.92,6056.06,6003.14,6003.14,6020.83,16797128200.0,194131627900.0,-0.293813,0.00878949,0.878949
2023-12-11,000852.XSHG,中证1000,5984.68,6080.8,5933.74,6075.08,6003.14,15984343600.0,181217092700.0,1.198373,0.02449718,2.449718
2023-12-12,000852.XSHG,中证1000,6070.88,6084.28,6050.73,6078.99,6075.08,12971208800.0,152793036400.0,0.064361,0.00552256,0.552256
2023-12-13,000852.XSHG,中证1000,6067.78,6076.36,6019.55,6019.55,6078.99,12254715000.0,143748119100.0,-0.977794,0.0093453,0.93453
2023-12-14,000852.XSHG,中证1000,6038.92,6072.61,5989.23,5991.86,6019.55,12019938200.0,138756005800.0,-0.460001,0.01385153,1.385153
2023-12-15,000852.XSHG,中证1000,6000.26,6016.4,5935.32,5951.6,5991.86,12371010000.0,138326703900.0,-0.671912,0.01353169,1.353169
2023-12-18,000852.XSHG,中证1000,5939.43,5941.9,5845.96,5857.01,5951.6,12525942300.0,130966305900.0,-1.589321,0.01612003,1.612003
2023-12-19,000852.XSHG,中证1000,5853.19,5887.77,5820.51,5863.54,5857.01,11168267500.0,116256467600.0,0.11149,0.01148368,1.148368
2023-12-20,000852.XSHG,中证1000,5869.56,5873.76,5761.31,5761.31,5863.54,11163005300.0,120601845500.0,-1.743486,0.01917783,1.917783
2023-12-21,000852.XSHG,中证1000,5739.02,5814.04,5685.64,5798.91,5761.31,12494910000.0,134047868900.0,0.652629,0.0222866,2.22866
2023-12-22,000852.XSHG,中证1000,5797.61,5819.65,5713.8,5733.91,5798.91,14116708500.0,147745244400.0,-1.1209,0.01825343,1.825343
2023-12-25,000852.XSHG,中证1000,5726.56,5753.43,5698.32,5735.73,5733.91,10963896300.0,116368993200.0,0.031741,0.00961124,0.961124
2023-12-26,000852.XSHG,中证1000,5734.15,5734.56,5632.87,5651.59,5735.73,10406327600.0,112250605200.0,-1.466945,0.01772922,1.772922
2023-12-27,000852.XSHG,中证1000,5658.19,5703.17,5636.94,5696.16,5651.59,10826535400.0,115290789800.0,0.788628,0.01171883,1.171883
2023-12-28,000852.XSHG,中证1000,5687.75,5824.4,5660.13,5805.53,5696.16,14413438300.0,155833384600.0,1.920065,0.02883873,2.883873
2023-12-29,000852.XSHG,中证1000,5797.58,5891.63,5795.76,5887.24,5805.53,13469077800.0,152875806700.0,1.407451,0.01651357,1.651357
2024-01-02,000852.XSHG,中证1000,5891.17,5891.23,5854.59,5854.75,5887.24,12837767000.0,141351641600.0,-0.551872,0.00622363,0.622363
2024-01-03,000852.XSHG,中证1000,5838.55,5861.41,5785.25,5824.04,5854.75,11924892500.0,131179260700.0,-0.524531,0.01300824,1.300824
2024-01-04,000852.XSHG,中证1000,5814.94,5814.94,5753.47,5783.02,5824.04,10295253400.0,112642946200.0,-0.704322,0.01055453,1.055453
2024-01-05,000852.XSHG,中证1000,5779.76,5796.76,5652.13,5675.81,5783.02,11920519700.0,126682946900.0,-1.853876,0.02500942,2.500942
2024-01-08,000852.XSHG,中证1000,5664.45,5664.45,5543.57,5543.57,5675.81,11051272600.0,112633892900.0,-2.329888,0.0212974,2.12974
2024-01-09,000852.XSHG,中证1000,5553.18,5607.22,5513.13,5553.3,5543.57,11022322300.0,114678407200.0,0.175519,0.01697282,1.697282
2024-01-10,000852.XSHG,中证1000,5540.66,5580.42,5462.36,5512.07,5553.3,10649944600.0,108158125100.0,-0.742441,0.02125943,2.125943
2024-01-11,000852.XSHG,中证1000,5507.8,5634.02,5502.29,5611.11,5512.07,12471774900.0,123635425200.0,1.796784,0.02389846,2.389846
2024-01-12,000852.XSHG,中证1000,5601.1,5646.27,5574.41,5574.49,5611.11,12106688100.0,118289969700.0,-0.652634,0.01280674,1.280674
2024-01-15,000852.XSHG,中证1000,5558.15,5607.13,5520.36,5559.38,5574.49,10866718400.0,107428092800.0,-0.271056,0.01556555,1.556555
2024-01-16,000852.XSHG,中证1000,5555.0,5566.21,5463.29,5539.47,5559.38,11680310800.0,113669505600.0,-0.358133,0.01851286,1.851286
2024-01-17,000852.XSHG,中证1000,5529.89,5529.89,5389.12,5389.12,5539.47,10403735400.0,104138700000.0,-2.714159,0.02541218,2.541218
2024-01-18,000852.XSHG,中证1000,5360.21,5375.23,5214.9,5373.42,5389.12,14871103600.0,142966452400.0,-0.291328,0.02975068,2.975068
2024-01-19,000852.XSHG,中证1000,5364.81,5395.14,5304.96,5306.99,5373.42,10643108600.0,109174686400.0,-1.23627,0.01678261,1.678261
2024-01-22,000852.XSHG,中证1000,5298.31,5298.31,4970.2,5000.83,5306.99,14425251200.0,139600818400.0,-5.768995,0.06182601,6.182601
2024-01-23,000852.XSHG,中证1000,4992.79,5102.44,4939.52,5079.63,5000.83,13028824100.0,124162903200.0,1.575738,0.03257859,3.257859
2024-01-24,000852.XSHG,中证1000,5102.82,5151.42,4951.9,5143.41,5079.63,14332644100.0,135222048600.0,1.255603,0.03927845,3.927845
2024-01-25,000852.XSHG,中证1000,5143.29,5316.26,5112.54,5316.2,5143.41,16314491700.0,158319218900.0,3.359444,0.03960796,3.960796
2024-01-26,000852.XSHG,中证1000,5303.96,5352.85,5253.32,5269.76,5316.2,15541566100.0,150031258100.0,-0.873556,0.01872202,1.872202
2024-01-29,000852.XSHG,中证1000,5282.82,5301.87,5131.25,5131.25,5269.76,15000089200.0,141294666661.0,-2.628393,0.03237719,3.237719
2024-01-30,000852.XSHG,中证1000,5099.59,5144.29,4978.91,4984.66,5131.25,12501506900.0,117586947100.2,-2.856809,0.03222996,3.222996
2024-01-31,000852.XSHG,中证1000,4949.19,4986.1,4775.62,4785.03,4984.66,15823715500.0,139299752958.0,-4.004887,0.04222555,4.222555
2024-02-01,000852.XSHG,中证1000,4753.64,4858.72,4684.47,4750.44,4785.03,14711551600.0,129099528518.5,-0.722879,0.03641565,3.641565
2024-02-02,000852.XSHG,中证1000,4753.67,4802.62,4431.82,4574.67,4750.44,17688543500.0,150000797614.0,-3.700078,0.07805593,7.805593
2024-02-05,000852.XSHG,中证1000,4534.75,4534.75,4177.94,4293.07,4574.67,21127433000.0,166206907857.5,-6.155635,0.07799688,7.799688
2024-02-06,000852.XSHG,中证1000,4229.79,4641.45,4192.97,4592.44,4293.07,21018741000.0,169330958130.7,6.973331,0.10446603,10.446603
2024-02-07,000852.XSHG,中证1000,4604.12,4848.24,4599.35,4797.85,4592.44,21621331700.0,188713236491.8,4.472786,0.05419559,5.419559
2024-02-08,000852.XSHG,中证1000,4826.14,5067.23,4826.14,4993.1,4797.85,21762005900.0,192261800168.9,4.069531,0.05024959,5.024959
2024-02-19,000852.XSHG,中证1000,5062.68,5071.2,4950.33,5029.59,4993.1,20387099600.0,185885021627.3,0.730809,0.02420741,2.420741
2024-02-20,000852.XSHG,中证1000,5004.42,5058.22,4950.39,5046.01,5029.59,15434428500.0,151079011056.7,0.326468,0.02143912,2.143912
2024-02-21,000852.XSHG,中证1000,5001.66,5208.65,4974.08,5073.48,5046.01,19328052700.0,178053450105.2,0.544391,0.04648623,4.648623
2024-02-22,000852.XSHG,中证1000,5075.43,5152.02,5066.0,5151.53,5073.48,15306429500.0,146838694830.7,1.538392,0.01695483,1.695483
2024-02-23,000852.XSHG,中证1000,5169.01,5225.67,5114.15,5225.67,5151.53,17121369300.0,167541135856.9,1.439184,0.02164794,2.164794
2024-02-26,000852.XSHG,中证1000,5234.81,5325.77,5201.13,5255.4,5225.67,18447164300.0,180222595495.4,0.568922,0.02385149,2.385149
2024-02-27,000852.XSHG,中证1000,5237.11,5394.03,5218.59,5394.03,5255.4,18262237200.0,183476438078.7,2.637858,0.03338281,3.338281
2024-02-28,000852.XSHG,中证1000,5403.5,5478.09,5152.05,5152.05,5394.03,26074238200.0,251859520937.9,-4.486071,0.0604446,6.04446
2024-02-29,000852.XSHG,中证1000,5122.18,5344.61,5122.18,5344.61,5152.05,18803623800.0,185219961181.5,3.737541,0.04317311,4.317311
2024-03-01,000852.XSHG,中证1000,5354.73,5411.32,5322.09,5401.94,5344.61,18443648700.0,196339349955.4,1.072669,0.01669532,1.669532
2024-03-04,000852.XSHG,中证1000,5412.91,5429.8,5332.24,5428.34,5401.94,17930820500.0,199765408572.6,0.488713,0.01806018,1.806018
2024-03-05,000852.XSHG,中证1000,5392.88,5417.82,5337.67,5375.13,5428.34,17416691100.0,196428311575.6,-0.980226,0.0147651,1.47651
2024-03-06,000852.XSHG,中证1000,5346.08,5434.4,5306.46,5381.46,5375.13,15468437100.0,164978930227.7,0.117765,0.02380222,2.380222
2024-03-07,000852.XSHG,中证1000,5389.99,5430.39,5303.28,5303.28,5381.46,16102386000.0,167524667896.0,-1.452766,0.02361998,2.361998
2024-03-08,000852.XSHG,中证1000,5309.59,5386.18,5283.15,5370.37,5303.28,13913089500.0,147532325483.8,1.265066,0.0194276,1.94276
2024-03-11,000852.XSHG,中证1000,5358.84,5466.65,5350.29,5466.65,5370.37,16413344200.0,175152725407.5,1.7928,0.02166704,2.166704
2024-03-12,000852.XSHG,中证1000,5477.13,5524.5,5443.96,5496.36,5466.65,18398414000.0,198909272334.7,0.543477,0.01473297,1.473297
2024-03-13,000852.XSHG,中证1000,5501.59,5561.08,5476.79,5521.78,5496.36,18127080700.0,200355388366.4,0.462488,0.0153356,1.53356
2024-03-14,000852.XSHG,中证1000,5521.72,5546.1,5433.21,5486.65,5521.78,16894817200.0,184410019586.7,-0.636208,0.02044449,2.044449
2024-03-15,000852.XSHG,中证1000,5472.89,5555.64,5459.32,5555.64,5486.65,16109584100.0,171573287270.1,1.257416,0.01755534,1.755534
2024-03-18,000852.XSHG,中证1000,5573.93,5648.01,5559.05,5648.01,5555.64,19341951700.0,212069710000.3,1.662635,0.01601256,1.601256
2024-03-19,000852.XSHG,中证1000,5633.5,5660.5,5607.26,5607.48,5648.01,18111809600.0,202358294570.7,-0.717598,0.00942633,0.942633
2024-03-20,000852.XSHG,中证1000,5600.12,5663.74,5600.12,5659.15,5607.48,17930765400.0,199862431481.6,0.921448,0.01134556,1.134556
2024-03-21,000852.XSHG,中证1000,5674.5,5690.45,5623.3,5658.28,5659.15,19433294600.0,215621373720.6,-0.015373,0.01186574,1.186574
2024-03-22,000852.XSHG,中证1000,5649.08,5660.15,5546.78,5595.88,5658.28,21025432700.0,226506007179.6,-1.102809,0.02003612,2.003612
2024-03-25,000852.XSHG,中证1000,5581.35,5611.69,5466.06,5466.06,5595.88,20470538200.0,224613418949.1,-2.319921,0.0260245,2.60245
2024-03-26,000852.XSHG,中证1000,5454.65,5495.63,5381.85,5447.75,5466.06,18318068400.0,197261354305.9,-0.334976,0.02081572,2.081572
2024-03-27,000852.XSHG,中证1000,5435.97,5436.65,5266.23,5266.23,5447.75,17917350400.0,183978555512.1,-3.332018,0.03128264,3.128264
2024-03-28,000852.XSHG,中证1000,5262.22,5430.77,5262.22,5382.24,5266.23,17859873500.0,187597295821.2,2.202904,0.03200582,3.200582
2024-03-29,000852.XSHG,中证1000,5383.74,5441.26,5345.87,5441.26,5382.24,16865343100.0,177336825495.7,1.096569,0.0177231,1.77231
2024-04-01,000852.XSHG,中证1000,5461.59,5559.87,5461.59,5559.06,5441.26,19102570700.0,202413394132.8,2.16494,0.01806199,1.806199
2024-04-02,000852.XSHG,中证1000,5556.52,5556.52,5490.82,5531.05,5559.06,19609745900.0,201831299209.6,-0.503862,0.01181854,1.181854
2024-04-03,000852.XSHG,中证1000,5518.91,5525.03,5457.61,5500.93,5531.05,18629106600.0,191730116467.6,-0.544562,0.01218937,1.218937
2024-04-08,000852.XSHG,中证1000,5487.63,5492.4,5399.91,5399.91,5500.93,18657335900.0,186731192201.4,-1.836417,0.01681352,1.681352
2024-04-09,000852.XSHG,中证1000,5392.99,5468.91,5384.03,5468.91,5399.91,15920115900.0,160292707953.5,1.277799,0.01571878,1.571878
2024-04-10,000852.XSHG,中证1000,5456.97,5456.97,5325.91,5367.05,5468.91,16745949300.0,164477827457.1,-1.862528,0.02396456,2.396456
2024-04-11,000852.XSHG,中证1000,5330.68,5441.5,5322.84,5379.92,5367.05,16514370000.0,162747758509.6,0.239797,0.02210898,2.210898
2024-04-12,000852.XSHG,中证1000,5379.17,5408.52,5330.54,5338.77,5379.92,15717452200.0,155385863393.2,-0.764881,0.01449464,1.449464
2024-04-15,000852.XSHG,中证1000,5320.81,5364.59,5205.71,5287.51,5338.77,20171102800.0,188383366155.5,-0.960146,0.02975966,2.975966
2024-04-16,000852.XSHG,中证1000,5255.21,5283.83,5063.94,5066.66,5287.51,20717194000.0,188123371675.1,-4.176824,0.04158668,4.158668
2024-04-17,000852.XSHG,中证1000,5109.08,5287.46,5109.08,5287.46,5066.66,19007939500.0,181206086976.7,4.3579,0.03520663,3.520663
2024-04-18,000852.XSHG,中证1000,5276.47,5345.44,5233.9,5286.72,5287.46,18822505800.0,187626267250.1,-0.013995,0.0210952,2.10952
2024-04-19,000852.XSHG,中证1000,5257.01,5312.15,5224.32,5264.39,5286.72,17887021100.0,176532930688.6,-0.422379,0.01661333,1.661333
2024-04-22,000852.XSHG,中证1000,5231.56,5300.79,5187.52,5246.08,5264.39,16776222900.0,165970259919.5,-0.347809,0.02151626,2.151626
2024-04-23,000852.XSHG,中证1000,5234.43,5260.29,5194.26,5218.43,5246.08,15685139400.0,154949436774.9,-0.52706,0.01258654,1.258654
2024-04-24,000852.XSHG,中证1000,5219.26,5305.61,5200.6,5305.61,5218.43,16266674900.0,165940790840.9,1.670617,0.02012291,2.012291
2024-04-25,000852.XSHG,中证1000,5285.14,5357.44,5273.55,5313.99,5305.61,15783124800.0,164090144070.8,0.157946,0.01581157,1.581157
2024-04-26,000852.XSHG,中证1000,5303.15,5420.37,5303.15,5415.94,5313.99,21088692700.0,219583789153.5,1.918521,0.02205875,2.205875
2024-04-29,000852.XSHG,中证1000,5422.41,5550.21,5422.41,5545.23,5415.94,24143974400.0,247411968960.4,2.387213,0.02359701,2.359701
2024-04-30,000852.XSHG,中证1000,5530.94,5542.19,5482.99,5497.43,5545.23,20490974300.0,205851328015.8,-0.862002,0.01067584,1.067584
2024-05-06,000852.XSHG,中证1000,5558.92,5611.27,5558.92,5606.84,5497.43,20517402800.0,213462084934.0,1.990203,0.00952263,0.952263
2024-05-07,000852.XSHG,中证1000,5604.27,5631.95,5593.01,5625.34,5606.84,18562254000.0,197355483310.2,0.329954,0.00694509,0.694509
2024-05-08,000852.XSHG,中证1000,5605.59,5605.59,5529.91,5536.66,5625.34,17573098800.0,186180909949.6,-1.576438,0.01345341,1.345341
2024-05-09,000852.XSHG,中证1000,5533.51,5638.64,5533.51,5626.83,5536.66,17267826100.0,186969311191.0,1.628599,0.01898798,1.898798
2024-05-10,000852.XSHG,中证1000,5632.76,5641.92,5549.61,5574.23,5626.83,18837704400.0,190161522864.5,-0.934807,0.01640533,1.640533
2024-05-13,000852.XSHG,中证1000,5537.93,5556.71,5479.95,5520.8,5574.23,18030863900.0,183109444689.9,-0.958518,0.01377051,1.377051
2024-05-14,000852.XSHG,中证1000,5524.43,5574.25,5524.26,5551.68,5520.8,16958506700.0,171272800583.8,0.559339,0.00905485,0.905485
2024-05-15,000852.XSHG,中证1000,5541.81,5551.26,5491.52,5497.23,5551.68,16330459800.0,157739697587.4,-0.980784,0.01076071,1.076071
2024-05-16,000852.XSHG,中证1000,5508.95,5539.92,5474.28,5488.95,5497.23,16979800200.0,163725528727.5,-0.150621,0.01194056,1.194056
2024-05-17,000852.XSHG,中证1000,5489.42,5564.06,5478.3,5563.23,5488.95,18287308100.0,174923884707.1,1.353264,0.01562412,1.562412
2024-05-20,000852.XSHG,中证1000,5563.65,5612.35,5548.9,5596.78,5563.23,19747644100.0,194649563347.6,0.603067,0.01140524,1.140524
2024-05-21,000852.XSHG,中证1000,5586.01,5586.01,5517.39,5536.74,5596.78,17295988000.0,164385097291.6,-1.07276,0.01226062,1.226062
2024-05-22,000852.XSHG,中证1000,5532.84,5553.7,5508.76,5539.66,5536.74,16800299300.0,159617620663.6,0.052739,0.00811669,0.811669
2024-05-23,000852.XSHG,中证1000,5521.18,5521.18,5402.0,5412.82,5539.66,17580671000.0,165079443510.7,-2.289671,0.02151396,2.151396
2024-05-24,000852.XSHG,中证1000,5401.58,5436.81,5350.11,5350.11,5412.82,15105011400.0,144589510290.4,-1.158546,0.01601753,1.601753
2024-05-27,000852.XSHG,中证1000,5358.08,5404.62,5295.09,5404.62,5350.11,15140911400.0,145062270806.0,1.018858,0.02047248,2.047248
2024-05-28,000852.XSHG,中证1000,5390.4,5414.98,5343.83,5348.03,5404.62,14845805000.0,142242447962.1,-1.047067,0.01316466,1.316466
2024-05-29,000852.XSHG,中证1000,5336.7,5386.78,5324.69,5351.25,5348.03,14269866300.0,131551463739.0,0.060209,0.01160988,1.160988
2024-05-30,000852.XSHG,中证1000,5334.8,5371.81,5311.44,5334.3,5351.25,14132317100.0,133560052962.3,-0.316748,0.01128148,1.128148
2024-05-31,000852.XSHG,中证1000,5334.1,5381.72,5334.1,5355.21,5334.3,13673513700.0,133719611673.3,0.391991,0.00892713,0.892713
2024-06-03,000852.XSHG,中证1000,5350.64,5351.25,5246.17,5284.62,5355.21,16338815200.0,156847760734.7,-1.318156,0.01962201,1.962201
2024-06-04,000852.XSHG,中证1000,5267.36,5319.71,5229.68,5313.71,5284.62,14512777700.0,138133314033.1,0.550465,0.01703623,1.703623
2024-06-05,000852.XSHG,中证1000,5294.3,5330.8,5244.09,5244.09,5313.71,13214350400.0,129081217483.1,-1.310196,0.01631817,1.631817
2024-06-06,000852.XSHG,中证1000,5249.95,5275.89,5113.21,5130.87,5244.09,16979325500.0,159189463760.4,-2.159002,0.03102159,3.102159
2024-06-07,000852.XSHG,中证1000,5159.17,5190.0,5096.08,5153.59,5130.87,13032020200.0,127151511671.8,0.44281,0.01830489,1.830489
2024-06-11,000852.XSHG,中证1000,5132.22,5208.18,5086.86,5198.92,5153.59,12853390400.0,130922333475.1,0.879581,0.02354087,2.354087
2024-06-12,000852.XSHG,中证1000,5188.36,5231.47,5186.61,5216.46,5198.92,12165075200.0,125294312043.5,0.337378,0.00862872,0.862872
2024-06-13,000852.XSHG,中证1000,5214.41,5219.71,5170.17,5180.24,5216.46,13117250700.0,138017519920.1,-0.694341,0.00949686,0.949686
2024-06-14,000852.XSHG,中证1000,5164.87,5190.71,5138.36,5180.65,5180.24,13913297800.0,147939037918.9,0.007915,0.01010571,1.010571
2024-06-17,000852.XSHG,中证1000,5158.98,5211.39,5151.28,5183.97,5180.65,12461637200.0,140185484941.9,0.064085,0.01160279,1.160279
2024-06-18,000852.XSHG,中证1000,5183.27,5237.82,5177.28,5227.25,5183.97,13546066300.0,139816865554.0,0.834881,0.01167831,1.167831
2024-06-19,000852.XSHG,中证1000,5230.49,5241.97,5159.99,5159.99,5227.25,12580622900.0,137697257826.4,-1.286719,0.0156832,1.56832
2024-06-20,000852.XSHG,中证1000,5150.8,5174.87,5052.89,5056.14,5159.99,14150084500.0,145161795219.6,-2.012601,0.02363958,2.363958
2024-06-21,000852.XSHG,中证1000,5040.63,5090.57,5014.48,5055.33,5056.14,11120168900.0,113314006072.6,-0.01602,0.01504903,1.504903
2024-06-24,000852.XSHG,中证1000,5025.52,5029.73,4884.5,4887.78,5055.33,12891516300.0,133643136633.0,-3.314324,0.02872809,2.872809
2024-06-25,000852.XSHG,中证1000,4885.89,4907.96,4814.68,4847.61,4887.78,11259330000.0,116321034874.9,-0.821846,0.01908433,1.908433
2024-06-26,000852.XSHG,中证1000,4842.0,4988.31,4812.1,4986.38,4847.61,13802752900.0,125780748745.5,2.862648,0.03634987,3.634987
2024-06-27,000852.XSHG,中证1000,4964.66,4969.09,4862.63,4864.09,4986.38,12164291100.0,114644913464.2,-2.452481,0.02135016,2.135016
2024-06-28,000852.XSHG,中证1000,4855.35,4968.27,4851.84,4895.99,4864.09,13456779600.0,129940344766.5,0.655827,0.02393665,2.393665
2024-07-01,000852.XSHG,中证1000,4894.56,4954.18,4839.75,4940.25,4895.99,12921932500.0,123312519185.0,0.904005,0.02337219,2.337219
2024-07-02,000852.XSHG,中证1000,4940.7,4951.2,4886.7,4905.65,4940.25,11882798600.0,116969050568.0,-0.700369,0.01305602,1.305602
2024-07-03,000852.XSHG,中证1000,4900.67,4906.51,4857.78,4867.13,4905.65,10230030100.0,103816042643.4,-0.785217,0.00993344,0.993344
2024-07-04,000852.XSHG,中证1000,4868.55,4883.74,4745.91,4761.87,4867.13,12120225700.0,107066707375.0,-2.162671,0.02831854,2.831854
2024-07-05,000852.XSHG,中证1000,4753.73,4828.84,4711.87,4810.79,4761.87,11060246700.0,100918951124.1,1.027327,0.02456388,2.456388
2024-07-08,000852.XSHG,中证1000,4801.49,4801.49,4679.28,4693.96,4810.79,12354877500.0,109218205975.5,-2.428499,0.02540331,2.540331
2024-07-09,000852.XSHG,中证1000,4689.27,4810.32,4645.2,4797.06,4693.96,14851118700.0,139660896310.1,2.19644,0.03517712,3.517712
2024-07-10,000852.XSHG,中证1000,4783.17,4829.21,4768.12,4777.68,4797.06,13840154300.0,133173779703.4,-0.403997,0.01273488,1.273488
2024-07-11,000852.XSHG,中证1000,4846.11,4896.15,4821.41,4893.59,4777.68,15319046900.0,152871133831.3,2.426073,0.01564358,1.564358
2024-07-12,000852.XSHG,中证1000,4884.41,4897.17,4858.3,4878.02,4893.59,13085417900.0,126357791679.3,-0.318171,0.00794304,0.794304
2024-07-15,000852.XSHG,中证1000,4869.0,4869.0,4815.41,4827.6,4878.02,12641301700.0,116891290149.3,-1.033616,0.01098601,1.098601
2024-07-16,000852.XSHG,中证1000,4815.74,4845.35,4786.21,4836.72,4827.6,12089150200.0,119708973121.0,0.188914,0.01225039,1.225039
2024-07-17,000852.XSHG,中证1000,4834.44,4842.72,4786.35,4795.62,4836.72,12042511600.0,121445754615.7,-0.849749,0.01165459,1.165459
2024-07-18,000852.XSHG,中证1000,4763.3,4822.62,4714.6,4812.43,4795.62,12172778100.0,126287644105.4,0.350528,0.02252472,2.252472
2024-07-19,000852.XSHG,中证1000,4788.77,4854.71,4778.71,4821.42,4812.43,11264795500.0,120485073177.8,0.186808,0.01579244,1.579244
2024-07-22,000852.XSHG,中证1000,4822.64,4848.31,4798.12,4826.87,4821.42,11073212100.0,117656274044.7,0.113037,0.0104098,1.04098
2024-07-23,000852.XSHG,中证1000,4825.75,4825.75,4694.95,4694.95,4826.87,12049520100.0,121481765801.7,-2.733034,0.02709831,2.709831
2024-07-24,000852.XSHG,中证1000,4682.06,4713.07,4625.42,4631.01,4694.95,12109198000.0,118860085094.9,-1.361889,0.018669,1.8669
2024-07-25,000852.XSHG,中证1000,4602.63,4678.66,4587.71,4632.57,4631.01,10853045800.0,105862951893.2,0.033686,0.01963934,1.963934
2024-07-26,000852.XSHG,中证1000,4638.31,4710.57,4638.31,4702.08,4632.57,11069103300.0,108478164451.4,1.500463,0.01559825,1.559825
2024-07-29,000852.XSHG,中证1000,4707.28,4707.28,4670.8,4685.65,4702.08,10931960500.0,108822855999.8,-0.34942,0.00775827,0.775827
2024-07-30,000852.XSHG,中证1000,4674.92,4716.21,4637.41,4702.49,4685.65,11231559400.0,112127735536.1,0.359395,0.0168173,1.68173
2024-07-31,000852.XSHG,中证1000,4698.73,4889.77,4690.0,4889.08,4702.49,17376194200.0,168965970522.2,3.967898,0.04248175,4.248175
2024-08-01,000852.XSHG,中证1000,4894.81,4933.06,4850.63,4878.29,4889.08,14642142100.0,150211396562.7,-0.220696,0.01686002,1.686002
2024-08-02,000852.XSHG,中证1000,4844.78,4902.94,4802.02,4809.89,4878.29,13798976700.0,141716564224.7,-1.402131,0.02068758,2.068758
2024-08-05,000852.XSHG,中证1000,4776.18,4854.59,4678.74,4678.78,4809.89,15284748500.0,147489789943.2,-2.725842,0.03656009,3.656009
2024-08-06,000852.XSHG,中证1000,4731.2,4766.27,4695.64,4749.95,4678.78,12709764100.0,119128621767.9,1.521123,0.01509582,1.509582
2024-08-07,000852.XSHG,中证1000,4741.65,4772.21,4715.53,4743.41,4749.95,11261928400.0,108823999546.0,-0.137686,0.01193276,1.193276
2024-08-08,000852.XSHG,中证1000,4728.33,4776.49,4677.43,4739.49,4743.41,12674657200.0,118155007291.9,-0.082641,0.02088371,2.088371
2024-08-09,000852.XSHG,中证1000,4760.13,4789.17,4702.75,4702.75,4739.49,11566533800.0,101903629129.5,-0.775189,0.01823403,1.823403
2024-08-12,000852.XSHG,中证1000,4696.36,4707.22,4657.33,4674.1,4702.75,10766524500.0,93579528556.9,-0.609218,0.01060869,1.060869
2024-08-13,000852.XSHG,中证1000,4671.2,4698.34,4642.67,4697.59,4674.1,10020724800.0,89086385467.7,0.502557,0.01191031,1.191031
2024-08-14,000852.XSHG,中证1000,4698.0,4698.15,4649.28,4649.28,4697.59,9991137300.0,88773228421.6,-1.0284,0.01040321,1.040321
2024-08-15,000852.XSHG,中证1000,4639.08,4743.73,4620.56,4691.85,4649.28,12990065000.0,111783008443.3,0.915626,0.02649227,2.649227
2024-08-16,000852.XSHG,中证1000,4696.72,4703.03,4654.46,4655.65,4691.85,12261254100.0,108413620564.2,-0.771551,0.01035199,1.035199
2024-08-19,000852.XSHG,中证1000,4651.3,4714.06,4644.6,4663.61,4655.65,11994224400.0,104904645645.9,0.170975,0.01491951,1.491951
2024-08-20,000852.XSHG,中证1000,4663.78,4665.63,4563.86,4579.3,4663.61,12997965500.0,107871967949.6,-1.807827,0.02182215,2.182215
2024-08-21,000852.XSHG,中证1000,4564.38,4590.2,4543.88,4548.26,4579.3,10816431500.0,92275965567.0,-0.677833,0.01011508,1.011508
2024-08-22,000852.XSHG,中证1000,4549.3,4562.98,4484.56,4491.84,4548.26,11346933000.0,97994054397.8,-1.240474,0.01724176,1.724176
2024-08-23,000852.XSHG,中证1000,4482.65,4510.6,4462.76,4495.34,4491.84,11025472000.0,94849186101.1,0.077919,0.01065042,1.065042
2024-08-26,000852.XSHG,中证1000,4492.71,4531.17,4476.24,4512.89,4495.34,11227184300.0,97519324794.1,0.390404,0.01221932,1.221932
2024-08-27,000852.XSHG,中证1000,4500.73,4501.08,4449.21,4459.68,4512.89,11393952000.0,100126840568.5,-1.179067,0.01149374,1.149374
2024-08-28,000852.XSHG,中证1000,4449.71,4506.31,4437.52,4470.55,4459.68,10790317700.0,92367714620.6,0.243739,0.01542487,1.542487
2024-08-29,000852.XSHG,中证1000,4453.43,4558.95,4443.9,4542.46,4470.55,12978875300.0,118136327341.6,1.608527,0.02573509,2.573509
2024-08-30,000852.XSHG,中证1000,4539.93,4691.01,4534.04,4629.32,4542.46,17783861600.0,163027974058.4,1.91218,0.03455617,3.455617
2024-09-02,000852.XSHG,中证1000,4627.18,4635.77,4529.83,4532.51,4629.32,15592727400.0,139933704119.0,-2.091236,0.02288457,2.288457
2024-09-03,000852.XSHG,中证1000,4529.94,4598.63,4529.94,4572.4,4532.51,12895246200.0,116579546737.0,0.880086,0.01515496,1.515496
2024-09-04,000852.XSHG,中证1000,4542.9,4594.44,4529.34,4550.77,4572.4,12287165700.0,113470304817.7,-0.473056,0.0142376,1.42376
2024-09-05,000852.XSHG,中证1000,4554.52,4614.75,4554.52,4586.78,4550.77,12120919400.0,108293303464.3,0.791295,0.01323512,1.323512
2024-09-06,000852.XSHG,中证1000,4588.93,4595.7,4506.39,4508.23,4586.78,12721773300.0,115580272235.0,-1.71253,0.01947118,1.947118
2024-09-09,000852.XSHG,中证1000,4490.99,4523.37,4459.13,4475.53,4508.23,11328492700.0,100227926910.6,-0.72534,0.01424949,1.424949
2024-09-10,000852.XSHG,中证1000,4481.49,4507.15,4400.78,4487.58,4475.53,13235158500.0,114554770062.8,0.269242,0.02376702,2.376702
2024-09-11,000852.XSHG,中证1000,4469.01,4500.68,4453.2,4486.01,4487.58,11395397200.0,101974619541.4,-0.034985,0.01058031,1.058031
2024-09-12,000852.XSHG,中证1000,4490.52,4542.28,4468.74,4468.74,4486.01,11873118700.0,106135757549.8,-0.384975,0.01639319,1.639319
2024-09-13,000852.XSHG,中证1000,4471.98,4478.22,4413.19,4413.19,4468.74,11682728700.0,102975444046.2,-1.24308,0.0145522,1.45522
2024-09-18,000852.XSHG,中证1000,4413.9,4425.79,4342.21,4399.13,4413.19,11355207800.0,94168113827.8,-0.31859,0.01893868,1.893868
2024-09-19,000852.XSHG,中证1000,4418.78,4527.61,4385.49,4482.27,4399.13,14574716000.0,122312275719.1,1.889919,0.03230639,3.230639
2024-09-20,000852.XSHG,中证1000,4484.18,4487.08,4428.17,4463.36,4482.27,12748017700.0,110050423361.6,-0.421884,0.01314289,1.314289
2024-09-23,000852.XSHG,中证1000,4462.72,4513.97,4445.99,4469.13,4463.36,12494506600.0,113678187174.8,0.129275,0.01523068,1.523068
2024-09-24,000852.XSHG,中证1000,4489.49,4642.56,4466.34,4642.56,4469.13,21578253100.0,186154173396.1,3.880621,0.03943049,3.943049
2024-09-25,000852.XSHG,中证1000,4688.39,4799.86,4681.85,4686.26,4642.56,26424073100.0,228396448070.1,0.941291,0.02541917,2.541917
2024-09-26,000852.XSHG,中证1000,4675.94,4874.13,4672.87,4874.13,4686.26,25397782900.0,222158651466.9,4.008954,0.04294683,4.294683
2024-09-27,000852.XSHG,中证1000,4950.94,5164.54,4944.84,5136.44,4874.13,29068169400.0,277755801270.4,5.381678,0.04507471,4.507471
2024-09-30,000852.XSHG,中证1000,5375.57,5732.57,5307.55,5708.83,5136.44,47143285200.0,484582504080.6,11.14371,0.08274603,8.274603
2024-10-08,000852.XSHG,中证1000,6437.11,6437.11,5861.32,6201.99,5708.83,55059079200.0,637520550865.1,8.638548,0.10085955,10.085955
2024-10-09,000852.XSHG,中证1000,6052.67,6105.03,5706.05,5727.38,6201.99,45809421200.0,561178624981.7,-7.652544,0.06433096,6.433096
2024-10-10,000852.XSHG,中证1000,5777.9,5881.33,5593.98,5654.53,5727.38,34962801200.0,422832925090.9,-1.27196,0.05017128,5.017128
2024-10-11,000852.XSHG,中证1000,5610.95,5616.81,5349.32,5416.76,5654.53,27999264600.0,325513950176.7,-4.204947,0.04730543,4.730543
2024-10-14,000852.XSHG,中证1000,5451.62,5620.42,5346.42,5615.76,5416.76,28114440500.0,332914366924.4,3.673783,0.05058374,5.058374
2024-10-15,000852.XSHG,中证1000,5585.69,5704.56,5505.81,5507.18,5615.76,29751709500.0,380974458307.9,-1.933487,0.03539147,3.539147
2024-10-16,000852.XSHG,中证1000,5425.43,5598.84,5424.39,5524.25,5507.18,24852031900.0,306601622534.3,0.309959,0.03167683,3.167683
2024-10-17,000852.XSHG,中证1000,5563.46,5624.79,5504.49,5505.61,5524.25,27639748600.0,351913540301.8,-0.337421,0.02177671,2.177671
2024-10-18,000852.XSHG,中证1000,5495.2,5880.9,5484.24,5749.43,5505.61,35971903900.0,468006517576.1,4.428574,0.07204651,7.204651
2024-10-21,000852.XSHG,中证1000,5797.0,5954.44,5767.79,5860.57,5749.43,35506109500.0,496180057607.1,1.933061,0.03246409,3.246409
2024-10-22,000852.XSHG,中证1000,5866.79,5940.37,5814.3,5888.81,5860.57,34729862800.0,466594853550.6,0.481864,0.02151156,2.151156
2024-10-23,000852.XSHG,中证1000,5871.32,5991.59,5856.37,5903.58,5888.81,33375377200.0,435103067665.1,0.250815,0.02296219,2.296219
2024-10-24,000852.XSHG,中证1000,5871.29,5887.45,5817.93,5861.63,5903.58,26414947600.0,352283289320.8,-0.710586,0.01177591,1.177591
2024-10-25,000852.XSHG,中证1000,5876.44,6014.11,5876.21,5974.91,5861.63,30682066500.0,394949027910.6,1.932568,0.02352588,2.352588
2024-10-28,000852.XSHG,中证1000,5988.72,6082.09,5965.0,6082.09,5974.91,32672293800.0,408798512149.4,1.793835,0.01959695,1.959695
2024-10-29,000852.XSHG,中证1000,6106.19,6113.64,5982.53,5983.84,6082.09,36932529900.0,475114148305.5,-1.615399,0.02155673,2.155673
2024-10-30,000852.XSHG,中证1000,5960.79,6043.59,5945.68,6019.35,5983.84,32438018600.0,416947148542.4,0.593432,0.0163624,1.63624
2024-10-31,000852.XSHG,中证1000,6041.01,6161.56,6004.71,6116.66,6019.35,38611948500.0,507595177939.2,1.61662,0.02605763,2.605763
2024-11-01,000852.XSHG,中证1000,6100.79,6125.41,5912.53,5930.23,6116.66,40933827600.0,511368123627.1,-3.047905,0.03480331,3.480331
2024-11-04,000852.XSHG,中证1000,5912.31,6053.11,5912.31,6053.11,5930.23,29563714700.0,378246863909.9,2.072095,0.02374276,2.374276
2024-11-05,000852.XSHG,中证1000,6057.21,6279.92,6051.46,6266.54,6053.11,39014253100.0,511248826464.4,3.525956,0.03774258,3.774258
2024-11-06,000852.XSHG,中证1000,6287.29,6368.87,6247.15,6293.19,6266.54,42425010100.0,551410098216.1,0.425275,0.0194238,1.94238
2024-11-07,000852.XSHG,中证1000,6238.62,6403.92,6229.49,6403.92,6293.19,40857165200.0,498495772935.5,1.759521,0.02771726,2.771726
2024-11-08,000852.XSHG,中证1000,6470.07,6526.65,6400.09,6423.12,6403.92,45179630800.0,570702092921.5,0.299816,0.0197629,1.97629
2024-11-11,000852.XSHG,中证1000,6416.17,6580.57,6412.58,6579.01,6423.12,40243625500.0,551137709952.7,2.427014,0.02615396,2.615396
2024-11-12,000852.XSHG,中证1000,6593.82,6616.16,6429.35,6491.97,6579.01,40071524400.0,547396142339.8,-1.322995,0.02839485,2.839485
2024-11-13,000852.XSHG,中证1000,6453.86,6512.6,6357.56,6474.39,6491.97,31748592800.0,420386937348.9,-0.270796,0.02388181,2.388181
2024-11-14,000852.XSHG,中证1000,6462.01,6472.95,6263.31,6272.19,6474.39,29479471800.0,387867737326.2,-3.123074,0.03237988,3.237988
2024-11-15,000852.XSHG,中证1000,6246.34,6331.87,6124.66,6125.51,6272.19,29519163400.0,383424106208.7,-2.338577,0.03303631,3.303631
2024-11-18,000852.XSHG,中证1000,6154.51,6180.88,5937.09,5974.56,6125.51,32267260800.0,374007994760.5,-2.464285,0.03979914,3.979914
2024-11-19,000852.XSHG,中证1000,5977.84,6130.5,5945.46,6130.28,5974.56,27316752600.0,327924260763.4,2.606384,0.03097132,3.097132
2024-11-20,000852.XSHG,中证1000,6116.96,6262.08,6105.22,6250.8,6130.28,29997582100.0,367521344350.3,1.965979,0.02558774,2.558774
2024-11-21,000852.XSHG,中证1000,6241.01,6292.86,6199.71,6262.16,6250.8,29965511100.0,380712417744.1,0.181737,0.01490209,1.490209
2024-11-22,000852.XSHG,中证1000,6240.09,6280.6,6030.37,6030.49,6262.16,34212911700.0,415874882244.1,-3.699522,0.03995906,3.995906
2024-11-25,000852.XSHG,中证1000,6047.94,6076.19,5937.91,6052.13,6030.49,27764677600.0,336016461450.6,0.358843,0.02293014,2.293014
2024-11-26,000852.XSHG,中证1000,6036.64,6093.37,5979.39,5981.57,6052.13,24440411200.0,293810759318.9,-1.165871,0.01883304,1.883304
2024-11-27,000852.XSHG,中证1000,5942.5332,6119.011,5856.9973,6118.6636,5981.57,29094626700.0,337553542213.3,2.291933,0.0438035,4.38035
2024-11-28,000852.XSHG,中证1000,6121.6778,6170.1336,6077.6009,6086.0852,6118.6636,30123556000.0,352731886172.7,-0.532443,0.01512302,1.512302
2024-11-29,000852.XSHG,中证1000,6066.7135,6246.1979,6039.8317,6189.1276,6086.0852,32476269100.0,387695670289.7,1.693082,0.03390787,3.390787
2024-12-02,000852.XSHG,中证1000,6188.8016,6325.8604,6188.8016,6313.6077,6189.1276,35402806600.0,408649278002.3,2.011271,0.02214509,2.214509
2024-12-03,000852.XSHG,中证1000,6318.966,6342.3568,6239.4398,6303.2758,6313.6077,32665236300.0,377825590965.0,-0.163645,0.01630082,1.630082
2024-12-04,000852.XSHG,中证1000,6301.0479,6303.5046,6175.8385,6204.9448,6303.2758,29920209800.0,351416845597.9,-1.559998,0.02025393,2.025393
2024-12-05,000852.XSHG,中证1000,6186.1227,6302.3554,6186.1227,6285.6007,6204.9448,28853561700.0,340682850434.6,1.299865,0.01873227,1.873227
2024-12-06,000852.XSHG,中证1000,6291.3019,6384.6567,6229.2124,6349.6211,6285.6007,34903096300.0,392887681462.0,1.018525,0.02473022,2.473022
2024-12-09,000852.XSHG,中证1000,6346.5948,6371.098,6257.5422,6303.2721,6349.6211,29377328700.0,336347274096.1,-0.729949,0.01788387,1.788387
2024-12-10,000852.XSHG,中证1000,6493.5374,6497.8893,6352.762,6362.0203,6303.2721,37420920600.0,453736859984.8,0.932027,0.02302412,2.302412
2024-12-11,000852.XSHG,中证1000,6343.7811,6454.9713,6343.7811,6447.3744,6362.0203,33135195600.0,392600350436.2,1.341619,0.01747718,1.747718
2024-12-12,000852.XSHG,中证1000,6454.942,6493.71,6390.5886,6490.1455,6447.3744,34232605300.0,407629783932.5,0.663388,0.01599432,1.599432
2024-12-13,000852.XSHG,中证1000,6447.2029,6460.9385,6351.3009,6354.9883,6490.1455,36198551300.0,430631043518.9,-2.082499,0.01689293,1.689293
2024-12-16,000852.XSHG,中证1000,6355.6283,6367.8085,6248.1579,6277.5162,6354.9883,31021517300.0,379382275677.1,-1.219075,0.01882782,1.882782
2024-12-17,000852.XSHG,中证1000,6262.4928,6269.1401,6133.1291,6143.9436,6277.5162,27479395900.0,325036282699.4,-2.127794,0.02166637,2.166637
2024-12-18,000852.XSHG,中证1000,6156.6921,6242.5165,6121.0537,6195.8677,6143.9436,24802412200.0,310421477631.8,0.845127,0.01976952,1.976952
2024-12-19,000852.XSHG,中证1000,6127.2202,6223.8046,6108.3942,6207.1862,6195.8677,25148792400.0,320880949172.3,0.182678,0.018627,1.8627
2024-12-20,000852.XSHG,中证1000,6195.6436,6320.9626,6191.0814,6271.7532,6207.1862,24365908500.0,344655611869.7,1.040198,0.02092433,2.092433
2024-12-23,000852.XSHG,中证1000,6271.7634,6276.9712,6086.912,6096.3813,6271.7532,25847497500.0,333062018484.7,-2.796218,0.030304,3.0304
2024-12-24,000852.XSHG,中证1000,6110.7669,6165.2022,6066.226,6164.3605,6096.3813,21601091800.0,281310588166.2,1.115075,0.01623524,1.623524
2024-12-25,000852.XSHG,中证1000,6158.6491,6159.5964,6037.7355,6094.6866,6164.3605,21902703200.0,274581369547.3,-1.13027,0.01976862,1.976862
2024-12-26,000852.XSHG,中证1000,6083.8873,6185.8068,6083.8873,6160.4518,6094.6866,20691673900.0,280812700394.6,1.079058,0.01672268,1.672268
2024-12-27,000852.XSHG,中证1000,6164.67,6250.2013,6135.4787,6171.5653,6160.4518,23784155400.0,313072970915.2,0.180401,0.01862243,1.862243
2024-12-30,000852.XSHG,中证1000,6164.908,6192.5845,6097.1031,6145.928,6171.5653,20771244800.0,273573030015.3,-0.41541,0.01547118,1.547118
2024-12-31,000852.XSHG,中证1000,6151.0339,6160.7327,5957.7172,5957.7172,6145.928,23799003200.0,296970407968.7,-3.062366,0.03303252,3.303252
2025-01-02,000852.XSHG,中证1000,5948.6802,5982.5535,5743.1785,5797.089,5957.7172,24412560600.0,293717954949.8,-2.696137,0.04017898,4.017898
2025-01-03,000852.XSHG,中证1000,5808.5424,5826.0833,5609.7663,5625.209,5797.089,23709321100.0,272348061516.5,-2.964936,0.03731476,3.731476
2025-01-06,000852.XSHG,中证1000,5614.0281,5688.9223,5561.898,5608.0344,5625.209,20304767600.0,234876628472.7,-0.305315,0.02258126,2.258126
2025-01-07,000852.XSHG,中证1000,5610.9462,5694.0046,5580.8851,5692.041,5608.0344,19391245000.0,234287089801.0,1.497969,0.02017097,2.017097
2025-01-08,000852.XSHG,中证1000,5664.3121,5706.6593,5501.4918,5661.7793,5692.041,22580083000.0,272083991656.3,-0.531649,0.03604463,3.604463
2025-01-09,000852.XSHG,中证1000,5629.8952,5714.4606,5629.8239,5672.7796,5661.7793,19332042100.0,248219962749.3,0.194291,0.01494878,1.494878
2025-01-10,000852.XSHG,中证1000,5662.7667,5718.2122,5544.9158,5544.9158,5672.7796,19801487700.0,242988533222.6,-2.253989,0.03054876,3.054876
2025-01-13,000852.XSHG,中证1000,5487.1249,5599.3268,5457.5095,5559.4725,5544.9158,16930919000.0,201644040965.3,0.262523,0.0255761,2.55761
2025-01-14,000852.XSHG,中证1000,5580.8778,5814.7071,5562.1801,5811.0545,5559.4725,23577286900.0,291062201266.9,4.525285,0.04542283,4.542283
2025-01-15,000852.XSHG,中证1000,5805.898,5815.1483,5755.6247,5775.5709,5811.0545,20429032500.0,258108817510.5,-0.610622,0.01024317,1.024317
2025-01-16,000852.XSHG,中证1000,5810.0511,5906.4655,5753.764,5801.3051,5775.5709,21637323900.0,268024992527.5,0.44557,0.0264392,2.64392
2025-01-17,000852.XSHG,中证1000,5780.6056,5885.4165,5755.9071,5841.5718,5801.3051,19681796700.0,252875263541.6,0.694097,0.02232418,2.232418
2025-01-20,000852.XSHG,中证1000,5877.972,5925.0719,5856.8325,5879.1495,5841.5718,19843078300.0,250732032833.4,0.643281,0.01168168,1.168168
2025-01-21,000852.XSHG,中证1000,5911.4048,5917.1293,5834.9644,5908.0234,5879.1495,19912783400.0,273060411933.6,0.491124,0.01397564,1.397564
2025-01-22,000852.XSHG,中证1000,5879.8433,5886.7418,5824.0345,5855.7393,5908.0234,18029676000.0,245947705315.3,-0.884968,0.01061392,1.061392
2025-01-23,000852.XSHG,中证1000,5911.2189,5991.845,5829.0329,5829.0329,5855.7393,22285575300.0,296684961437.9,-0.456072,0.02780385,2.780385
2025-01-24,000852.XSHG,中证1000,5815.4583,5943.1118,5815.4583,5938.1301,5829.0329,20809044500.0,279147952363.8,1.871618,0.0218996,2.18996
2025-01-27,000852.XSHG,中证1000,5946.7291,5964.1497,5846.0686,5846.0686,5938.1301,18864620000.0,253588513600.5,-1.550345,0.01988523,1.988523
2025-02-05,000852.XSHG,中证1000,5900.5128,5928.8797,5851.5951,5881.4366,5846.0686,21200531000.0,286305599979.0,0.604988,0.01321993,1.321993
2025-02-06,000852.XSHG,中证1000,5869.7051,6042.0194,5853.7462,6041.8337,5881.4366,25599851100.0,361378399220.7,2.727176,0.03201143,3.201143
2025-02-07,000852.XSHG,中证1000,6046.3647,6198.7478,6042.2605,6134.0545,6041.8337,32395283500.0,447048589278.1,1.526371,0.02590063,2.590063
2025-02-10,000852.XSHG,中证1000,6155.0511,6218.066,6126.0819,6210.5471,6134.0545,29782593200.0,407767222307.3,1.247015,0.01499564,1.499564
2025-02-11,000852.XSHG,中证1000,6209.5207,6220.964,6135.8659,6190.1739,6210.5471,28827157600.0,393173431222.1,-0.328042,0.01370219,1.370219
2025-02-12,000852.XSHG,中证1000,6172.3935,6284.9184,6171.0611,6284.6107,6190.1739,28134276500.0,392322251370.8,1.525592,0.01839323,1.839323
2025-02-13,000852.XSHG,中证1000,6290.7898,6290.7898,6202.5929,6212.4968,6284.6107,31298493500.0,437899818480.6,-1.147468,0.01403379,1.403379
2025-02-14,000852.XSHG,中证1000,6203.4767,6257.3064,6182.2637,6248.8345,6212.4968,29800584900.0,411860060509.2,0.584913,0.01207931,1.207931
2025-02-17,000852.XSHG,中证1000,6285.0404,6308.4839,6231.8675,6281.5658,6248.8345,32373433700.0,458304251930.7,0.523798,0.01226091,1.226091
2025-02-18,000852.XSHG,中证1000,6264.282,6282.4039,6112.5851,6142.138,6281.5658,30015933000.0,417068621357.9,-2.219634,0.02703447,2.703447
2025-02-19,000852.XSHG,中证1000,6134.9912,6290.0127,6133.9423,6288.529,6142.138,27292011400.0,405139537119.4,2.383388,0.02540978,2.540978
2025-02-20,000852.XSHG,中证1000,6289.1329,6349.4737,6274.0309,6334.4143,6288.529,28811019800.0,424704883960.3,0.729667,0.01199689,1.199689
2025-02-21,000852.XSHG,中证1000,6347.67,6456.9191,6317.0853,6449.2279,6334.4143,32726377100.0,503581232097.6,1.812537,0.02207525,2.207525
2025-02-24,000852.XSHG,中证1000,6454.5582,6504.4001,6411.7662,6464.0235,6449.2279,31846116100.0,492113846711.4,0.229417,0.01436356,1.436356
2025-02-25,000852.XSHG,中证1000,6369.2758,6503.0066,6359.8362,6435.4284,6464.0235,29536637200.0,464348021187.8,-0.442373,0.02214881,2.214881
2025-02-26,000852.XSHG,中证1000,6451.4018,6527.8463,6423.6032,6524.4057,6435.4284,30317641300.0,463990773161.6,1.382617,0.01619832,1.619832
2025-02-27,000852.XSHG,中证1000,6526.8107,6550.1,6395.9084,6499.5301,6524.4057,31196410100.0,475356399878.8,-0.38127,0.02363305,2.363305
2025-02-28,000852.XSHG,中证1000,6460.9038,6468.7955,6252.0136,6270.4186,6499.5301,29555967500.0,433909057524.6,-3.525047,0.03335347,3.335347
2025-03-03,000852.XSHG,中证1000,6291.0501,6382.0476,6240.5682,6273.6699,6270.4186,26694541200.0,388839572584.0,0.051851,0.02256299,2.256299
2025-03-04,000852.XSHG,中证1000,6218.8312,6364.121,6217.8102,6357.6277,6273.6699,22954848600.0,347694980443.6,1.338257,0.02332141,2.332141
2025-03-05,000852.XSHG,中证1000,6365.4316,6401.8307,6318.2868,6398.237,6357.6277,23896184700.0,359566648067.3,0.638749,0.01314073,1.314073
2025-03-06,000852.XSHG,中证1000,6438.159,6548.8545,6435.5431,6534.9711,6398.237,30055477000.0,464779819147.6,2.137059,0.01770978,1.770978
2025-03-07,000852.XSHG,中证1000,6512.7324,6577.9511,6465.2639,6507.7645,6534.9711,30888880700.0,463226928282.7,-0.416323,0.01724372,1.724372
2025-03-10,000852.XSHG,中证1000,6519.0281,6541.5929,6466.9027,6520.9725,6507.7645,25652211300.0,374384335127.9,0.202958,0.01147709,1.147709
2025-03-11,000852.XSHG,中证1000,6438.2445,6551.7341,6432.7582,6551.7341,6520.9725,25245521600.0,366244090084.3,0.471733,0.01824512,1.824512
2025-03-12,000852.XSHG,中证1000,6585.5954,6632.3876,6564.7159,6566.9679,6551.7341,28170557600.0,416300253927.5,0.232516,0.01032882,1.032882
2025-03-13,000852.XSHG,中证1000,6558.419,6570.8865,6405.7315,6466.8509,6566.9679,26682567700.0,384618292918.1,-1.524554,0.02514935,2.514935
2025-03-14,000852.XSHG,中证1000,6463.9245,6575.8189,6428.2246,6571.1707,6466.8509,27632999400.0,384170674116.1,1.613147,0.02282321,2.282321
2025-03-17,000852.XSHG,中证1000,6585.8207,6609.8893,6557.6343,6589.5655,6571.1707,25208084100.0,353560411350.9,0.279932,0.00795216,0.795216
2025-03-18,000852.XSHG,中证1000,6605.043,6642.8565,6581.9646,6611.9263,6589.5655,23472656300.0,344774184042.9,0.339336,0.00924065,0.924065
2025-03-19,000852.XSHG,中证1000,6590.5553,6598.5082,6536.7163,6564.6767,6611.9263,21966299900.0,319556371524.7,-0.714612,0.00934552,0.934552
2025-03-20,000852.XSHG,中证1000,6551.8204,6596.271,6528.8581,6535.0624,6564.6767,23190747700.0,316002108435.2,-0.451116,0.01026904,1.026904
2025-03-21,000852.XSHG,中证1000,6507.9498,6531.7604,6389.6151,6405.611,6535.0624,25620533500.0,330125305370.5,-1.980875,0.02175118,2.175118
2025-03-24,000852.XSHG,中证1000,6403.5651,6412.5184,6244.8682,6360.3412,6405.611,25768458300.0,320142693524.4,-0.706721,0.0261724,2.61724
2025-03-25,000852.XSHG,中证1000,6355.8136,6382.1882,6289.1242,6310.7641,6360.3412,23166378100.0,281993855607.2,-0.779472,0.01463192,1.463192
2025-03-26,000852.XSHG,中证1000,6297.3288,6371.1014,6297.3288,6334.9077,6310.7641,20667951300.0,248639805634.0,0.382578,0.01168996,1.168996
2025-03-27,000852.XSHG,中证1000,6315.0972,6394.2102,6254.8872,6328.7665,6334.9077,19889470400.0,256610200493.7,-0.096942,0.0219929,2.19929
2025-03-28,000852.XSHG,中证1000,6326.8127,6356.8035,6261.6855,6268.3214,6328.7665,19655352800.0,246785917264.6,-0.955085,0.01502947,1.502947
2025-03-31,000852.XSHG,中证1000,6229.5555,6259.3642,6143.6495,6226.6488,6268.3214,20738202700.0,267799428240.2,-0.664813,0.01846024,1.846024
2025-04-01,000852.XSHG,中证1000,6242.0714,6300.6658,6240.2035,6259.4838,6226.6488,18233221700.0,241767488058.7,0.52733,0.00971025,0.971025
2025-04-02,000852.XSHG,中证1000,6252.6304,6316.6356,6251.8519,6277.2533,6259.4838,15926642500.0,208427533565.5,0.283881,0.01034969,1.034969
2025-04-03,000852.XSHG,中证1000,6208.2877,6299.1645,6168.5351,6203.257,6277.2533,18369963000.0,238273426167.9,-1.178801,0.02080996,2.080996
2025-04-07,000852.XSHG,中证1000,5811.5439,5905.573,5437.4532,5496.4427,6203.257,27721482900.0,311471174814.6,-11.394245,0.07546355,7.546355
2025-04-08,000852.XSHG,中证1000,5475.5599,5632.6405,5426.0341,5530.0189,5496.4427,30970151600.0,342259642935.2,0.610871,0.03758911,3.758911
2025-04-09,000852.XSHG,中证1000,5439.1767,5688.4848,5224.9734,5652.3303,5530.0189,30572403900.0,342055474010.9,2.211772,0.08381733,8.381733
2025-04-10,000852.XSHG,中证1000,5766.5051,5883.4593,5766.4063,5784.5853,5652.3303,27416184900.0,329964030633.8,2.339831,0.0207088,2.07088
2025-04-11,000852.XSHG,中证1000,5744.795,5923.1357,5743.078,5862.1876,5784.5853,22213916200.0,288233391742.4,1.341536,0.03112716,3.112716
2025-04-14,000852.XSHG,中证1000,5933.992,5979.902,5914.254,5938.5262,5862.1876,21658114100.0,272673485153.7,1.30222,0.01119855,1.119855
2025-04-15,000852.XSHG,中证1000,5938.5727,5949.8612,5872.2874,5914.0286,5938.5262,18304784800.0,225752074311.1,-0.41252,0.0130628,1.30628
2025-04-16,000852.XSHG,中证1000,5897.2004,5903.1192,5758.6655,5835.348,5914.0286,19042390100.0,229430157870.7,-1.330406,0.0244256,2.44256
2025-04-17,000852.XSHG,中证1000,5802.2927,5898.1785,5801.1198,5839.5639,5835.348,17319670800.0,212948447362.0,0.072248,0.01663289,1.663289
2025-04-18,000852.XSHG,中证1000,5833.108,5855.6924,5793.7872,5831.6869,5839.5639,16444460300.0,190723835634.6,-0.13489,0.010601,1.0601
2025-04-21,000852.XSHG,中证1000,5826.6219,5952.7177,5802.8345,5952.6374,5831.6869,19271150000.0,228800249697.6,2.074023,0.02570152,2.570152
2025-04-22,000852.XSHG,中证1000,5947.1488,5974.317,5923.5885,5949.3123,5952.6374,20645707400.0,246793931978.7,-0.055859,0.00852202,0.852202
2025-04-23,000852.XSHG,中证1000,5971.4728,6013.2752,5954.0266,5984.5833,5949.3123,21819615600.0,274309975849.2,0.592858,0.0099589,0.99589
2025-04-24,000852.XSHG,中证1000,5979.4063,5984.367,5897.6501,5920.4776,5984.5833,19979656400.0,237867471237.9,-1.071181,0.01449005,1.449005
2025-04-25,000852.XSHG,中证1000,5927.316,5982.7147,5901.0766,5939.5021,5920.4776,19808766000.0,234799469589.1,0.321334,0.01378911,1.378911
2025-04-28,000852.XSHG,中证1000,5933.4191,5939.9584,5868.8716,5877.0566,5939.5021,19495089100.0,221937583618.8,-1.051359,0.01196848,1.196848
2025-04-29,000852.XSHG,中证1000,5850.8273,5921.5557,5836.0307,5903.3812,5877.0566,18602339400.0,219411784620.6,0.447921,0.01455235,1.455235
2025-04-30,000852.XSHG,中证1000,5907.188,5972.655,5907.188,5950.1169,5903.3812,19545899800.0,241759324240.8,0.791677,0.01108975,1.108975
2025-05-06,000852.XSHG,中证1000,5993.3338,6102.9221,5993.3338,6102.9221,5950.1169,22020962300.0,283658443311.4,2.568104,0.01841784,1.841784
2025-05-07,000852.XSHG,中证1000,6171.607,6195.1394,6063.6435,6111.4946,6102.9221,23392295100.0,296522333566.7,0.140465,0.02154638,2.154638
2025-05-08,000852.XSHG,中证1000,6093.5595,6167.1462,6087.3724,6158.0774,6111.4946,20391582600.0,262739570040.5,0.762216,0.01305308,1.305308
2025-05-09,000852.XSHG,中证1000,6153.5288,6153.5288,6054.9347,6082.0817,6158.0774,18922128700.0,242809574289.1,-1.234082,0.01601053,1.601053
2025-05-12,000852.XSHG,中证1000,6122.6686,6167.4606,6110.0218,6167.4606,6082.0817,19684721000.0,264308289588.1,1.403778,0.00944394,0.944394
2025-05-13,000852.XSHG,中证1000,6219.4535,6220.4448,6141.6803,6151.0098,6167.4606,20327421700.0,263462633901.3,-0.266735,0.01277098,1.277098
2025-05-14,000852.XSHG,中证1000,6144.2464,6199.2987,6111.1119,6160.3697,6151.0098,21155908300.0,252514241033.7,0.152169,0.01433696,1.433696
2025-05-15,000852.XSHG,中证1000,6146.0016,6146.0016,6055.839,6057.0357,6160.3697,19052381400.0,224907797793.3,-1.677399,0.01463591,1.463591
2025-05-16,000852.XSHG,中证1000,6042.2198,6098.8779,6042.2198,6068.1165,6057.0357,17639475900.0,206157492557.6,0.182941,0.0093541,0.93541
2025-05-19,000852.XSHG,中证1000,6073.2032,6100.8015,6009.9513,6095.3369,6068.1165,18471299000.0,214012637258.1,0.448581,0.01497173,1.497173
2025-05-20,000852.XSHG,中证1000,6097.3639,6154.9544,6078.2177,6146.0166,6095.3369,19295729400.0,232587241742.7,0.83145,0.01258941,1.258941
2025-05-21,000852.XSHG,中证1000,6137.0956,6141.7256,6109.9246,6132.1809,6146.0166,19655084200.0,234419144815.4,-0.225117,0.00517425,0.517425
2025-05-22,000852.XSHG,中证1000,6113.2068,6146.2012,6062.5927,6066.1031,6132.1809,18639573700.0,220813672515.2,-1.077558,0.01363438,1.363438
2025-05-23,000852.XSHG,中证1000,6060.5179,6099.2273,5989.6752,5989.6752,6066.1031,18492377400.0,224806210853.6,-1.259918,0.01805972,1.805972
2025-05-26,000852.XSHG,中证1000,5991.8585,6038.8058,5981.8422,6028.7861,5989.6752,15598879400.0,191925536268.6,0.652972,0.0095103,0.95103
2025-05-27,000852.XSHG,中证1000,6019.5428,6023.1435,5971.3474,6008.4599,6028.7861,15794575800.0,193605916886.1,-0.337152,0.00859146,0.859146
2025-05-28,000852.XSHG,中证1000,6006.8889,6023.8247,5972.1843,5984.4557,6008.4599,15910549400.0,191732662667.6,-0.399507,0.00859462,0.859462
2025-05-29,000852.XSHG,中证1000,5980.8569,6091.9619,5980.8569,6089.5778,5984.4557,18937646600.0,232575959070.1,1.756586,0.0185656,1.85656
2025-05-30,000852.XSHG,中证1000,6075.4504,6075.4504,6016.8913,6026.5603,6089.5778,18691867100.0,228038836605.5,-1.034842,0.00961628,0.961628
2025-06-03,000852.XSHG,中证1000,6009.1844,6086.6158,6008.5447,6070.0368,6026.5603,19176467200.0,234296502252.4,0.721415,0.0129545,1.29545
2025-06-04,000852.XSHG,中证1000,6067.8272,6124.703,6067.8272,6123.172,6070.0368,18695585000.0,232039996402.2,0.875369,0.00936993,0.936993
2025-06-05,000852.XSHG,中证1000,6125.8903,6174.8499,6101.8461,6167.0149,6123.172,20607791900.0,273238606861.7,0.716016,0.01192255,1.192255
2025-06-06,000852.XSHG,中证1000,6164.4097,6169.5679,6137.5651,6152.8446,6167.0149,17833958200.0,240362538720.1,-0.229776,0.00518935,0.518935
2025-06-09,000852.XSHG,中证1000,6161.1381,6226.383,6158.9031,6218.9637,6152.8446,19328363200.0,255785048702.1,1.07461,0.01096727,1.096727
2025-06-10,000852.XSHG,中证1000,6220.0416,6220.0416,6098.0886,6161.6919,6218.9637,22006048500.0,277218151000.2,-0.920922,0.01960986,1.960986
2025-06-11,000852.XSHG,中证1000,6162.1568,6221.202,6162.1568,6186.5122,6161.6919,19764358000.0,243671184607.8,0.402816,0.00958263,0.958263
2025-06-12,000852.XSHG,中证1000,6171.5572,6202.7273,6151.0355,6192.22,6186.5122,19701874900.0,250824401493.7,0.092262,0.00835556,0.835556
2025-06-13,000852.XSHG,中证1000,6174.4316,6183.7141,6088.571,6106.0083,6192.22,23688954700.0,298969326947.8,-1.392258,0.01536494,1.536494
2025-06-16,000852.XSHG,中证1000,6089.9633,6151.5134,6089.9633,6147.46,6106.0083,19731093300.0,253087825584.3,0.678867,0.01008025,1.008025
2025-06-17,000852.XSHG,中证1000,6153.1473,6171.1652,6120.5704,6141.4684,6147.46,20842728000.0,260873532301.4,-0.097465,0.0082302,0.82302
2025-06-18,000852.XSHG,中证1000,6126.18,6143.2094,6086.6935,6135.3858,6141.4684,20410575500.0,256463608433.8,-0.099041,0.00920234,0.920234
2025-06-19,000852.XSHG,中证1000,6127.9379,6146.6422,6028.7167,6048.2243,6135.3858,21221733600.0,270827079699.4,-1.420636,0.01922055,1.922055
2025-06-20,000852.XSHG,中证1000,6039.9913,6061.8405,5997.5898,5999.5914,6048.2243,18085734200.0,226531986434.8,-0.804086,0.01062307,1.062307
2025-06-23,000852.XSHG,中证1000,5966.4954,6083.5271,5965.6633,6078.2224,5999.5914,19355849000.0,239995084576.3,1.310606,0.0196453,1.96453
2025-06-24,000852.XSHG,中证1000,6082.7439,6194.666,6082.7439,6194.666,6078.2224,23345340300.0,303658275673.7,1.915751,0.01841362,1.841362
2025-06-25,000852.XSHG,中证1000,6196.1529,6282.1118,6194.1479,6276.1634,6194.666,24755632500.0,334997601175.6,1.315606,0.01419994,1.419994
2025-06-26,000852.XSHG,中证1000,6272.4429,6310.5358,6244.7814,6247.791,6276.1634,25424649500.0,343746329448.1,-0.452066,0.01047685,1.047685
2025-06-27,000852.XSHG,中证1000,6265.9234,6319.1607,6257.5869,6276.9373,6247.791,24856335200.0,330455014092.6,0.466506,0.00985529,0.985529
2025-06-30,000852.XSHG,中证1000,6297.0769,6358.0255,6292.5142,6356.1813,6276.9373,23732297300.0,336221160415.2,1.262463,0.01043683,1.043683
2025-07-01,000852.XSHG,中证1000,6358.0599,6373.7679,6308.061,6373.7679,6356.1813,24353733000.0,334302458347.3,0.276685,0.01033748,1.033748
2025-07-02,000852.XSHG,中证1000,6358.8725,6358.8725,6284.9999,6309.4837,6373.7679,23858090300.0,296643998872.1,-1.008575,0.0115901,1.15901
2025-07-03,000852.XSHG,中证1000,6306.7451,6349.1446,6295.2252,6342.638,6309.4837,21398076500.0,270492479384.7,0.525468,0.00854577,0.854577
2025-07-04,000852.XSHG,中证1000,6338.557,6375.0672,6292.1356,6312.1966,6342.638,23813321000.0,304676921480.6,-0.479949,0.01307525,1.307525
2025-07-07,000852.XSHG,中证1000,6305.0447,6333.5117,6303.8615,6327.139,6312.1966,21047736100.0,264834579254.8,0.236723,0.00469729,0.469729
2025-07-08,000852.XSHG,中证1000,6321.5525,6408.114,6318.5233,6407.6976,6327.139,23512558300.0,306816858617.1,1.273223,0.01415975,1.415975
2025-07-09,000852.XSHG,中证1000,6412.1444,6431.0906,6375.0817,6390.4655,6407.6976,23617558900.0,303195813288.7,-0.268928,0.00874088,0.874088
2025-07-10,000852.XSHG,中证1000,6385.213,6427.7388,6367.6599,6406.5677,6390.4655,24018338000.0,296726316907.6,0.251972,0.00940133,0.940133
2025-07-11,000852.XSHG,中证1000,6411.3135,6487.4401,6388.4023,6461.0997,6406.5677,28256128300.0,352065982159.2,0.851189,0.01545879,1.545879
2025-07-14,000852.XSHG,中证1000,6465.506,6474.9337,6443.555,6462.3051,6461.0997,24205780100.0,302637448818.8,0.018656,0.00485656,0.485656
2025-07-15,000852.XSHG,中证1000,6451.9971,6472.5274,6381.5572,6442.834,6462.3051,26986941100.0,347377816360.1,-0.301303,0.01407705,1.407705
2025-07-16,000852.XSHG,中证1000,6440.5168,6487.8298,6433.5069,6462.063,6442.834,22023002400.0,306082808216.7,0.298456,0.00843152,0.843152
2025-07-17,000852.XSHG,中证1000,6458.4136,6535.6713,6451.1529,6535.6713,6462.063,22783164600.0,325983691186.5,1.139084,0.01307917,1.307917
2025-07-18,000852.XSHG,中证1000,6546.3622,6563.8171,6521.4998,6552.0741,6535.6713,23446171300.0,330217284922.4,0.250973,0.00647482,0.647482
2025-07-21,000852.XSHG,中证1000,6557.2514,6614.6058,6555.043,6612.2589,6552.0741,27659155200.0,359907688649.3,0.918561,0.00909068,0.909068
2025-07-22,000852.XSHG,中证1000,6607.8261,6642.235,6597.0477,6637.1035,6612.2589,30165999400.0,395915308553.6,0.375735,0.00683387,0.683387
2025-07-23,000852.XSHG,中证1000,6634.1232,6667.8582,6594.483,6607.22,6637.1035,29410927500.0,378330158758.8,-0.450249,0.0110553,1.10553
2025-07-24,000852.XSHG,中证1000,6602.1685,6701.12,6602.1685,6701.12,6607.22,28541821900.0,374405610913.0,1.421173,0.01497627,1.497627
2025-07-25,000852.XSHG,中证1000,6708.0802,6716.7031,6674.5409,6706.6098,6701.12,26400479800.0,363139664173.9,0.081924,0.00629181,0.629181
2025-07-28,000852.XSHG,中证1000,6713.8176,6736.0794,6679.2113,6729.979,6706.6098,25274290400.0,359575849641.3,0.34845,0.00847941,0.847941
2025-07-29,000852.XSHG,中证1000,6724.315,6773.8843,6684.158,6773.8843,6729.979,25926123600.0,383703631543.7,0.652384,0.01333233,1.333233
2025-07-30,000852.XSHG,中证1000,6758.3273,6770.8825,6662.9057,6718.4819,6773.8843,26817955900.0,392675091205.8,-0.817882,0.01594016,1.594016
2025-07-31,000852.XSHG,中证1000,6701.156,6750.0775,6639.1227,6661.1862,6718.4819,27013867700.0,401821827245.2,-0.852807,0.01651486,1.651486
2025-08-01,000852.XSHG,中证1000,6665.6417,6702.6788,6625.9283,6670.472,6661.1862,23248467000.0,349070970147.4,0.139402,0.01152205,1.152205
2025-08-04,000852.XSHG,中证1000,6637.839,6739.7254,6631.1242,6739.6936,6670.472,21349152500.0,329554815219.1,1.037732,0.01628089,1.628089
2025-08-05,000852.XSHG,中证1000,6753.5266,6787.4806,6744.0721,6787.4806,6739.6936,22372467700.0,348578384502.9,0.709038,0.00644072,0.644072
2025-08-06,000852.XSHG,中证1000,6784.1749,6865.017,6774.033,6861.3091,6787.4806,25813388800.0,399056054133.9,1.087716,0.01340468,1.340468
2025-08-07,000852.XSHG,中证1000,6864.4456,6876.4968,6813.7736,6862.1497,6861.3091,26138960000.0,411411186262.3,0.012251,0.00914158,0.914158
2025-08-08,000852.XSHG,中证1000,6844.4385,6865.8379,6816.0939,6838.1299,6862.1497,25146567100.0,381544614396.8,-0.350033,0.00724904,0.724904
2025-08-11,000852.XSHG,中证1000,6850.5717,6957.4039,6850.5717,6943.9366,6838.1299,26097024100.0,401163366844.0,1.547305,0.01562301,1.562301
2025-08-12,000852.XSHG,中证1000,6943.666,6963.8035,6894.8459,6963.611,6943.9366,26048986900.0,409922645283.8,0.283332,0.00993062,0.993062
2025-08-13,000852.XSHG,中证1000,6966.2732,7070.5036,6966.2732,7064.3339,6963.611,29465387400.0,471479346408.7,1.446418,0.01496787,1.496787
2025-08-14,000852.XSHG,中证1000,7072.9027,7077.8092,6957.3966,6976.4875,7064.3339,31727293600.0,513604373008.8,-1.24352,0.01704515,1.704515
2025-08-15,000852.XSHG,中证1000,6956.5078,7117.5099,6956.5078,7117.5009,6976.4875,30400522600.0,492508504867.1,2.021266,0.02307782,2.307782
2025-08-18,000852.XSHG,中证1000,7158.5311,7267.9813,7143.0663,7237.6018,7117.5009,37983126300.0,606867233382.2,1.687403,0.0175504,1.75504
2025-08-19,000852.XSHG,中证1000,7231.9301,7289.0315,7193.5945,7242.8494,7237.6018,34087904500.0,558781044092.1,0.072505,0.01318627,1.318627
2025-08-20,000852.XSHG,中证1000,7212.9697,7305.4613,7166.991,7305.4613,7242.8494,32475150300.0,517521411018.5,0.864465,0.01911821,1.911821
2025-08-21,000852.XSHG,中证1000,7318.7569,7343.1737,7215.338,7253.3429,7305.4613,32682289100.0,516507411053.1,-0.713417,0.01749865,1.749865
2025-08-22,000852.XSHG,中证1000,7250.1914,7362.9396,7250.1914,7362.9396,7253.3429,32680749200.0,527766039448.3,1.510982,0.01554431,1.554431
2025-08-25,000852.XSHG,中证1000,7418.3462,7504.0091,7405.9392,7477.728,7362.9396,40845765500.0,660911467973.6,1.559002,0.01331939,1.331939
2025-08-26,000852.XSHG,中证1000,7457.77,7526.166,7435.3007,7476.4672,7477.728,36368466100.0,573343123463.7,-0.016861,0.01215146,1.215146
2025-08-27,000852.XSHG,中证1000,7488.9276,7565.3531,7336.5036,7336.5036,7476.4672,41675926500.0,672784131893.9,-1.872055,0.03060931,3.060931
2025-08-28,000852.XSHG,中证1000,7331.1874,7447.1101,7216.7658,7447.1101,7336.5036,38146643500.0,631711691476.3,1.507619,0.03139701,3.139701
2025-08-29,000852.XSHG,中证1000,7449.8641,7477.2041,7380.8299,7438.6767,7447.1101,32764088100.0,565058625663.1,-0.113244,0.01294115,1.294115
2025-09-01,000852.XSHG,中证1000,7475.0003,7502.5918,7424.3412,7501.1483,7438.6767,32422071200.0,564568450678.9,0.839821,0.01051942,1.051942
2025-09-02,000852.XSHG,中证1000,7498.4447,7499.6024,7258.5892,7313.8824,7501.1483,35043585300.0,598514462449.8,-2.496496,0.03213017,3.213017
2025-09-03,000852.XSHG,中证1000,7336.3859,7361.0283,7182.2909,7206.8758,7313.8824,29028856800.0,486667166562.6,-1.463062,0.0244381,2.44381
2025-09-04,000852.XSHG,中证1000,7214.7204,7254.9988,6939.6649,7041.1544,7206.8758,29762275400.0,488595037929.4,-2.29949,0.04375459,4.375459
2025-09-05,000852.XSHG,中证1000,7046.9581,7248.5769,7017.9463,7245.667,7041.1544,28276593100.0,458842754388.2,2.904532,0.03275466,3.275466
2025-09-08,000852.XSHG,中证1000,7257.3316,7321.157,7220.5906,7311.0343,7245.667,30781328900.0,495541349344.0,0.902157,0.01387952,1.387952
2025-09-09,000852.XSHG,中证1000,7287.4023,7315.9665,7198.3192,7226.0277,7311.0343,28244306100.0,431928802540.2,-1.162716,0.01609175,1.609175
2025-09-10,000852.XSHG,中证1000,7214.2262,7296.001,7179.7573,7230.1678,7226.0277,25267415800.0,396104754790.1,0.057294,0.01608681,1.608681
2025-09-11,000852.XSHG,中证1000,7215.9279,7399.8854,7161.2808,7399.8854,7230.1678,29397514200.0,486236595199.9,2.347354,0.03300125,3.300125
2025-09-12,000852.XSHG,中证1000,7402.4173,7472.8736,7387.5886,7422.8844,7399.8854,31583879300.0,508828451805.1,0.310802,0.01152518,1.152518
2025-09-15,000852.XSHG,中证1000,7445.4982,7454.2951,7404.4955,7415.5711,7422.8844,30130776100.0,475104705371.8,-0.098524,0.00670893,0.670893
2025-09-16,000852.XSHG,中证1000,7426.4093,7487.0662,7364.733,7483.6282,7415.5711,30901059000.0,474734476789.6,0.917759,0.0164968,1.64968
2025-09-17,000852.XSHG,中证1000,7478.408,7564.816,7461.4097,7554.8125,7483.6282,30170648500.0,493296275782.6,0.9512,0.01381767,1.381767
2025-09-18,000852.XSHG,中证1000,7552.2302,7665.9697,7393.1799,7476.402,7554.8125,39860010200.0,654022739891.2,-1.037888,0.03610808,3.610808
2025-09-19,000852.XSHG,中证1000,7473.0215,7520.9193,7405.2905,7438.1887,7476.402,29589587000.0,483203148485.4,-0.511119,0.01546584,1.546584
2025-09-22,000852.XSHG,中证1000,7457.8861,7489.4784,7418.4645,7489.4784,7438.1887,27036260200.0,440515484560.2,0.689546,0.0095472,0.95472
2025-09-23,000852.XSHG,中证1000,7500.6181,7504.2308,7261.6656,7408.0691,7489.4784,31326028000.0,503959593111.7,-1.086982,0.03238746,3.238746
2025-09-24,000852.XSHG,中证1000,7375.9106,7534.2223,7342.4699,7534.2223,7408.0691,27891276100.0,494397619555.6,1.702916,0.02588426,2.588426
2025-09-25,000852.XSHG,中证1000,7521.3165,7563.0794,7487.1194,7506.5124,7534.2223,26440371200.0,464745025578.9,-0.367787,0.010082,1.0082
2025-09-26,000852.XSHG,中证1000,7476.9372,7516.1106,7396.5847,7397.5894,7506.5124,25875025900.0,436863300985.5,-1.451047,0.01592296,1.592296
2025-09-29,000852.XSHG,中证1000,7415.128,7517.1178,7376.9091,7497.8308,7397.5894,25868018400.0,419534690314.0,1.355055,0.0189533,1.89533
2025-09-30,000852.XSHG,中证1000,7525.6243,7592.9135,7524.9153,7574.9631,7497.8308,25517378500.0,442639611194.1,1.028728,0.00906905,0.906905
2025-10-09,000852.XSHG,中证1000,7623.2986,7671.171,7590.4725,7648.0523,7574.9631,30349138000.0,530500291414.7,0.964879,0.01065332,1.065332
2025-10-10,000852.XSHG,中证1000,7608.2917,7621.9758,7513.166,7533.8201,7648.0523,29042992200.0,485703734784.3,-1.493612,0.01422713,1.422713
2025-10-13,000852.XSHG,中证1000,7250.5787,7535.2069,7250.5787,7519.7636,7533.8201,28840041100.0,470990827391.5,-0.186579,0.03778006,3.778006
2025-10-14,000852.XSHG,中证1000,7580.3927,7611.8255,7342.5996,7373.1522,7519.7636,30441201300.0,506690155148.9,-1.949681,0.03580244,3.580244
2025-10-15,000852.XSHG,中证1000,7384.0113,7484.0488,7315.4827,7483.449,7373.1522,24485396500.0,403797525523.9,1.495925,0.02286215,2.286215
2025-10-16,000852.XSHG,中证1000,7460.763,7472.7549,7378.2971,7401.8375,7483.449,23464307000.0,374296521876.0,-1.09056,0.01262223,1.262223
2025-10-17,000852.XSHG,中证1000,7395.8658,7426.2097,7176.9587,7185.4781,7401.8375,25432732500.0,383875372638.0,-2.92305,0.03367421,3.367421
2025-10-20,000852.XSHG,中证1000,7259.4863,7301.9882,7196.2804,7239.1845,7185.4781,21857967600.0,328445222616.7,0.74743,0.01471131,1.471131
2025-10-21,000852.XSHG,中证1000,7257.1124,7350.9226,7236.6344,7344.0468,7239.1845,23725016500.0,348158794786.9,1.448537,0.01578744,1.578744
2025-10-22,000852.XSHG,中证1000,7304.964,7349.7969,7278.7127,7312.21,7344.0468,22732450300.0,332181328130.8,-0.433505,0.00967916,0.967916
2025-10-23,000852.XSHG,中证1000,7292.3904,7319.5504,7192.416,7308.0992,7312.21,23156897600.0,328574781927.4,-0.056218,0.01738659,1.738659
2025-10-24,000852.XSHG,中证1000,7340.6692,7419.4072,7340.6692,7419.2352,7308.0992,24555995300.0,397473067375.7,1.520724,0.01077407,1.077407
2025-10-27,000852.XSHG,中证1000,7483.2951,7511.4144,7430.6195,7495.3831,7419.2352,26534474900.0,458169856647.9,1.026358,0.01088992,1.088992
2025-10-28,000852.XSHG,中证1000,7462.9114,7534.0514,7443.7011,7479.221,7495.3831,25180424900.0,431016068636.5,-0.215627,0.01205413,1.205413
2025-10-29,000852.XSHG,中证1000,7481.2368,7569.117,7469.0703,7569.117,7479.221,26584612900.0,439161754318.7,1.201943,0.01337662,1.337662
2025-10-30,000852.XSHG,中证1000,7560.5999,7569.1562,7476.7009,7485.0848,7569.117,29738526900.0,478507155180.5,-1.110198,0.01221481,1.221481
2025-10-31,000852.XSHG,中证1000,7480.6583,7583.0326,7480.6583,7506.6746,7485.0848,29974520600.0,475587998227.9,0.288438,0.01367711,1.367711
2025-11-03,000852.XSHG,中证1000,7507.3741,7539.3269,7417.2734,7538.1178,7506.6746,27824170500.0,432422773380.5,0.41887,0.01625933,1.625933
2025-11-04,000852.XSHG,中证1000,7523.6395,7523.6395,7387.3777,7435.7308,7538.1178,25167741300.0,381678891758.6,-1.358257,0.01807637,1.807637
2025-11-05,000852.XSHG,中证1000,7332.1037,7490.9036,7332.1037,7464.8632,7435.7308,25854817800.0,373351692087.5,0.391789,0.02135633,2.135633
2025-11-06,000852.XSHG,中证1000,7482.9075,7551.8299,7466.7522,7551.8299,7464.8632,26361295900.0,405168970723.4,1.165014,0.01139709,1.139709
2025-11-07,000852.XSHG,中证1000,7519.7475,7581.5597,7492.9255,7541.878,7551.8299,26788866400.0,419611056738.1,-0.131781,0.01173678,1.173678
2025-11-10,000852.XSHG,中证1000,7568.7514,7592.7574,7515.684,7563.2535,7541.878,27436131700.0,433797531456.7,0.283424,0.01021939,1.021939
2025-11-11,000852.XSHG,中证1000,7579.9084,7598.9881,7530.1438,7540.791,7563.2535,26525073100.0,404867228036.5,-0.296995,0.00910247,0.910247
2025-11-12,000852.XSHG,中证1000,7520.1786,7537.7609,7421.459,7486.3766,7540.791,26696336300.0,390482493659.0,-0.721601,0.01542304,1.542304
2025-11-13,000852.XSHG,中证1000,7483.6641,7604.8907,7475.5108,7590.5763,7486.3766,27563607300.0,420596449342.4,1.391858,0.01728205,1.728205
2025-11-14,000852.XSHG,中证1000,7527.8343,7591.3153,7502.7567,7502.7567,7590.5763,27197278300.0,406292990194.2,-1.156956,0.01166691,1.166691
2025-11-17,000852.XSHG,中证1000,7514.8395,7544.7234,7487.8078,7523.0758,7502.7567,26115611800.0,391318349646.0,0.270822,0.00758596,0.758596
2025-11-18,000852.XSHG,中证1000,7508.531,7521.6563,7412.276,7448.1007,7523.0758,27748040900.0,418065487002.4,-0.996602,0.01453931,1.453931
2025-11-19,000852.XSHG,中证1000,7438.1387,7471.732,7348.0371,7387.2084,7448.1007,23839382000.0,367172563737.6,-0.817555,0.01660758,1.660758
2025-11-20,000852.XSHG,中证1000,7429.7001,7439.0443,7332.3212,7340.4118,7387.2084,22753609000.0,356711968727.4,-0.633482,0.01444701,1.444701
2025-11-21,000852.XSHG,中证1000,7235.3258,7274.3341,7067.703,7067.703,7340.4118,28480069000.0,408671897438.1,-3.71517,0.0281498,2.81498
2025-11-24,000852.XSHG,中证1000,7105.642,7190.7229,7064.5978,7156.4085,7067.703,24065506200.0,368993404400.1,1.255082,0.01784527,1.784527
2025-11-25,000852.XSHG,中证1000,7195.1,7311.7266,7194.7658,7249.9471,7156.4085,24542942900.0,404174105411.0,1.307061,0.01634351,1.634351
2025-11-26,000852.XSHG,中证1000,7236.6554,7307.1989,7225.0866,7248.4489,7249.9471,23177682400.0,376963938111.3,-0.020665,0.01132592,1.132592
2025-11-27,000852.XSHG,中证1000,7243.7141,7330.5999,7243.7141,7257.454,7248.4489,21127741200.0,365625943247.2,0.124235,0.01198681,1.198681
2025-11-28,000852.XSHG,中证1000,7257.1654,7334.2097,7239.8544,7334.2097,7257.454,20068050800.0,342185224996.4,1.057612,0.01300116,1.300116
2025-12-01,000852.XSHG,中证1000,7356.5131,7388.6182,7342.5963,7386.6811,7334.2097,23441158300.0,392320297531.6,0.715434,0.00627496,0.627496
2025-12-02,000852.XSHG,中证1000,7364.2041,7364.2041,7299.2721,7313.178,7386.6811,20051247700.0,320218841083.3,-0.995076,0.00879042,0.879042
2025-12-03,000852.XSHG,中证1000,7312.6673,7324.2105,7220.9759,7248.274,7313.178,21463340000.0,335034477208.3,-0.887494,0.01411624,1.411624
2025-12-04,000852.XSHG,中证1000,7246.8622,7269.9017,7185.911,7248.6573,7248.274,19483925400.0,311315804959.7,0.005288,0.01158768,1.158768
2025-12-05,000852.XSHG,中证1000,7244.2771,7346.9992,7194.6607,7342.4924,7248.6573,21572766300.0,352805657180.3,1.294517,0.0210161,2.10161
2025-12-08,000852.XSHG,中证1000,7359.4882,7446.192,7359.4882,7423.0462,7342.4924,24091899500.0,418474779432.4,1.097091,0.0118085,1.18085
2025-12-09,000852.XSHG,中证1000,7400.9344,7439.5464,7370.2962,7380.5835,7423.0462,22849142800.0,392312852126.3,-0.572039,0.00932908,0.932908
2025-12-10,000852.XSHG,中证1000,7367.4924,7421.4225,7332.0525,7408.2441,7380.5835,21561113400.0,360245249692.5,0.374775,0.0121088,1.21088
2025-12-11,000852.XSHG,中证1000,7421.7869,7425.441,7311.9952,7311.9952,7408.2441,23402087300.0,381933822512.9,-1.299213,0.01531345,1.531345
2025-12-12,000852.XSHG,中证1000,7312.871,7384.8479,7284.5552,7370.9416,7311.9952,24352518300.0,422779414910.8,0.80616,0.01371619,1.371619
2025-12-15,000852.XSHG,中证1000,7324.4797,7375.6117,7305.8316,7309.0775,7370.9416,22095769700.0,372658890926.0,-0.839297,0.00946692,0.946692
2025-12-16,000852.XSHG,中证1000,7302.1591,7302.1591,7143.6148,7181.62,7309.0775,23052600700.0,361621759667.3,-1.743825,0.02169142,2.169142
2025-12-17,000852.XSHG,中证1000,7178.3067,7303.3754,7149.0188,7288.7384,7181.62,22049877500.0,366263786190.1,1.491563,0.02149328,2.149328
2025-12-18,000852.XSHG,中证1000,7244.6396,7336.7315,7241.8612,7272.4024,7288.7384,20004466200.0,348983557160.8,-0.224127,0.01301601,1.301601
2025-12-19,000852.XSHG,中证1000,7295.6711,7357.0417,7279.9867,7329.8057,7272.4024,21920554700.0,362345403569.5,0.789331,0.01059554,1.059554
2025-12-22,000852.XSHG,中证1000,7363.064,7433.4281,7363.064,7408.3488,7329.8057,22160188600.0,381186010909.5,1.071558,0.00959972,0.959972
2025-12-23,000852.XSHG,中证1000,7410.2236,7441.4124,7363.9337,7392.4204,7408.3488,22428856600.0,397181525761.7,-0.215006,0.0104583,1.04583
2025-12-24,000852.XSHG,中证1000,7391.5613,7513.2535,7386.4889,7506.3814,7392.4204,21796145500.0,406286039967.0,1.541593,0.01714792,1.714792
2025-12-25,000852.XSHG,中证1000,7507.2965,7591.7818,7502.1544,7579.3791,7506.3814,22874491700.0,434419255592.9,0.972475,0.01194016,1.194016
2025-12-26,000852.XSHG,中证1000,7575.9264,7644.8395,7550.0139,7605.5299,7579.3791,26626161100.0,473665628418.3,0.345026,0.012511,1.2511
2025-12-29,000852.XSHG,中证1000,7606.435,7637.9096,7574.7748,7594.1575,7605.5299,26406479600.0,466873470411.6,-0.149528,0.00830117,0.830117
2025-12-30,000852.XSHG,中证1000,7556.5373,7636.1531,7552.4006,7597.299,7594.1575,26333187400.0,468024130590.7,0.041367,0.01102854,1.102854
2025-12-31,000852.XSHG,中证1000,7606.6462,7619.2214,7560.7229,7595.2845,7597.299,24454923100.0,440672066748.3,-0.026516,0.00769991,0.769991
2026-01-05,000852.XSHG,中证1000,7639.5375,7753.9594,7623.7489,7753.88,7595.2845,30537472600.0,542230841526.3,2.088078,0.0171436,1.71436
2026-01-06,000852.XSHG,中证1000,7756.1581,7864.9034,7755.0717,7864.9034,7753.88,33116203400.0,580815076334.1,1.431843,0.01416474,1.416474
2026-01-07,000852.XSHG,中证1000,7881.8359,7939.7517,7864.1385,7906.4197,7864.9034,31873436700.0,617917011024.8,0.527868,0.009614,0.9614
2026-01-08,000852.XSHG,中证1000,7886.8103,7993.6305,7886.6294,7971.5887,7906.4197,32556390800.0,605389117078.6,0.824254,0.01353345,1.353345
2026-01-09,000852.XSHG,中证1000,7969.19,8131.4905,7969.19,8129.1831,7971.5887,38104386900.0,705322959792.5,1.976951,0.02035987,2.035987
2026-01-12,000852.XSHG,中证1000,8196.085,8371.7487,8171.1052,8357.0107,8129.1831,44722895400.0,827564717480.8,2.802589,0.02468188,2.468188
2026-01-13,000852.XSHG,中证1000,8381.0421,8381.0421,8177.6291,8203.1327,8357.0107,45444450300.0,824652003313.7,-1.841304,0.0243404,2.43404
2026-01-14,000852.XSHG,中证1000,8204.2798,8415.0982,8154.2409,8257.1716,8203.1327,48979835900.0,884281078762.4,0.658759,0.03179972,3.179972
2026-01-15,000852.XSHG,中证1000,8197.0612,8267.8128,8151.1074,8240.7751,8257.1716,35335770800.0,638659733155.5,-0.198573,0.01413382,1.413382
2026-01-16,000852.XSHG,中证1000,8276.6084,8304.3989,8180.1169,8232.7293,8240.7751,35253940500.0,633410677296.9,-0.097634,0.01508135,1.508135
2026-01-19,000852.XSHG,中证1000,8204.6269,8298.4797,8187.9379,8265.6462,8232.7293,32669114900.0,581675794396.0,0.39983,0.01342711,1.342711
2026-01-20,000852.XSHG,中证1000,8271.7792,8300.0502,8104.9177,8182.7522,8265.6462,33668913400.0,579037016860.8,-1.002874,0.02360765,2.360765
2026-01-21,000852.XSHG,中证1000,8138.682,8289.1342,8136.9184,8247.6798,8182.7522,32567636800.0,564720693794.3,0.793469,0.01860203,1.860203
2026-01-22,000852.XSHG,中证1000,8272.4682,8314.2158,8252.7446,8309.3456,8247.6798,32856328100.0,571805715998.2,0.747675,0.00745315,0.745315
2026-01-23,000852.XSHG,中证1000,8331.7698,8478.5555,8323.3493,8470.7438,8309.3456,39304302000.0,681947636157.7,1.94237,0.01867851,1.867851
2026-01-26,000852.XSHG,中证1000,8513.2216,8530.4168,8302.0989,8365.4345,8470.7438,40342837500.0,703181530463.3,-1.243212,0.0269537,2.69537
2026-01-27,000852.XSHG,中证1000,8325.4328,8406.0994,8186.2435,8382.1533,8365.4345,36565732800.0,630208311333.5,0.199856,0.02628147,2.628147
2026-01-28,000852.XSHG,中证1000,8392.7526,8432.6198,8334.6827,8399.7938,8382.1533,34965829300.0,627356672599.6,0.210453,0.011684,1.1684
2026-01-29,000852.XSHG,中证1000,8380.6053,8463.1249,8308.8249,8332.2067,8399.7938,40198798200.0,677736377632.4,-0.804628,0.0183695,1.83695
2026-01-30,000852.XSHG,中证1000,8255.3349,8313.2266,8083.9704,8254.8603,8332.2067,36491645100.0,596749295784.9,-0.928282,0.02751446,2.751446
2026-02-02,000852.XSHG,中证1000,8166.736,8221.5824,7974.5993,7975.4283,8254.8603,30832146700.0,498940799234.4,-3.38506,0.02991972,2.991972
2026-02-03,000852.XSHG,中证1000,8058.7625,8210.0469,8023.2383,8209.101,7975.4283,29921845800.0,525759546405.2,2.929908,0.02342302,2.342302
2026-02-04,000852.XSHG,中证1000,8184.2046,8216.2042,8101.1998,8207.1203,8209.101,31646115000.0,516215155944.8,-0.024128,0.01400938,1.400938
2026-02-05,000852.XSHG,中证1000,8121.5111,8154.5578,8027.6234,8068.0767,8207.1203,27581682300.0,440964669773.2,-1.694183,0.01546637,1.546637
2026-02-06,000852.XSHG,中证1000,7980.4657,8152.3221,7950.0104,8051.5742,8068.0767,28108356300.0,444590291967.1,-0.204541,0.02507558,2.507558
2026-02-09,000852.XSHG,中证1000,8177.291,8235.1548,8149.646,8233.7783,8051.5742,28284816900.0,482557298731.6,2.262962,0.01062013,1.062013
2026-02-10,000852.XSHG,中证1000,8246.2179,8274.1425,8199.5105,8250.3001,8233.7783,29191625000.0,475050653321.2,0.200659,0.00906413,0.906413
2026-02-11,000852.XSHG,中证1000,8239.1703,8304.1252,8236.9574,8239.513,8250.3001,27323431200.0,438065440518.3,-0.130748,0.00814126,0.814126
2026-02-12,000852.XSHG,中证1000,8252.1854,8337.3705,8227.6044,8314.8322,8239.513,27759673600.0,467860009633.1,0.914122,0.01332192,1.332192
2026-02-13,000852.XSHG,中证1000,8272.8763,8323.7152,8200.1478,8204.8294,8314.8322,26114631200.0,438924354792.7,-1.322971,0.01486108,1.486108
2026-02-24,000852.XSHG,中证1000,8319.6907,8356.9141,8236.7067,8299.7705,8204.8294,27947962000.0,469515616941.8,1.157137,0.01465081,1.465081
2026-02-25,000852.XSHG,中证1000,8320.6122,8449.7634,8310.3252,8426.3314,8299.7705,33344734600.0,533140591769.5,1.524872,0.01680025,1.680025
2026-02-26,000852.XSHG,中证1000,8447.7826,8496.7482,8398.0656,8490.6173,8426.3314,33314760800.0,571186057010.0,0.762917,0.01171122,1.171122
2026-02-27,000852.XSHG,中证1000,8434.096,8561.2954,8433.7171,8560.8433,8490.6173,31389956300.0,549574087530.8,0.827101,0.0150258,1.50258
2026-03-02,000852.XSHG,中证1000,8464.2726,8535.8073,8393.9274,8476.965,8560.8433,37890628100.0,659006885198.7,-0.97979,0.01657312,1.657312
2026-03-03,000852.XSHG,中证1000,8495.9537,8510.8538,8128.3045,8142.4538,8476.965,39018957900.0,664863752043.2,-3.94612,0.0451281,4.51281
2026-03-04,000852.XSHG,中证1000,8039.5933,8228.8953,8039.5933,8094.5183,8142.4538,32068956100.0,502701509918.0,-0.588711,0.02324877,2.324877
2026-03-05,000852.XSHG,中证1000,8235.3744,8243.829,8121.3823,8171.1194,8094.5183,31536018100.0,508728534261.8,0.946333,0.01512711,1.512711
2026-03-06,000852.XSHG,中证1000,8120.4947,8273.6797,8115.4792,8248.8569,8171.1194,29463326900.0,474128426842.7,0.951369,0.01936093,1.936093
2026-03-09,000852.XSHG,中证1000,8131.7424,8230.6562,7983.5685,8203.8687,8248.8569,35630788700.0,568760663973.5,-0.545387,0.02995417,2.995417
2026-03-10,000852.XSHG,中证1000,8272.9406,8351.6657,8271.4927,8350.0896,8203.8687,31168527300.0,533511444229.1,1.782341,0.00977258,0.977258
2026-03-11,000852.XSHG,中证1000,8356.0899,8394.1222,8334.3282,8363.5262,8350.0896,32173733200.0,549266931144.7,0.160916,0.00716088,0.716088
2026-03-12,000852.XSHG,中证1000,8357.3509,8388.6328,8267.3895,8335.9078,8363.5262,32821274700.0,531966072601.4,-0.330224,0.01449667,1.449667
2026-03-13,000852.XSHG,中证1000,8297.9132,8350.917,8196.3738,8214.2926,8335.9078,33312302000.0,523300349106.4,-1.458932,0.01853946,1.853946
2026-03-16,000852.XSHG,中证1000,8212.2671,8226.032,8089.4876,8211.3517,8214.2926,31153245800.0,489125149211.3,-0.035802,0.01662278,1.662278
2026-03-17,000852.XSHG,中证1000,8219.4995,8223.9888,8019.075,8019.8569,8211.3517,29972338000.0,452754327270.6,-2.332074,0.02495494,2.495494
2026-03-18,000852.XSHG,中证1000,8050.7135,8105.8063,7970.1894,8096.5948,8019.8569,27089355400.0,419893070233.5,0.956849,0.01691014,1.691014
2026-03-19,000852.XSHG,中证1000,7988.8731,8008.3892,7874.2618,7909.2343,8096.5948,28459109900.0,443807163446.1,-2.314065,0.0165659,1.65659
2026-03-20,000852.XSHG,中证1000,7943.4127,7996.1638,7781.5786,7783.4345,7909.2343,29902296300.0,486114330316.8,-1.590543,0.02713097,2.713097
2026-03-23,000852.XSHG,中证1000,7632.9721,7712.0404,7357.6959,7409.1068,7783.4345,34925621000.0,505938395297.6,-4.809287,0.04552547,4.552547
2026-03-24,000852.XSHG,中证1000,7538.6971,7601.8826,7361.7928,7600.8569,7409.1068,29385508500.0,432416549029.6,2.588033,0.03240469,3.240469
2026-03-25,000852.XSHG,中证1000,7654.7838,7781.1973,7654.7838,7751.1809,7600.8569,30366881700.0,471082962176.8,1.977724,0.01663148,1.663148
2026-03-26,000852.XSHG,中证1000,7733.7018,7775.8927,7614.8894,7639.3762,7751.1809,27345513300.0,404052687696.6,-1.442422,0.02077145,2.077145
2026-03-27,000852.XSHG,中证1000,7526.5864,7784.5469,7526.5864,7746.3131,7639.3762,25889527400.0,403803691770.2,1.399812,0.03376722,3.376722
2026-03-30,000852.XSHG,中证1000,7664.6359,7774.8508,7618.9605,7767.9301,7746.3131,26117412900.0,411973881300.1,0.279062,0.02012445,2.012445
2026-03-31,000852.XSHG,中证1000,7741.9588,7789.2392,7618.187,7619.8503,7767.9301,25525579000.0,404652134124.8,-1.906297,0.02202031,2.202031
2026-04-01,000852.XSHG,中证1000,7767.8829,7786.7591,7692.0096,7764.1525,7619.8503,25597564400.0,420061154056.5,1.893767,0.01243456,1.243456
2026-04-02,000852.XSHG,中证1000,7733.7474,7764.0271,7581.3918,7623.4168,7764.1525,24684116100.0,388676703461.5,-1.812634,0.02352289,2.352289
2026-04-03,000852.XSHG,中证1000,7658.8213,7664.7556,7521.9443,7536.5999,7623.4168,22368034900.0,354378845650.9,-1.138819,0.01873324,1.873324
2026-04-07,000852.XSHG,中证1000,7556.2765,7640.5054,7554.4083,7606.0166,7536.5999,21097435700.0,343772200425.7,0.921061,0.01142387,1.142387
2026-04-08,000852.XSHG,中证1000,7765.5504,7955.7684,7765.1971,7955.7684,7606.0166,29788517200.0,520657875320.5,4.598357,0.02505534,2.505534
2026-04-09,000852.XSHG,中证1000,7881.8027,7959.0665,7872.4745,7921.4465,7955.7684,26065017100.0,466353987595.2,-0.431409,0.01088418,1.088418
2026-04-10,000852.XSHG,中证1000,7981.6219,8059.7551,7981.6219,7998.232,7921.4465,26241528500.0,494992306540.9,0.969337,0.0098635,0.98635
2026-04-13,000852.XSHG,中证1000,7947.2223,8040.0258,7947.2223,8025.5724,7998.232,24984977300.0,452431894323.4,0.341831,0.011603,1.1603
2026-04-14,000852.XSHG,中证1000,8088.0504,8144.7622,8059.3801,8144.7622,8025.5724,26630582500.0,509465034836.6,1.485125,0.01063876,1.063876
2026-04-15,000852.XSHG,中证1000,8186.0742,8193.2959,8083.2652,8106.1646,8144.7622,27384184600.0,520849253124.5,-0.473895,0.01350938,1.350938
2026-04-16,000852.XSHG,中证1000,8120.3576,8239.0079,8100.4892,8232.9834,8106.1646,27958443300.0,504935058833.5,1.564474,0.01708807,1.708807
2026-04-17,000852.XSHG,中证1000,8225.7287,8333.2215,8223.7061,8307.4361,8232.9834,28510344300.0,530440512312.1,0.904322,0.01330203,1.330203
2026-04-20,000852.XSHG,中证1000,8308.0554,8374.812,8308.0554,8357.8139,8307.4361,29202960400.0,559665065901.8,0.606418,0.00803576,0.803576
2026-04-21,000852.XSHG,中证1000,8331.5919,8358.1241,8270.1606,8351.156,8357.8139,27899621000.0,521902188211.7,-0.079661,0.0105247,1.05247
2026-04-22,000852.XSHG,中证1000,8317.2778,8482.1533,8317.2778,8481.2397,8351.156,28170553900.0,558389615169.7,1.557673,0.01974284,1.974284
2026-04-23,000852.XSHG,中证1000,8488.996,8500.4382,8302.8492,8362.7402,8481.2397,31979149200.0,623696526109.0,-1.397196,0.02329718,2.329718
2026-04-24,000852.XSHG,中证1000,8318.5968,8360.79,8254.4309,8304.1412,8362.7402,29374811800.0,566282031229.8,-0.700715,0.01271821,1.271821
2026-04-27,000852.XSHG,中证1000,8292.811,8366.3124,8249.9439,8338.7263,8304.1412,27706012400.0,544735960417.2,0.41648,0.01401331,1.401331
2026-04-28,000852.XSHG,中证1000,8307.6916,8316.2671,8187.2385,8226.6919,8338.7263,28497044600.0,549201647095.7,-1.343543,0.01547342,1.547342
2026-04-29,000852.XSHG,中证1000,8163.3482,8361.4866,8163.3482,8343.0651,8226.6919,28909945600.0,557143418182.6,1.414581,0.02408482,2.408482
2026-04-30,000852.XSHG,中证1000,8345.2469,8402.3557,8324.2936,8381.9465,8343.0651,29911511000.0,595981862152.1,0.466033,0.00935653,0.935653
2026-05-06,000852.XSHG,中证1000,8462.023,8610.8806,8462.023,8574.5557,8381.9465,33085337100.0,690961217003.3,2.297905,0.01775931,1.775931
2026-05-07,000852.XSHG,中证1000,8602.146,8716.8606,8573.2953,8714.51,8574.5557,33247719000.0,687608424374.6,1.632205,0.01674318,1.674318
2026-05-08,000852.XSHG,中证1000,8655.1267,8760.1944,8651.059,8741.1507,8714.51,32178154500.0,656747057093.8,0.305705,0.01252341,1.252341
2026-05-11,000852.XSHG,中证1000,8807.905,8888.8726,8760.7141,8866.7792,8741.1507,34480797200.0,742541492856.3,1.437208,0.01466151,1.466151
2026-05-12,000852.XSHG,中证1000,8880.4148,8881.9024,8749.722,8821.8874,8866.7792,32084927800.0,683458191309.9,-0.506292,0.01490737,1.490737
2026-05-13,000852.XSHG,中证1000,8764.0225,8958.4563,8764.0225,8955.4473,8821.8874,31915270600.0,677186620719.2,1.513961,0.02203993,2.203993
2026-05-14,000852.XSHG,中证1000,8989.4867,8991.85,8778.7088,8778.7088,8955.4473,35634417700.0,730969710799.2,-1.973531,0.02380017,2.380017
2026-05-15,000852.XSHG,中证1000,8786.3816,8846.5154,8616.0601,8682.6536,8778.7088,35570731700.0,730238194125.1,-1.094184,0.02625162,2.625162
2026-05-18,000852.XSHG,中证1000,8645.7632,8766.3059,8610.7417,8720.2132,8682.6536,30042067200.0,628497008229.2,0.432582,0.01791667,1.791667
2026-05-19,000852.XSHG,中证1000,8691.3841,8812.0309,8602.0462,8808.6445,8720.2132,29921984500.0,628935613994.7,1.014096,0.02408023,2.408023
2026-05-20,000852.XSHG,中证1000,8769.0973,8823.6839,8697.3996,8808.9095,8808.6445,30671918800.0,653945996335.4,0.003008,0.01433641,1.433641
2026-05-21,000852.XSHG,中证1000,8852.4337,8896.6004,8500.92,8510.4958,8808.9095,35003795100.0,744490227370.2,-3.387635,0.0449182,4.49182
2026-05-22,000852.XSHG,中证1000,8578.9002,8719.3865,8521.6952,8692.6655,8510.4958,28681240700.0,613491387497.9,2.14053,0.02322912,2.322912
2026-05-25,000852.XSHG,中证1000,8756.4578,8802.9457,8670.7156,8799.3116,8692.6655,30289600600.0,668583970114.9,1.226852,0.01521169,1.521169
2026-05-26,000852.XSHG,中证1000,8755.9075,8756.4625,8560.8039,8687.2528,8799.3116,31437355100.0,681153504048.6,-1.273495,0.02223567,2.223567
2026-05-27,000852.XSHG,中证1000,8679.5357,8737.0548,8495.7232,8546.5142,8687.2528,31311235400.0,668282707862.7,-1.620059,0.02777997,2.777997
2026-05-28,000852.XSHG,中证1000,8527.9088,8659.6101,8459.9486,8637.743,8546.5142,30074765000.0,636606110725.9,1.067439,0.02336175,2.336175
2026-05-29,000852.XSHG,中证1000,8673.798,8680.266,8357.8007,8408.7357,8637.743,33278021700.0,705660466956.9,-2.65124,0.03733212,3.733212
2026-06-01,000852.XSHG,中证1000,8393.5182,8504.9828,8339.3533,8345.1291,8408.7357,30570642300.0,607633321058.7,-0.756435,0.01969731,1.969731
2026-06-02,000852.XSHG,中证1000,8360.8072,8440.2318,8219.1526,8384.7812,8345.1291,29277785300.0,589657282873.4,0.475153,0.026492,2.6492
2026-06-03,000852.XSHG,中证1000,8386.8576,8549.2486,8357.4635,8432.679,8384.7812,31829116600.0,688232619745.6,0.571247,0.022873,2.2873
2026-06-04,000852.XSHG,中证1000,8338.854,8456.0172,8338.854,8420.0946,8432.679,28617360900.0,599542777865.6,-0.149234,0.01389395,1.389395
2026-06-05,000852.XSHG,中证1000,8380.8523,8500.1001,8305.3956,8340.9631,8420.0946,31495357600.0,664778756146.5,-0.939793,0.02312379,2.312379
2026-06-08,000852.XSHG,中证1000,8069.482,8260.1923,7987.3963,8081.2614,8340.9631,30353698500.0,603155103799.4,-3.11357,0.03270558,3.270558
2026-06-09,000852.XSHG,中证1000,8178.8231,8322.109,8096.5769,8318.6978,8081.2614,29309759700.0,602773097270.3,2.938111,0.02790803,2.790803
2026-06-10,000852.XSHG,中证1000,8232.0235,8285.2864,8103.0099,8198.7232,8318.6978,28684456600.0,582026561181.5,-1.442228,0.02191166,2.191166
2026-06-11,000852.XSHG,中证1000,8158.4598,8223.5272,8084.9,8159.4548,8198.7232,27116395300.0,577080601080.8,-0.478958,0.01690839,1.690839
2026-06-12,000852.XSHG,中证1000,8294.8972,8348.786,8181.4174,8202.7991,8159.4548,32859908500.0,717319013093.1,0.531216,0.02051223,2.051223
2026-06-15,000852.XSHG,中证1000,8269.3972,8521.233,8269.3972,8521.233,8202.7991,29601206700.0,640124261587.0,3.882015,0.0307012,3.07012
2026-06-16,000852.XSHG,中证1000,8534.2702,8684.6498,8508.9079,8646.4034,8521.233,29802260700.0,683488867028.9,1.468924,0.020624,2.0624
2026-06-17,000852.XSHG,中证1000,8581.6499,8705.4025,8581.6499,8704.4677,8646.4034,28222793700.0,658867267024.3,0.671543,0.01431261,1.431261
2026-06-18,000852.XSHG,中证1000,8666.6378,8796.4845,8664.2777,8771.0244,8704.4677,29006243500.0,680473865688.9,0.764627,0.01518838,1.518838
2026-06-22,000852.XSHG,中证1000,8813.7247,8865.8148,8609.6107,8865.676,8771.0244,33571821000.0,786541007010.9,1.07914,0.02921028,2.921028
2026-06-23,000852.XSHG,中证1000,8838.7627,8862.7185,8626.1008,8680.0387,8865.676,30395487800.0,707484276759.0,-2.093888,0.02668919,2.668919
2026-06-24,000852.XSHG,中证1000,8650.8156,8803.5014,8581.751,8793.4866,8680.0387,28686714500.0,680312177616.5,1.306998,0.02554717,2.554717
2026-06-25,000852.XSHG,中证1000,8806.0709,8872.1228,8743.2493,8825.9201,8793.4866,30544263800.0,729838211067.7,0.368835,0.01465556,1.465556
2026-06-26,000852.XSHG,中证1000,8771.5979,8797.282,8563.695,8601.4075,8825.9201,32122765600.0,755464112293.4,-2.543787,0.02646602,2.646602
2026-06-29,000852.XSHG,中证1000,8616.4237,8677.6299,8413.8636,8597.8932,8601.4075,30987102100.0,750058629128.5,-0.040857,0.03066548,3.066548
2026-06-30,000852.XSHG,中证1000,8574.2495,8815.1083,8547.3122,8809.7859,8597.8932,27911736400.0,685381605223.9,2.464472,0.03114671,3.114671
2026-07-01,000852.XSHG,中证1000,8827.4702,8944.1946,8806.6459,8876.6303,8809.7859,32576587100.0,782800133620.8,0.758752,0.01561317,1.561317
2026-07-02,000852.XSHG,中证1000,8688.2905,8865.9659,8598.8691,8625.3336,8876.6303,31085890200.0,717867291622.4,-2.830992,0.03008989,3.008989
2026-07-03,000852.XSHG,中证1000,8627.3819,8740.6676,8559.2847,8620.7886,8625.3336,29024450800.0,674994834099.3,-0.052694,0.02102909,2.102909
2026-07-06,000852.XSHG,中证1000,8669.123,8694.8045,8432.8967,8472.6028,8620.7886,28122420800.0,655013068730.7,-1.718936,0.03038096,3.038096
2026-07-07,000852.XSHG,中证1000,8436.3894,8489.4759,8261.3977,8301.8035,8472.6028,24457508200.0,544456254012.1,-2.015901,0.0269195,2.69195
2026-07-08,000852.XSHG,中证1000,8315.9619,8328.9647,8117.8607,8117.8607,8301.8035,23828392600.0,527640623973.8,-2.215697,0.02542869,2.542869
2026-07-09,000852.XSHG,中证1000,8161.8585,8312.6212,7978.8056,8300.077,8117.8607,25457934400.0,580421702888.1,2.244634,0.04112113,4.112113
2026-07-10,000852.XSHG,中证1000,8312.4918,8438.1942,8198.3078,8198.3078,8300.077,30850360900.0,691814043743.9,-1.226124,0.02890171,2.890171
2026-07-13,000852.XSHG,中证1000,8124.363,8171.5039,7769.2917,7787.8529,8198.3078,28528634400.0,573788494517.9,-5.006581,0.04906039,4.906039
2026-07-14,000852.XSHG,中证1000,7799.813,7934.1027,7657.6714,7925.1232,7787.8529,25589201500.0,519230856494.0,1.762621,0.03549519,3.549519
2026-07-15,000852.XSHG,中证1000,7959.3737,7979.0765,7783.219,7817.8313,7925.1232,25843327100.0,504268472799.9,-1.35382,0.0247135,2.47135
2026-07-16,000852.XSHG,中证1000,7713.1352,7836.39,7591.4205,7631.7622,7817.8313,24822687100.0,473090736173.4,-2.38006,0.03133471,3.133471
2026-07-17,000852.XSHG,中证1000,7599.3879,7605.6125,7163.3085,7167.9959,7631.7622,29624224500.0,510907297886.9,-6.076792,0.05795568,5.795568
2026-07-20,000852.XSHG,中证1000,7256.2669,7298.1222,6824.1446,6965.3757,7167.9959,30818691400.0,518121843932.4,-2.826734,0.06612414,6.612414
2026-07-21,000852.XSHG,中证1000,6975.8931,7264.3378,6714.1869,7259.863,6965.3757,33498939900.0,572869030332.7,4.227874,0.07898366,7.898366
2026-07-22,000852.XSHG,中证1000,7196.8632,7302.4544,7118.6602,7158.7622,7259.863,29158247000.0,518357580391.3,-1.392599,0.02531648,2.531648
2026-07-23,000852.XSHG,中证1000,7169.5427,7247.1412,7113.4977,7195.4997,7158.7622,25050272700.0,422221092351.8,0.513182,0.01866852,1.866852
2026-07-24,000852.XSHG,中证1000,7109.2475,7174.5521,6995.6931,6995.6931,7195.4997,22902663500.0,379813289829.5,-2.776827,0.02485706,2.485706
