date,code,open,high,low,close,pre_close,volume,money
2019-01-02,000300.XSHG,3017.07,3018.78,2958.49,2969.54,3010.65,6866302100,7.610557128e+10
2019-01-03,000300.XSHG,2963.02,3000.44,2953.25,2964.84,2969.54,7086710300,7.666479739e+10
2019-01-04,000300.XSHG,2940.19,3036.81,2935.83,3035.87,2964.84,1.03318972e+10,1.071410371e+11
2019-01-07,000300.XSHG,3055.15,3061.75,3035.91,3054.3,3035.87,1.01164359e+10,1.057039408e+11
2019-01-08,000300.XSHG,3049.87,3055.51,3038.53,3047.7,3054.3,8617058500,7.962888266e+10
2019-01-09,000300.XSHG,3065.23,3117.96,3062.85,3078.48,3047.7,1.0736435e+10,1.171296789e+11
2019-01-10,000300.XSHG,3077.48,3092.54,3062.57,3072.69,3078.48,8527175600,9.020687174e+10
2019-01-11,000300.XSHG,3082.26,3102.83,3071.03,3094.78,3072.69,7178642400,7.742023958e+10
2019-01-14,000300.XSHG,3092.5,3097.41,3064.38,3067.78,3094.78,6612170200,6.811596909e+10
2019-01-15,000300.XSHG,3071.52,3129.37,3064.67,3127.99,3067.78,8877296200,9.997689114e+10
2019-01-16,000300.XSHG,3126.13,3135.01,3117.29,3128.65,3127.99,8021434100,8.578159179e+10
2019-01-17,000300.XSHG,3132.63,3141.71,3110.06,3111.42,3128.65,8017487100,8.288820699e+10
2019-01-18,000300.XSHG,3124.5,3171.69,3120.35,3168.17,3111.42,1.03963834e+10,1.067806585e+11
2019-01-21,000300.XSHG,3170.88,3199.21,3170.88,3185.64,3168.17,9391502200,1.055369866e+11
2019-01-22,000300.XSHG,3181.95,3181.95,3135.34,3143.32,3185.64,7299052800,7.815087631e+10
2019-01-23,000300.XSHG,3136.1,3157.63,3131.87,3141.05,3143.32,5987047800,6.2669652e+10
2019-01-24,000300.XSHG,3146.6,3165.63,3125.3,3158.78,3141.05,7293463600,8.096387722e+10
2019-01-25,000300.XSHG,3165.18,3203.17,3164.41,3184.47,3158.78,8396772900,9.320795475e+10
2019-01-28,000300.XSHG,3203.12,3228.87,3174.72,3183.78,3184.47,8262243100,9.737149615e+10
2019-01-29,000300.XSHG,3177.26,3200.99,3148.23,3193.97,3183.78,7765833400,8.594390859e+10
2019-01-30,000300.XSHG,3181.66,3202.9,3167.89,3168.48,3193.97,6374651700,7.300512345e+10
2019-01-31,000300.XSHG,3182.7,3216.07,3178.01,3201.63,3168.48,8624783900,9.750992477e+10
2019-02-01,000300.XSHG,3225.73,3247.5,3207.72,3247.4,3201.63,8201964100,9.476641276e+10
2019-02-11,000300.XSHG,3239.81,3307.06,3239.81,3306.47,3247.4,9881843400,1.147523548e+11
2019-02-12,000300.XSHG,3306.35,3335.36,3298.63,3330.34,3306.47,1.22232462e+10,1.22834101e+11
2019-02-13,000300.XSHG,3337.78,3405.58,3329.14,3397.03,3330.34,1.63828332e+10,1.688662621e+11
2019-02-14,000300.XSHG,3392.85,3415.4,3381.98,3402.14,3397.03,1.5112729e+10,1.38649288e+11
2019-02-15,000300.XSHG,3391.24,3395.03,3335.87,3338.7,3402.14,1.43668603e+10,1.415550609e+11
2019-02-18,000300.XSHG,3366.42,3445.74,3366.42,3445.74,3338.7,1.82886089e+10,1.804497425e+11
2019-02-19,000300.XSHG,3454.72,3480.79,3419.07,3439.61,3445.74,1.79083785e+10,1.857627466e+11
2019-02-20,000300.XSHG,3449.93,3463.77,3421.51,3451.93,3439.61,1.47390311e+10,1.455702631e+11
2019-02-21,000300.XSHG,3450.14,3500.25,3431.63,3442.71,3451.93,1.80143287e+10,1.851971548e+11
2019-02-22,000300.XSHG,3439.38,3520.12,3417.98,3520.12,3442.71,1.87237974e+10,2.028692887e+11
2019-02-25,000300.XSHG,3575.85,3729.48,3574.69,3729.48,3520.12,3.42557122e+10,3.763823934e+11
2019-02-26,000300.XSHG,3734.71,3762.11,3679.27,3684.69,3729.48,3.58038698e+10,3.876328601e+11
2019-02-27,000300.XSHG,3682.81,3737.63,3638.33,3678.39,3684.69,2.86236007e+10,3.073061481e+11
2019-02-28,000300.XSHG,3675.26,3695.46,3650.05,3669.37,3678.39,1.8481022e+10,2.060109582e+11
2019-03-01,000300.XSHG,3699.22,3749.71,3668.77,3749.71,3669.37,2.04711004e+10,2.356206235e+11
2019-03-04,000300.XSHG,3783.04,3886.58,3764.78,3794.1,3749.71,3.23490126e+10,3.763972847e+11
2019-03-05,000300.XSHG,3785.38,3816.16,3770.79,3816.01,3794.1,2.30853166e+10,2.614641222e+11
2019-03-06,000300.XSHG,3822.86,3855.16,3787.52,3848.09,3816.01,3.18077371e+10,3.311556166e+11
2019-03-07,000300.XSHG,3841.15,3845.18,3778.8,3808.85,3848.09,3.29846548e+10,3.593391529e+11
2019-03-08,000300.XSHG,3721.4,3774.54,3656.19,3657.58,3808.85,3.17990077e+10,3.492966912e+11
2019-03-11,000300.XSHG,3663.98,3731.91,3650.81,3729.95,3657.58,2.30912865e+10,2.687184588e+11
2019-03-12,000300.XSHG,3758.32,3804.72,3723.68,3755.35,3729.95,2.74926382e+10,3.251806198e+11
2019-03-13,000300.XSHG,3758.71,3763.09,3708.81,3724.19,3755.35,2.33682248e+10,2.861710482e+11
2019-03-14,000300.XSHG,3710.29,3747.82,3673.85,3698.49,3724.19,1.90817237e+10,2.318201494e+11
2019-03-15,000300.XSHG,3713.94,3782.24,3713.94,3745.01,3698.49,1.75174544e+10,2.241943629e+11
2019-03-18,000300.XSHG,3753.64,3851.75,3733.68,3851.75,3745.01,2.1692806e+10,2.764734489e+11
2019-03-19,000300.XSHG,3856.59,3868.34,3815.22,3833.96,3851.75,1.8172711e+10,2.240968896e+11
2019-03-20,000300.XSHG,3825.34,3855.15,3790.51,3835.44,3833.96,1.7563209e+10,2.154069936e+11
2019-03-21,000300.XSHG,3840.28,3864.07,3823.47,3836.89,3835.44,1.9631031e+10,2.319934456e+11
2019-03-22,000300.XSHG,3838.13,3845.58,3786.59,3833.8,3836.89,1.71356993e+10,1.985183863e+11
2019-03-25,000300.XSHG,3776.44,3807.18,3741.61,3742.83,3833.8,1.98586329e+10,2.233965644e+11
2019-03-26,000300.XSHG,3766.53,3770.84,3687.55,3700.44,3742.83,1.73046579e+10,1.965478112e+11
2019-03-27,000300.XSHG,3724.41,3750.26,3703.45,3743.39,3700.44,1.38758454e+10,1.775075284e+11
2019-03-28,000300.XSHG,3731.06,3755.72,3710.08,3728.4,3743.39,1.33272129e+10,1.726043929e+11
2019-03-29,000300.XSHG,3739.77,3876.38,3739.77,3872.34,3728.4,2.15639103e+10,2.830222986e+11
2019-04-01,000300.XSHG,3901.17,3982.91,3901.17,3973.93,3872.34,2.71382704e+10,3.407994036e+11
2019-04-02,000300.XSHG,3986.34,3988.1,3956.51,3971.29,3973.93,2.26000341e+10,2.81892057e+11
2019-04-03,000300.XSHG,3947.87,4026.5,3939.78,4022.16,3971.29,2.31917368e+10,2.848264954e+11
2019-04-04,000300.XSHG,4039.74,4072.11,4021.71,4062.23,4022.16,2.60410939e+10,3.135394314e+11
2019-04-08,000300.XSHG,4097.1,4122.6,4017.49,4057.23,4062.23,2.67505576e+10,3.246704525e+11
2019-04-09,000300.XSHG,4063.81,4084.24,4038.28,4075.43,4057.23,1.82956808e+10,2.431879131e+11
2019-04-10,000300.XSHG,4062.44,4115.38,4035.47,4085.85,4075.43,1.94687613e+10,2.782820251e+11
2019-04-11,000300.XSHG,4083.46,4097.12,3990.24,3997.58,4085.85,1.69049641e+10,2.362591567e+11
2019-04-12,000300.XSHG,3986.78,4006.93,3961.46,3988.62,3997.58,1.35862118e+10,1.787959391e+11
2019-04-15,000300.XSHG,4056.49,4085.39,3974.23,3975.52,3988.62,1.82645571e+10,2.362987214e+11
2019-04-16,000300.XSHG,3958.1,4085.79,3943.49,4085.79,3975.52,2.02041966e+10,2.505692067e+11
2019-04-17,000300.XSHG,4080.72,4106.62,4057.5,4087.24,4085.79,1.80367117e+10,2.288244299e+11
2019-04-18,000300.XSHG,4085.11,4094.05,4056.24,4072.08,4087.24,1.46562123e+10,1.878126878e+11
2019-04-19,000300.XSHG,4076.3,4120.64,4046.2,4120.61,4072.08,1.5079491e+10,1.947016908e+11
2019-04-22,000300.XSHG,4125.97,4126.09,4015.47,4025.61,4120.61,1.89353745e+10,2.443805492e+11
2019-04-23,000300.XSHG,4021.63,4061.09,4005.28,4019.01,4025.61,1.5561165e+10,2.041215058e+11
2019-04-24,000300.XSHG,4033.63,4044.34,3967.81,4030.09,4019.01,1.45498695e+10,1.864979617e+11
2019-04-25,000300.XSHG,4013.6,4022.56,3938.33,3941.82,4030.09,1.59722071e+10,1.975309978e+11
2019-04-26,000300.XSHG,3921.89,3943.83,3887.25,3889.27,3941.82,1.42008068e+10,1.865721371e+11
2019-04-29,000300.XSHG,3896.58,3953.23,3875.45,3900.33,3889.27,1.53870927e+10,2.039465532e+11
2019-04-30,000300.XSHG,3887.18,3923.11,3885.15,3913.21,3900.33,1.16233376e+10,1.616659239e+11
2019-05-06,000300.XSHG,3775.08,3791.61,3647.14,3684.62,3913.21,1.97472882e+10,2.541154001e+11
2019-05-07,000300.XSHG,3702.27,3738.18,3671.83,3720.67,3684.62,1.32847654e+10,1.836591592e+11
2019-05-08,000300.XSHG,3648.55,3722.93,3642.5,3667.46,3720.67,1.12867355e+10,1.450584864e+11
2019-05-09,000300.XSHG,3637.35,3656.9,3584.82,3599.7,3667.46,1.01037394e+10,1.418290958e+11
2019-05-10,000300.XSHG,3643.06,3732.92,3589.29,3730.45,3599.7,1.48003847e+10,1.950671708e+11
2019-05-13,000300.XSHG,3675.76,3702.9,3658,3668.73,3730.45,1.0339186e+10,1.350539267e+11
2019-05-14,000300.XSHG,3630.44,3683.26,3630.44,3645.15,3668.73,1.0231346e+10,1.352628689e+11
2019-05-15,000300.XSHG,3674.99,3741.04,3674.99,3727.09,3645.15,1.10161769e+10,1.525345468e+11
2019-05-16,000300.XSHG,3720.04,3745.14,3707.9,3743.96,3727.09,1.16258274e+10,1.398519401e+11
2019-05-17,000300.XSHG,3744.88,3745.36,3637.58,3648.76,3743.96,1.28453245e+10,1.540923497e+11
2019-05-20,000300.XSHG,3635.74,3644.5,3583.83,3617.79,3648.76,1.08963477e+10,1.341942626e+11
2019-05-21,000300.XSHG,3619.44,3690.09,3610.68,3666.78,3617.79,1.1102292e+10,1.330713811e+11
2019-05-22,000300.XSHG,3663.15,3679.27,3634.75,3649.38,3666.78,9834612800,1.217752442e+11
2019-05-23,000300.XSHG,3629.53,3631.47,3578.11,3583.96,3649.38,9989778100,1.256119695e+11
2019-05-24,000300.XSHG,3584.9,3623.39,3580.79,3593.91,3583.96,8093404800,1.013374964e+11
2019-05-27,000300.XSHG,3592.6,3648.03,3556.26,3637.2,3593.91,1.08830871e+10,1.333990539e+11
2019-05-28,000300.XSHG,3633.02,3683.23,3627.79,3672.26,3637.2,1.1788624e+10,1.489663347e+11
2019-05-29,000300.XSHG,3642.54,3693.23,3637.35,3663.91,3672.26,9335544100,1.200020342e+11
2019-05-30,000300.XSHG,3648.85,3650.97,3612.62,3641.18,3663.91,9420256100,1.128640793e+11
2019-05-31,000300.XSHG,3641,3668.18,3627.54,3629.79,3641.18,8922226700,1.082642013e+11
2019-06-03,000300.XSHG,3640.61,3672.81,3613.13,3632.01,3629.79,1.0072318e+10,1.239024464e+11
2019-06-04,000300.XSHG,3632.56,3636.13,3584.46,3598.47,3632.01,8709709400,1.094672365e+11
2019-06-05,000300.XSHG,3627.79,3634.45,3593.95,3597.11,3598.47,8864202000,1.146342282e+11
2019-06-06,000300.XSHG,3601.04,3601.04,3557.02,3564.68,3597.11,8553440300,1.043672677e+11
2019-06-10,000300.XSHG,3578.01,3623.73,3568.28,3610.74,3564.68,9237506100,1.173466089e+11
2019-06-11,000300.XSHG,3617.52,3723.14,3617.52,3719.28,3610.74,1.43482806e+10,1.808990723e+11
2019-06-12,000300.XSHG,3706.86,3711.88,3683.94,3691.1,3719.28,1.19178853e+10,1.322960979e+11
2019-06-13,000300.XSHG,3689.58,3697.59,3654.27,3685.39,3691.1,9633171800,1.104599019e+11
2019-06-14,000300.XSHG,3690.48,3709.65,3650.91,3654.88,3685.39,1.01817004e+10,1.165842606e+11
2019-06-17,000300.XSHG,3654.44,3683.77,3645.5,3654.82,3654.88,7297667800,9.30925813e+10
2019-06-18,000300.XSHG,3661.13,3675.65,3638.78,3667.62,3654.82,7069226600,8.947283985e+10
2019-06-19,000300.XSHG,3761.34,3771.35,3715.13,3715.94,3667.62,1.25595715e+10,1.725741778e+11
2019-06-20,000300.XSHG,3718.94,3845.79,3717.19,3828.52,3715.94,1.68872073e+10,2.27726982e+11
2019-06-21,000300.XSHG,3832.73,3856.09,3817.31,3833.94,3828.52,1.53635155e+10,1.999616176e+11
2019-06-24,000300.XSHG,3836.31,3853.55,3819.77,3841.27,3833.94,1.00084621e+10,1.436447317e+11
2019-06-25,000300.XSHG,3837.43,3838.06,3755.01,3801.31,3841.27,1.24075912e+10,1.693587933e+11
2019-06-26,000300.XSHG,3779.51,3809.76,3771.72,3794.33,3801.31,8182028300,1.12106859e+11
2019-06-27,000300.XSHG,3807.54,3854.08,3805.83,3834.82,3794.33,1.05316358e+10,1.564834182e+11
2019-06-28,000300.XSHG,3832.06,3835.23,3803.05,3825.59,3834.82,8476613900,1.165120507e+11
2019-07-01,000300.XSHG,3899.33,3936.67,3886.91,3935.81,3825.59,1.5837034e+10,2.174702511e+11
2019-07-02,000300.XSHG,3931.05,3942.43,3918.94,3937.17,3935.81,1.31863496e+10,1.739970451e+11
2019-07-03,000300.XSHG,3927.44,3927.44,3878.84,3893.53,3937.17,1.11992603e+10,1.631457309e+11
2019-07-04,000300.XSHG,3895.2,3906.89,3854.69,3873.1,3893.53,9934225600,1.426692552e+11
2019-07-05,000300.XSHG,3875.37,3900.31,3857.93,3893.2,3873.1,7400652700,1.162365221e+11
2019-07-08,000300.XSHG,3875.75,3875.75,3775.03,3802.79,3893.2,1.09539086e+10,1.471984194e+11
2019-07-09,000300.XSHG,3798.1,3811.1,3774.76,3793.13,3802.79,7484273200,1.13147603e+11
2019-07-10,000300.XSHG,3807.95,3810.4,3774.23,3786.74,3793.13,7283394800,1.01355477e+11
2019-07-11,000300.XSHG,3806.19,3830.74,3774.41,3785.22,3786.74,7531196500,1.136746162e+11
2019-07-12,000300.XSHG,3783.07,3820.24,3774.52,3808.73,3785.22,7546596700,1.07007924e+11
2019-07-15,000300.XSHG,3792.64,3844.87,3745.85,3824.19,3808.73,1.01205222e+10,1.424930466e+11
2019-07-16,000300.XSHG,3819.25,3828.33,3799.87,3806.84,3824.19,8073095200,1.084496828e+11
2019-07-17,000300.XSHG,3800.11,3820.27,3787.9,3804.64,3806.84,9518388500,1.167667811e+11
2019-07-18,000300.XSHG,3793.19,3793.39,3768,3768.4,3804.64,8749644500,1.116693655e+11
2019-07-19,000300.XSHG,3787.51,3828.15,3787.51,3807.96,3768.4,8808614900,1.177975282e+11
2019-07-22,000300.XSHG,3813.5,3816.54,3765.44,3781.68,3807.96,9210137700,1.178104481e+11
2019-07-23,000300.XSHG,3783.54,3792.96,3768.76,3789.91,3781.68,7131334600,1.038666088e+11
2019-07-24,000300.XSHG,3803.59,3840.06,3803.57,3819.83,3789.91,9094068400,1.299405872e+11
2019-07-25,000300.XSHG,3821.39,3851.07,3812.95,3851.07,3819.83,9374041700,1.258995026e+11
2019-07-26,000300.XSHG,3835.23,3863.59,3832.52,3858.57,3851.07,8325930000,1.109297287e+11
2019-07-29,000300.XSHG,3857.94,3862.75,3842.43,3854.27,3858.57,8481437000,1.116791088e+11
2019-07-30,000300.XSHG,3861.57,3890.73,3861.57,3870.32,3854.27,9412395500,1.2048028e+11
2019-07-31,000300.XSHG,3856.74,3856.74,3830.09,3835.36,3870.32,8215115500,1.110838928e+11
2019-08-01,000300.XSHG,3819.32,3831.26,3791.55,3803.47,3835.36,8411418000,1.176491639e+11
2019-08-02,000300.XSHG,3729.13,3754.53,3720.06,3747.44,3803.47,1.08335897e+10,1.418747876e+11
2019-08-05,000300.XSHG,3724.41,3739.5,3675.69,3675.69,3747.44,1.01325981e+10,1.330611014e+11
2019-08-06,000300.XSHG,3609.11,3649.9,3575.86,3636.33,3675.69,1.29833871e+10,1.672674796e+11
2019-08-07,000300.XSHG,3654.63,3659.08,3621.43,3621.43,3636.33,8423871600,1.08667668e+11
2019-08-08,000300.XSHG,3651.36,3675.46,3646.94,3669.29,3621.43,8845770700,1.149816161e+11
2019-08-09,000300.XSHG,3686.75,3689.18,3628.12,3633.53,3669.29,8529558000,1.1635569e+11
2019-08-12,000300.XSHG,3647.87,3699.1,3643.32,3699.1,3633.53,8208305600,1.211293452e+11
2019-08-13,000300.XSHG,3675.59,3686.43,3658.01,3665.75,3699.1,7650030200,1.037643194e+11
2019-08-14,000300.XSHG,3712.07,3717.56,3680.61,3682.4,3665.75,9120259000,1.283016711e+11
2019-08-15,000300.XSHG,3618.01,3694.3,3612.11,3694,3682.4,8859883200,1.192410826e+11
2019-08-16,000300.XSHG,3697.94,3738.1,3687.08,3710.54,3694,8831916900,1.326969103e+11
2019-08-19,000300.XSHG,3736.03,3791.09,3720.69,3791.09,3710.54,1.39327013e+10,1.954489395e+11
2019-08-20,000300.XSHG,3786.03,3799.9,3778.73,3787.73,3791.09,1.08602088e+10,1.491153407e+11
2019-08-21,000300.XSHG,3778.31,3792.6,3775.45,3781.76,3787.73,8229988000,1.216885051e+11
2019-08-22,000300.XSHG,3793.86,3797.33,3771.2,3793.51,3781.76,8580779200,1.207081361e+11
2019-08-23,000300.XSHG,3796.88,3829.36,3788.03,3820.86,3793.51,8795458300,1.37802154e+11
2019-08-26,000300.XSHG,3756.36,3778.87,3753.16,3765.91,3820.86,9385926900,1.423509855e+11
2019-08-27,000300.XSHG,3791.46,3848.24,3790.87,3816.95,3765.91,1.24731478e+10,1.817487841e+11
2019-08-28,000300.XSHG,3818.81,3822.59,3790.14,3802.58,3816.95,8875081200,1.376672772e+11
2019-08-29,000300.XSHG,3805.49,3808.6,3774.4,3790.19,3802.58,8408338700,1.264756766e+11
2019-08-30,000300.XSHG,3816.68,3828.97,3778.92,3799.59,3790.19,9669515000,1.524086687e+11
2019-09-02,000300.XSHG,3803.69,3855.78,3799.82,3848.32,3799.59,1.10289349e+10,1.649944586e+11
2019-09-03,000300.XSHG,3852.58,3856.68,3833.76,3853.61,3848.32,9771463100,1.462706338e+11
2019-09-04,000300.XSHG,3848.65,3886,3846.42,3886,3853.61,1.26628615e+10,1.768397448e+11
2019-09-05,000300.XSHG,3909.21,3970,3909.21,3925.32,3886,1.81656231e+10,2.446812255e+11
2019-09-06,000300.XSHG,3946.69,3948.54,3922.34,3948.51,3925.32,1.21882376e+10,1.8171827e+11
2019-09-09,000300.XSHG,3980.96,3985.24,3954.88,3972.95,3948.51,1.46809754e+10,2.095453872e+11
2019-09-10,000300.XSHG,3976.87,3976.92,3938.74,3959.27,3972.95,1.30889386e+10,1.844943499e+11
2019-09-11,000300.XSHG,3969.68,3971.22,3922.95,3930.1,3959.27,1.31594875e+10,1.901650075e+11
2019-09-12,000300.XSHG,3944.69,3975.93,3933.44,3972.38,3930.1,1.10241273e+10,1.567506531e+11
2019-09-16,000300.XSHG,3981.36,3982.2,3943.37,3957.72,3972.38,1.10259805e+10,1.547365523e+11
2019-09-17,000300.XSHG,3947.16,3947.16,3879.49,3891.22,3957.72,1.13694317e+10,1.548992999e+11
2019-09-18,000300.XSHG,3902.99,3923.15,3902.51,3910.08,3891.22,8205615200,1.301595577e+11
2019-09-19,000300.XSHG,3923.96,3924.38,3897.07,3924.38,3910.08,8598423800,1.274217912e+11
2019-09-20,000300.XSHG,3933.46,3942.22,3921.41,3935.65,3924.38,1.03455955e+10,1.531625885e+11
2019-09-23,000300.XSHG,3925.19,3925.19,3868.21,3890.66,3935.65,9403622500,1.392235065e+11
2019-09-24,000300.XSHG,3895.87,3927.01,3886.14,3901.08,3890.66,8778323000,1.423413997e+11
2019-09-25,000300.XSHG,3887.55,3889.84,3867.23,3870.98,3901.08,8952083500,1.332244636e+11
2019-09-26,000300.XSHG,3884.7,3890.75,3840.25,3841.14,3870.98,1.02698301e+10,1.5080675e+11
2019-09-27,000300.XSHG,3843.46,3859.5,3832.25,3852.65,3841.14,7400394700,1.09130484e+11
2019-09-30,000300.XSHG,3842.07,3857.23,3813.55,3814.53,3852.65,6593131300,1.004872711e+11
2019-10-08,000300.XSHG,3818.59,3861.64,3818.59,3837.68,3814.53,7665786000,1.183656825e+11
2019-10-09,000300.XSHG,3822.61,3845.34,3805.07,3843.24,3837.68,7585451200,1.12406207e+11
2019-10-10,000300.XSHG,3838.49,3877.14,3829.43,3874.64,3843.24,7922269400,1.274740429e+11
2019-10-11,000300.XSHG,3885.52,3922.37,3868.84,3911.73,3874.64,9341257700,1.398172983e+11
2019-10-14,000300.XSHG,3944.86,3983.81,3934.73,3953.24,3911.73,1.22393611e+10,1.678571312e+11
2019-10-15,000300.XSHG,3953.16,3953.16,3928.15,3936.25,3953.24,8527394900,1.25117107e+11
2019-10-16,000300.XSHG,3939.28,3964.05,3919.02,3922.69,3936.25,8322970700,1.285585335e+11
2019-10-17,000300.XSHG,3929.39,3935.81,3913.92,3925.22,3922.69,6486374500,9.999185041e+10
2019-10-18,000300.XSHG,3935.42,3940.54,3864.97,3869.38,3925.22,8232114000,1.221869271e+11
2019-10-21,000300.XSHG,3865.34,3884.74,3856.04,3880.84,3869.38,7418291800,1.108582358e+11
2019-10-22,000300.XSHG,3896.31,3897.44,3870.55,3895.88,3880.84,6891856600,1.028433712e+11
2019-10-23,000300.XSHG,3892.68,3901.42,3862.2,3871.08,3895.88,7019862500,9.973359835e+10
2019-10-24,000300.XSHG,3877.92,3890.2,3852.58,3870.67,3871.08,7133457500,1.050969516e+11
2019-10-25,000300.XSHG,3871.77,3899.72,3849.03,3896.79,3870.67,7745362000,1.26677484e+11
2019-10-28,000300.XSHG,3904.98,3927.8,3897.82,3926.59,3896.79,9740602000,1.507622017e+11
2019-10-29,000300.XSHG,3929.71,3932.37,3910.23,3910.23,3926.59,8225707500,1.396114203e+11
2019-10-30,000300.XSHG,3904.72,3908.1,3883.45,3891.23,3910.23,7787292300,1.226105017e+11
2019-10-31,000300.XSHG,3906.86,3907.15,3878.88,3886.75,3891.23,8671453900,1.350124255e+11
2019-11-01,000300.XSHG,3883.81,3956.08,3876.42,3952.39,3886.75,1.00689612e+10,1.514710613e+11
2019-11-04,000300.XSHG,3964.01,3985.36,3964.01,3978.12,3952.39,1.04193855e+10,1.544853618e+11
2019-11-05,000300.XSHG,3982.12,4030.64,3970.87,4002.81,3978.12,1.1291188e+10,1.633178561e+11
2019-11-06,000300.XSHG,4006.33,4007.5,3973.78,3984.88,4002.81,9731295200,1.398597635e+11
2019-11-07,000300.XSHG,3984.55,4005.38,3975.55,3991.87,3984.88,8725489800,1.177515543e+11
2019-11-08,000300.XSHG,4017.67,4022.04,3971.57,3973.01,3991.87,9710694800,1.390266734e+11
2019-11-11,000300.XSHG,3948.62,3948.62,3897.55,3902.98,3973.01,9415562100,1.303300823e+11
2019-11-12,000300.XSHG,3905.96,3914.88,3877.74,3903.69,3902.98,7654306900,1.088282358e+11
2019-11-13,000300.XSHG,3905.28,3908.42,3882.43,3899.98,3903.69,7674907800,1.120571465e+11
2019-11-14,000300.XSHG,3905.93,3916.95,3895.14,3905.86,3899.98,8700844600,1.197915668e+11
2019-11-15,000300.XSHG,3908.49,3915.1,3877.09,3877.09,3905.86,8373091700,1.154230209e+11
2019-11-18,000300.XSHG,3874.44,3913.1,3868.32,3907.93,3877.09,7664599300,1.070858199e+11
2019-11-19,000300.XSHG,3904.1,3947.04,3902.38,3947.04,3907.93,8216102500,1.232271726e+11
2019-11-20,000300.XSHG,3940.13,3943.23,3901.99,3907.86,3947.04,7681533300,1.180030627e+11
2019-11-21,000300.XSHG,3894.54,3901.83,3875.97,3889.6,3907.86,6913053800,1.041477693e+11
2019-11-22,000300.XSHG,3894.17,3918.84,3833.5,3849.99,3889.6,9104263900,1.469811621e+11
2019-11-25,000300.XSHG,3850.97,3878.25,3839.42,3878.21,3849.99,1.06066289e+10,1.408510763e+11
2019-11-26,000300.XSHG,3893.43,3899.11,3869.59,3891.65,3878.21,1.11513537e+10,1.402136331e+11
2019-11-27,000300.XSHG,3883.43,3889.98,3862.7,3875.62,3891.65,7643730500,1.07238822e+11
2019-11-28,000300.XSHG,3877.9,3887.69,3852.01,3862.3,3875.62,6523011900,8.708178891e+10
2019-11-29,000300.XSHG,3857.19,3861.66,3804.83,3828.67,3862.3,7414433100,1.162005569e+11
2019-12-02,000300.XSHG,3835.51,3854.75,3829.31,3836.06,3828.67,7741217300,1.099925925e+11
2019-12-03,000300.XSHG,3829.21,3851.12,3811.63,3851.09,3836.06,7361124000,1.08703715e+11
2019-12-04,000300.XSHG,3841.66,3852.99,3831.07,3849.82,3851.09,7968338500,1.096463428e+11
2019-12-05,000300.XSHG,3863.61,3883.4,3859.82,3879.36,3849.82,8905119300,1.293575928e+11
2019-12-06,000300.XSHG,3885.06,3902.39,3878.7,3902.39,3879.36,7864888700,1.164247758e+11
2019-12-09,000300.XSHG,3909.53,3911.97,3885.25,3895.45,3902.39,9535380600,1.308730982e+11
2019-12-10,000300.XSHG,3886.44,3900.96,3882.09,3900.38,3895.45,8626292800,1.211184128e+11
2019-12-11,000300.XSHG,3907.16,3909.39,3890.34,3902.75,3900.38,9976548000,1.276904034e+11
2019-12-12,000300.XSHG,3908.45,3908.45,3886.12,3891.02,3902.75,8470833000,1.178743137e+11
2019-12-13,000300.XSHG,3928,3969.46,3925.28,3968.22,3891.02,1.48571349e+10,2.010188858e+11
2019-12-16,000300.XSHG,3970.71,3987.59,3953.51,3987.55,3968.22,1.4848667e+10,2.021548953e+11
2019-12-17,000300.XSHG,3987.74,4067.14,3984.52,4041.8,3987.55,2.01162937e+10,2.516378653e+11
2019-12-18,000300.XSHG,4039.72,4057.64,4025.34,4032.78,4041.8,1.51351764e+10,1.976202075e+11
2019-12-19,000300.XSHG,4034.62,4038.54,4014.9,4027.15,4032.78,1.17900558e+10,1.525538091e+11
2019-12-20,000300.XSHG,4032.15,4046.73,4014.93,4017.25,4027.15,1.21267662e+10,1.584602324e+11
2019-12-23,000300.XSHG,4014.69,4032.17,3964.38,3967.1,4017.25,1.22816246e+10,1.620482615e+11
2019-12-24,000300.XSHG,3971.56,3994.51,3963.67,3992.96,3967.1,9598904500,1.224991633e+11
2019-12-25,000300.XSHG,3988.66,4000.56,3976.36,3990.87,3992.96,9493889000,1.31896467e+11
2019-12-26,000300.XSHG,3993.67,4025.99,3993.54,4025.99,3990.87,1.0886064e+10,1.408149682e+11
2019-12-27,000300.XSHG,4029.25,4066.8,4019.72,4022.03,4025.99,1.50926411e+10,1.95090417e+11
2019-12-30,000300.XSHG,4015.52,4083.69,4001.5,4081.63,4022.03,1.55971488e+10,2.1681466e+11
2019-12-31,000300.XSHG,4077.75,4098.14,4069.01,4096.58,4081.63,1.23264258e+10,1.731193485e+11
2020-01-02,000300.XSHG,4121.35,4172.66,4121.35,4152.24,4096.58,1.82116772e+10,2.70105532e+11
2020-01-03,000300.XSHG,4161.22,4164.3,4131.86,4144.96,4152.24,1.42826244e+10,2.152162883e+11
2020-01-06,000300.XSHG,4120.52,4170.64,4102.38,4129.3,4144.96,1.75309953e+10,2.501820713e+11
2020-01-07,000300.XSHG,4137.4,4161.25,4135.1,4160.23,4129.3,1.39489031e+10,1.963890597e+11
2020-01-08,000300.XSHG,4139.63,4149.81,4101.98,4112.32,4160.23,1.6758585e+10,2.124062639e+11
2020-01-09,000300.XSHG,4145.53,4165.66,4143.59,4164.37,4112.32,1.36886324e+10,2.001503529e+11
2020-01-10,000300.XSHG,4177.58,4180.98,4148.48,4163.18,4164.37,1.13031719e+10,1.778274137e+11
2020-01-13,000300.XSHG,4166.93,4203.99,4148.6,4203.99,4163.18,1.19691982e+10,1.997954897e+11
2020-01-14,000300.XSHG,4215.16,4223.51,4188.08,4189.89,4203.99,1.29320783e+10,1.962212634e+11
2020-01-15,000300.XSHG,4186.88,4193.87,4150.88,4166.73,4189.89,1.04633136e+10,1.630819306e+11
2020-01-16,000300.XSHG,4174.82,4175.29,4142.18,4149.04,4166.73,1.00267642e+10,1.562425058e+11
2020-01-17,000300.XSHG,4162.19,4177.03,4141.64,4154.85,4149.04,9872568200,1.665915916e+11
2020-01-20,000300.XSHG,4170.74,4185.96,4149.49,4185.83,4154.85,1.22409147e+10,2.026922874e+11
2020-01-21,000300.XSHG,4165.02,4165.02,4113.33,4114.31,4185.83,1.30527507e+10,2.045868805e+11
2020-01-22,000300.XSHG,4093.8,4141.18,4046.49,4131.93,4114.31,1.26758763e+10,2.081361508e+11
2020-01-23,000300.XSHG,4093.32,4103.52,3972.39,4003.9,4131.93,1.60357603e+10,2.504093577e+11
2020-02-03,000300.XSHG,3639.91,3732.16,3639.91,3688.36,4003.9,1.57559647e+10,2.433031054e+11
2020-02-04,000300.XSHG,3652,3786.86,3652,3785.64,3688.36,2.13933328e+10,2.981657676e+11
2020-02-05,000300.XSHG,3801.1,3866.01,3781.61,3828.53,3785.64,1.74925524e+10,2.640429209e+11
2020-02-06,000300.XSHG,3841.75,3914.92,3806.96,3899.78,3828.53,1.76462235e+10,2.628200885e+11
2020-02-07,000300.XSHG,3879.55,3899.88,3849.71,3899.87,3899.78,1.51731759e+10,2.375088163e+11
2020-02-10,000300.XSHG,3872.37,3920.17,3861.01,3916.01,3899.87,1.48406969e+10,2.296254419e+11
2020-02-11,000300.XSHG,3926.42,3970.52,3915.71,3952.46,3916.01,1.43441674e+10,2.193071194e+11
2020-02-12,000300.XSHG,3945.67,3984.43,3940.67,3984.43,3952.46,1.26710321e+10,2.007767065e+11
2020-02-13,000300.XSHG,3985.88,3999.55,3950.14,3959.92,3984.43,1.45001843e+10,2.286059648e+11
2020-02-14,000300.XSHG,3954.23,4001.56,3954.02,3987.73,3959.92,1.43239803e+10,2.228950736e+11
2020-02-17,000300.XSHG,3999.65,4077.45,3999.65,4077.42,3987.73,1.82778969e+10,2.730678173e+11
2020-02-18,000300.XSHG,4069.83,4076.39,4027.79,4057.51,4077.42,1.6323622e+10,2.425525173e+11
2020-02-19,000300.XSHG,4049.59,4085.17,4042.85,4051.31,4057.51,1.69046441e+10,2.575545357e+11
2020-02-20,000300.XSHG,4062.9,4148.53,4055.81,4144.66,4051.31,2.12232624e+10,3.108355892e+11
2020-02-21,000300.XSHG,4134.87,4184.44,4130.17,4149.49,4144.66,2.17213604e+10,3.265640036e+11
2020-02-24,000300.XSHG,4131.84,4149.01,4097.18,4132.84,4149.49,2.12869303e+10,3.263878006e+11
2020-02-25,000300.XSHG,4066.3,4126.71,4020.91,4123.85,4132.84,2.44167831e+10,3.72213717e+11
2020-02-26,000300.XSHG,4070.1,4132.78,4061.13,4073.02,4123.85,2.61094061e+10,3.660224179e+11
2020-02-27,000300.XSHG,4084.08,4110.53,4067.44,4084.88,4073.02,1.81290981e+10,2.820502064e+11
2020-02-28,000300.XSHG,3988.73,4031.15,3928.07,3940.05,4084.88,2.30275093e+10,3.303589073e+11
2020-03-02,000300.XSHG,3968.84,4092.54,3968.84,4069.67,3940.05,2.19313559e+10,3.174262055e+11
2020-03-03,000300.XSHG,4125.14,4147.65,4067.91,4091.36,4069.67,2.19369777e+10,3.308025846e+11
2020-03-04,000300.XSHG,4078.5,4115.26,4060.73,4115.05,4091.36,1.8242473e+10,2.817848638e+11
2020-03-05,000300.XSHG,4150.21,4215.85,4127.04,4206.73,4115.05,2.31823115e+10,3.628388318e+11
2020-03-06,000300.XSHG,4158.2,4181.31,4135.39,4138.51,4206.73,1.72475717e+10,2.53168632e+11
2020-03-09,000300.XSHG,4063.08,4063.08,3995.13,3997.13,4138.51,2.08102035e+10,3.054287303e+11
2020-03-10,000300.XSHG,3975.23,4093,3954.75,4082.73,3997.13,1.97416402e+10,2.961844359e+11
2020-03-11,000300.XSHG,4090.93,4091.27,4028.4,4028.43,4082.73,1.61656111e+10,2.449908727e+11
2020-03-12,000300.XSHG,3976.11,3987.43,3926.27,3950.91,4028.43,1.57060458e+10,2.331528488e+11
2020-03-13,000300.XSHG,3771.01,3937.18,3765.15,3895.31,3950.91,1.88296722e+10,2.802134532e+11
2020-03-16,000300.XSHG,3899.86,3899.86,3720.51,3727.84,3895.31,1.8596826e+10,2.828362383e+11
2020-03-17,000300.XSHG,3739.78,3786.89,3618.31,3709.68,3727.84,1.66246129e+10,2.508240257e+11
2020-03-18,000300.XSHG,3729.69,3775.85,3636.26,3636.26,3709.68,1.55037547e+10,2.441271615e+11
2020-03-19,000300.XSHG,3623.79,3647.99,3503.19,3589.09,3636.26,1.80807407e+10,2.71827468e+11
2020-03-20,000300.XSHG,3629.51,3663.95,3588.78,3653.22,3589.09,1.39603e+10,2.112230733e+11
2020-03-23,000300.XSHG,3542.68,3585.8,3523.79,3530.31,3653.22,1.3710879e+10,1.97669625e+11
2020-03-24,000300.XSHG,3598.65,3627.76,3545.45,3625.11,3530.31,1.43103021e+10,2.085538407e+11
2020-03-25,000300.XSHG,3711.48,3732.65,3685.99,3722.52,3625.11,1.53495958e+10,2.315615188e+11
2020-03-26,000300.XSHG,3692.61,3736.25,3681.27,3698.05,3722.52,1.12310665e+10,1.693363119e+11
2020-03-27,000300.XSHG,3746.39,3758.78,3709.92,3710.06,3698.05,1.24060995e+10,1.861034263e+11
2020-03-30,000300.XSHG,3657.46,3690.64,3637.59,3674.11,3710.06,1.26876673e+10,1.806407994e+11
2020-03-31,000300.XSHG,3708.14,3716.07,3676.2,3686.16,3674.11,1.11453025e+10,1.6159551e+11
2020-04-01,000300.XSHG,3682.3,3731.78,3670.97,3675.08,3686.16,1.1935262e+10,1.704225688e+11
2020-04-02,000300.XSHG,3656.32,3734.53,3652.32,3734.53,3675.08,1.15168209e+10,1.688932557e+11
2020-04-03,000300.XSHG,3721.48,3738.83,3698.98,3713.22,3734.53,9982508300,1.50132815e+11
2020-04-07,000300.XSHG,3779.91,3803.63,3772.21,3798.02,3713.22,1.4277803e+10,2.076428203e+11
2020-04-08,000300.XSHG,3776.42,3793,3767.29,3780.34,3798.02,1.11389513e+10,1.615767723e+11
2020-04-09,000300.XSHG,3798.49,3801.72,3785.31,3792.81,3780.34,1.00485032e+10,1.545953188e+11
2020-04-10,000300.XSHG,3794.84,3824.74,3758.96,3769.18,3792.81,1.02444956e+10,1.622512338e+11
2020-04-13,000300.XSHG,3751.71,3769.88,3740.19,3753.26,3769.18,7905334300,1.198743032e+11
2020-04-14,000300.XSHG,3777.83,3825.76,3764.98,3825.7,3753.26,1.10637585e+10,1.706125798e+11
2020-04-15,000300.XSHG,3820.85,3829.8,3793.44,3797.36,3825.7,1.08461984e+10,1.697002166e+11
2020-04-16,000300.XSHG,3777.8,3807.36,3774.56,3802.38,3797.36,9594796500,1.471643021e+11
2020-04-17,000300.XSHG,3831.92,3863.45,3821.42,3839.49,3802.38,1.32004301e+10,2.03595267e+11
2020-04-20,000300.XSHG,3845.46,3853.8,3831.55,3853.46,3839.49,1.00013115e+10,1.519240901e+11
2020-04-21,000300.XSHG,3838.23,3838.23,3780,3808.05,3853.46,1.02921888e+10,1.550774541e+11
2020-04-22,000300.XSHG,3789.13,3839.38,3782.21,3839.38,3808.05,8589946400,1.355472808e+11
2020-04-23,000300.XSHG,3851.91,3857.47,3826.56,3829.75,3839.38,9550845000,1.421225488e+11
2020-04-24,000300.XSHG,3826.31,3827.21,3787.07,3796.97,3829.75,9484413500,1.389612003e+11
2020-04-27,000300.XSHG,3808.02,3842.87,3793.77,3822.77,3796.97,9546273500,1.453011519e+11
2020-04-28,000300.XSHG,3835.35,3859.68,3768.2,3849.15,3822.77,1.22093476e+10,1.841797592e+11
2020-04-29,000300.XSHG,3837.51,3880.74,3833.72,3867.03,3849.15,9585459000,1.512821037e+11
2020-04-30,000300.XSHG,3880.41,3921.7,3880.41,3912.58,3867.03,1.32917125e+10,2.022682888e+11
2020-05-06,000300.XSHG,3867.26,3937.69,3865.99,3936.25,3912.58,1.39855675e+10,2.149359624e+11
2020-05-07,000300.XSHG,3937.59,3941.48,3915.9,3924.89,3936.25,1.05514646e+10,1.672078018e+11
2020-05-08,000300.XSHG,3943,3979.66,3935.98,3963.62,3924.89,1.16943341e+10,1.902995847e+11
2020-05-11,000300.XSHG,3974.76,3998.1,3944.5,3960.18,3963.62,1.22673803e+10,1.937580939e+11
2020-05-12,000300.XSHG,3961.34,3970.11,3930.21,3960.24,3960.18,9825055400,1.574657801e+11
2020-05-13,000300.XSHG,3946.64,3972.53,3932.57,3968.25,3960.24,8819066900,1.455633833e+11
2020-05-14,000300.XSHG,3952.2,3952.2,3924.05,3925.22,3968.25,8853000400,1.434991777e+11
2020-05-15,000300.XSHG,3941.13,3945.2,3907.4,3912.82,3925.22,9261838200,1.533015051e+11
2020-05-18,000300.XSHG,3914.66,3946.43,3898.4,3922.91,3912.82,1.12801762e+10,1.885281214e+11
2020-05-19,000300.XSHG,3963.78,3966.85,3944.07,3956.25,3922.91,9401529100,1.598862224e+11
2020-05-20,000300.XSHG,3955.71,3955.71,3923.92,3935.22,3956.25,1.0079115e+10,1.571025333e+11
2020-05-21,000300.XSHG,3950.6,3951.74,3907.58,3913.79,3935.22,9486103300,1.491541423e+11
2020-05-22,000300.XSHG,3907.58,3907.58,3818.15,3824.06,3913.79,1.0337836e+10,1.57286505e+11
2020-05-25,000300.XSHG,3828.32,3835.63,3800.18,3829.32,3824.06,7903332600,1.270119177e+11
2020-05-26,000300.XSHG,3850,3874.75,3844.48,3872.77,3829.32,7744807600,1.254456193e+11
2020-05-27,000300.XSHG,3873.7,3873.7,3838.42,3845.61,3872.77,8371183100,1.237375012e+11
2020-05-28,000300.XSHG,3848.49,3885.42,3818.43,3856.63,3845.61,9306405400,1.391084078e+11
2020-05-29,000300.XSHG,3838.38,3872.3,3830.42,3867.02,3856.63,9381383200,1.35658136e+11
2020-06-01,000300.XSHG,3901.73,3976.32,3901.73,3971.34,3867.02,1.36456652e+10,2.084365129e+11
2020-06-02,000300.XSHG,3969.95,3991.78,3958.98,3983.57,3971.34,1.4430306e+10,1.955633043e+11
2020-06-03,000300.XSHG,4001.17,4018.68,3982.93,3983.65,3983.57,1.36597483e+10,2.008827677e+11
2020-06-04,000300.XSHG,3998.16,3999.81,3968.57,3982.19,3983.65,1.04277737e+10,1.490578558e+11
2020-06-05,000300.XSHG,3988.22,4001.25,3967.93,4001.25,3982.19,1.02443942e+10,1.54311343e+11
2020-06-08,000300.XSHG,4023.61,4050.22,4016.1,4021.95,4001.25,1.37925813e+10,1.930475187e+11
2020-06-09,000300.XSHG,4027.56,4052.16,4016.34,4047.03,4021.96,1.15304479e+10,1.66533966e+11
2020-06-10,000300.XSHG,4046.23,4046.23,4024.42,4039.71,4047.03,1.12265728e+10,1.667786424e+11
2020-06-11,000300.XSHG,4031.74,4043.01,3979.75,3995.88,4039.71,1.27308941e+10,1.970794419e+11
2020-06-12,000300.XSHG,3931.62,4011.06,3927.25,4003.08,3995.89,1.34166649e+10,1.935040467e+11
2020-06-15,000300.XSHG,3982.97,4007.14,3954.99,3954.99,4003.08,1.3129786e+10,2.111253361e+11
2020-06-16,000300.XSHG,3995.58,4014.57,3987.86,4014.57,3954.99,1.11051539e+10,1.851040292e+11
2020-06-17,000300.XSHG,4018.61,4018.61,3992.13,4017.59,4014.57,1.05605799e+10,1.769775036e+11
2020-06-18,000300.XSHG,4009.78,4047.56,4000.9,4044.38,4017.59,1.38148761e+10,2.101929181e+11
2020-06-19,000300.XSHG,4047.05,4109.36,4043.49,4098.71,4044.38,1.5294699e+10,2.555497973e+11
2020-06-22,000300.XSHG,4097.51,4126.94,4088.78,4102.05,4098.71,1.55829465e+10,2.592005207e+11
2020-06-23,000300.XSHG,4098.04,4124.73,4080.75,4121.79,4102.05,1.2922951e+10,2.348065108e+11
2020-06-24,000300.XSHG,4128.1,4144.68,4123.36,4138.99,4121.79,1.21712465e+10,2.2455143e+11
2020-06-29,000300.XSHG,4127.93,4137.37,4092.54,4109.72,4138.99,1.30865854e+10,2.265220598e+11
2020-06-30,000300.XSHG,4130,4174.42,4129.78,4163.96,4109.72,1.25933521e+10,2.279357045e+11
2020-07-01,000300.XSHG,4172.64,4247.78,4163.5,4247.78,4163.96,1.69990456e+10,3.057117998e+11
2020-07-02,000300.XSHG,4239.41,4340.1,4238.12,4335.84,4247.78,2.52939368e+10,3.995715267e+11
2020-07-03,000300.XSHG,4353.19,4419.6,4348.45,4419.6,4335.85,2.90485539e+10,4.423350243e+11
2020-07-06,000300.XSHG,4465.81,4678.11,4465.81,4670.09,4419.6,4.05821025e+10,5.974382177e+11
2020-07-07,000300.XSHG,4739.61,4796.32,4688.06,4698.13,4670.1,4.06008553e+10,6.352547427e+11
2020-07-08,000300.XSHG,4692.86,4803.36,4670.65,4774,4698.13,3.48074847e+10,5.32849826e+11
2020-07-09,000300.XSHG,4770.08,4854.12,4757.29,4840.77,4774,3.51046893e+10,5.567187321e+11
2020-07-10,000300.XSHG,4796.09,4821.37,4734.47,4753.13,4840.77,3.16949651e+10,5.104720551e+11
2020-07-13,000300.XSHG,4742.37,4878.08,4741.87,4852.96,4753.13,3.21645446e+10,5.411050987e+11
2020-07-14,000300.XSHG,4836.17,4860.44,4729.93,4806.69,4852.96,2.97241985e+10,5.112110482e+11
2020-07-15,000300.XSHG,4821.52,4837.48,4723.36,4744.47,4806.69,2.72389006e+10,4.867483477e+11
2020-07-16,000300.XSHG,4741.53,4772.56,4513.65,4516.25,4744.47,2.84657133e+10,5.112379629e+11
2020-07-17,000300.XSHG,4524.77,4601.37,4485.82,4544.7,4516.25,2.07375563e+10,3.72973887e+11
2020-07-20,000300.XSHG,4597.2,4681.94,4534.23,4680.3,4544.7,2.46068914e+10,4.167142223e+11
2020-07-21,000300.XSHG,4697.5,4714.29,4661.44,4691.04,4680.31,2.00415659e+10,3.560698058e+11
2020-07-22,000300.XSHG,4682.66,4790.45,4675.35,4714.45,4691.04,2.24199211e+10,3.864708599e+11
2020-07-23,000300.XSHG,4668.74,4731.4,4607.66,4712.44,4714.45,2.34314569e+10,4.051752687e+11
2020-07-24,000300.XSHG,4679.03,4691.7,4479.39,4505.59,4712.44,2.43905203e+10,4.377267123e+11
2020-07-27,000300.XSHG,4535.01,4558.12,4482.44,4528.45,4505.59,1.71420551e+10,3.018933702e+11
2020-07-28,000300.XSHG,4567.67,4590.25,4537.68,4568.26,4528.45,1.62768498e+10,2.928357853e+11
2020-07-29,000300.XSHG,4559.16,4680.56,4548.85,4679.01,4568.26,1.86695305e+10,3.504326492e+11
2020-07-30,000300.XSHG,4689.76,4704.63,4649.77,4656.15,4679.01,1.66967566e+10,3.240092427e+11
2020-07-31,000300.XSHG,4652.18,4741.81,4621.96,4695.05,4656.15,1.84839026e+10,3.511193124e+11
2020-08-03,000300.XSHG,4735.9,4771.37,4720.02,4771.31,4695.05,2.14776239e+10,4.019148249e+11
2020-08-04,000300.XSHG,4778.49,4807.08,4747.77,4775.8,4771.31,2.39974985e+10,4.264113459e+11
2020-08-05,000300.XSHG,4761.76,4786.7,4711.27,4777.11,4775.8,1.96700548e+10,3.474078394e+11
2020-08-06,000300.XSHG,4779.24,4791.86,4691.16,4762.76,4777.11,2.27854406e+10,4.04323404e+11
2020-08-07,000300.XSHG,4742.29,4749.02,4637.84,4707.93,4762.76,2.13518216e+10,3.970412128e+11
2020-08-10,000300.XSHG,4681.76,4757.66,4646.29,4724.87,4707.93,2.03788832e+10,3.7129756e+11
2020-08-11,000300.XSHG,4730.37,4791.53,4674.86,4681.78,4724.87,2.05546511e+10,3.508285862e+11
2020-08-12,000300.XSHG,4668.89,4681.62,4566.27,4647.64,4681.78,2.02887239e+10,3.472986732e+11
2020-08-13,000300.XSHG,4666.49,4671.77,4626.1,4635.71,4647.65,1.52550092e+10,2.509458726e+11
2020-08-14,000300.XSHG,4627.61,4708.07,4617.63,4704.63,4635.71,1.47292921e+10,2.543439343e+11
2020-08-17,000300.XSHG,4727.12,4838.09,4721.36,4815.23,4704.63,2.68001556e+10,4.164691549e+11
2020-08-18,000300.XSHG,4816.57,4825.39,4788.83,4812.76,4815.23,1.89139854e+10,3.143959045e+11
2020-08-19,000300.XSHG,4804.67,4809.05,4738.01,4740.68,4812.76,1.92442948e+10,3.194032847e+11
2020-08-20,000300.XSHG,4708.13,4721.44,4662.8,4679.15,4740.68,1.58368639e+10,2.604865635e+11
2020-08-21,000300.XSHG,4717.79,4739.48,4684.81,4718.84,4679.15,1.42657864e+10,2.517751602e+11
2020-08-24,000300.XSHG,4746.4,4769.47,4716.61,4755.85,4718.84,1.51143512e+10,2.724286864e+11
2020-08-25,000300.XSHG,4769.21,4802.41,4746.31,4761.95,4755.85,1.41701351e+10,2.623087883e+11
2020-08-26,000300.XSHG,4761.72,4786.42,4689.88,4706.13,4761.95,1.5130518e+10,2.774563606e+11
2020-08-27,000300.XSHG,4718.06,4731.94,4679.36,4731.35,4706.13,1.1904285e+10,2.236315114e+11
2020-08-28,000300.XSHG,4727.29,4850.49,4719.35,4844.27,4731.35,1.59399765e+10,3.050478825e+11
2020-08-31,000300.XSHG,4870.93,4901.21,4816.21,4816.22,4844.27,2.02567029e+10,3.570050646e+11
2020-09-01,000300.XSHG,4803.39,4842.14,4791.78,4842.12,4816.22,1.38395402e+10,2.620180706e+11
2020-09-02,000300.XSHG,4859.08,4863.55,4797.52,4843.89,4842.12,1.57989524e+10,2.807786138e+11
2020-09-03,000300.XSHG,4841.5,4877.01,4800.06,4817.1,4843.89,1.45671201e+10,2.794119888e+11
2020-09-04,000300.XSHG,4737.24,4778.2,4726.56,4770.22,4817.1,1.20032796e+10,2.384633379e+11
2020-09-07,000300.XSHG,4759.52,4789.3,4655.56,4669.37,4770.22,1.48607791e+10,2.823163941e+11
2020-09-08,000300.XSHG,4683.83,4707.9,4639.05,4694.39,4669.37,1.39199227e+10,2.491981381e+11
2020-09-09,000300.XSHG,4634.25,4645.2,4558.03,4584.59,4694.39,1.62277107e+10,2.449051919e+11
2020-09-10,000300.XSHG,4632.1,4647.75,4572.21,4581.98,4584.59,1.50652878e+10,2.261463548e+11
2020-09-11,000300.XSHG,4572.26,4630.88,4563.11,4627.28,4581.98,1.15302424e+10,1.982409273e+11
2020-09-14,000300.XSHG,4652.05,4666.99,4625.99,4651.05,4627.28,1.07235179e+10,2.116534118e+11
2020-09-15,000300.XSHG,4649.45,4691.5,4630.54,4688.48,4651.05,1.01915925e+10,1.945736841e+11
2020-09-16,000300.XSHG,4683.01,4690.68,4638.46,4657.36,4688.48,1.08753641e+10,1.961201849e+11
2020-09-17,000300.XSHG,4642.05,4664.95,4601.64,4632.71,4657.36,1.05983631e+10,2.141466473e+11
2020-09-18,000300.XSHG,4636.64,4737.8,4631.7,4737.09,4632.71,1.60426475e+10,2.818859442e+11
2020-09-21,000300.XSHG,4750.75,4752.98,4688.72,4691.43,4737.09,1.24535827e+10,2.241379127e+11
2020-09-22,000300.XSHG,4654.22,4706.21,4622.11,4635.76,4691.43,1.19672947e+10,2.029092155e+11
2020-09-23,000300.XSHG,4639.66,4665.96,4623.55,4652.33,4635.76,9582652800,1.903934723e+11
2020-09-24,000300.XSHG,4623.95,4631.95,4562.21,4563.07,4652.33,1.12593683e+10,1.935158737e+11
2020-09-25,000300.XSHG,4582.48,4599.54,4554.72,4570.02,4563.07,9301515500,1.67457377e+11
2020-09-28,000300.XSHG,4582.65,4613.63,4571.15,4581.91,4570.02,8504838900,1.593146754e+11
2020-09-29,000300.XSHG,4608.29,4616.68,4586.35,4591.8,4581.91,8599385800,1.599378885e+11
2020-09-30,000300.XSHG,4607.58,4634.72,4563.41,4587.4,4591.8,8908120000,1.655322209e+11
2020-10-09,000300.XSHG,4663.61,4695.4,4655.09,4681.14,4587.4,1.11337512e+10,2.299267315e+11
2020-10-12,000300.XSHG,4705.19,4823.27,4704.16,4823.16,4681.14,1.55784558e+10,3.07848558e+11
2020-10-13,000300.XSHG,4812.9,4845.92,4795.37,4839.2,4823.16,1.16516338e+10,2.421725672e+11
2020-10-14,000300.XSHG,4830.46,4830.46,4795.91,4807.1,4839.2,1.11906923e+10,2.298362072e+11
2020-10-15,000300.XSHG,4810.78,4833.89,4796.26,4798.74,4807.1,1.09964962e+10,2.13878285e+11
2020-10-16,000300.XSHG,4798.92,4825.55,4765.97,4791.68,4798.74,1.16716102e+10,2.041751307e+11
2020-10-19,000300.XSHG,4823.49,4849.6,4747.34,4755.49,4791.68,1.29246361e+10,2.253921982e+11
2020-10-20,000300.XSHG,4751.37,4793.47,4739.46,4793.47,4755.49,9804815600,1.85849198e+11
2020-10-21,000300.XSHG,4801.63,4801.63,4758.86,4792.83,4793.47,1.03805703e+10,1.89978697e+11
2020-10-22,000300.XSHG,4780.6,4791.81,4725.5,4777.98,4792.83,1.01350891e+10,1.946149712e+11
2020-10-23,000300.XSHG,4775.47,4802.46,4717.1,4718.49,4777.98,1.06825184e+10,2.00985822e+11
2020-10-26,000300.XSHG,4684.05,4713.39,4639.3,4691.24,4718.49,1.08343275e+10,2.055189883e+11
2020-10-27,000300.XSHG,4680.14,4708.46,4671.85,4699.28,4691.24,9265630400,1.866755457e+11
2020-10-28,000300.XSHG,4703,4753.31,4685.6,4737.27,4699.28,1.08463402e+10,2.267542641e+11
2020-10-29,000300.XSHG,4683.61,4803.03,4679.25,4772.92,4737.27,1.1711725e+10,2.52303505e+11
2020-10-30,000300.XSHG,4776.47,4778.51,4683.47,4695.33,4772.92,1.39802303e+10,2.807833217e+11
2020-11-02,000300.XSHG,4702.75,4738.02,4695.44,4720.83,4695.33,1.42867693e+10,2.790276852e+11
2020-11-03,000300.XSHG,4743.17,4793.4,4734.17,4777.56,4720.83,1.36055408e+10,2.523905563e+11
2020-11-04,000300.XSHG,4781.45,4825.46,4770.56,4813.66,4777.56,1.14661806e+10,2.30513773e+11
2020-11-05,000300.XSHG,4861.34,4885.11,4838,4885.11,4813.66,1.39244594e+10,2.819519324e+11
2020-11-06,000300.XSHG,4897.63,4897.63,4845.43,4885.72,4885.11,1.53639034e+10,3.053651037e+11
2020-11-09,000300.XSHG,4918.86,4997.8,4918.86,4981.35,4885.72,1.97131984e+10,3.719232821e+11
2020-11-10,000300.XSHG,4995.41,4995.41,4928.93,4953.88,4981.35,1.76267214e+10,3.3427146e+11
2020-11-11,000300.XSHG,4937.76,4957.58,4901.71,4904.9,4953.88,1.64470515e+10,3.03858558e+11
2020-11-12,000300.XSHG,4916.77,4926.34,4891.51,4908.46,4904.9,1.18114619e+10,2.276459071e+11
2020-11-13,000300.XSHG,4886.98,4886.98,4825.76,4856.85,4908.46,1.33693079e+10,2.553531117e+11
2020-11-16,000300.XSHG,4880.96,4904.17,4848.62,4904.17,4856.85,1.4877098e+10,2.667050317e+11
2020-11-17,000300.XSHG,4903.12,4909.29,4865.39,4894.79,4904.17,1.51487464e+10,2.889114086e+11
2020-11-18,000300.XSHG,4889.67,4911.09,4870.72,4891.67,4894.79,1.64216616e+10,2.907272232e+11
2020-11-19,000300.XSHG,4880.92,4939.79,4870.2,4927.99,4891.67,1.33681378e+10,2.47727135e+11
2020-11-20,000300.XSHG,4928.22,4947.43,4922.59,4943.29,4927.99,1.29400341e+10,2.290536792e+11
2020-11-23,000300.XSHG,4954.6,5029.65,4940.45,5005.03,4943.29,2.05915187e+10,3.336338264e+11
2020-11-24,000300.XSHG,4997.05,5001.06,4960.98,4974.29,5005.03,1.56637911e+10,2.648044433e+11
2020-11-25,000300.XSHG,4992.75,5004.77,4910.7,4910.7,4974.29,1.70340527e+10,2.77070643e+11
2020-11-26,000300.XSHG,4908.32,4925.29,4867.82,4919.59,4910.7,1.37202338e+10,2.397481455e+11
2020-11-27,000300.XSHG,4930.59,4980.77,4917.35,4980.77,4919.59,1.62952922e+10,2.531789712e+11
2020-11-30,000300.XSHG,4994.11,5055.19,4960.25,4960.25,4980.77,2.6263895e+10,3.964958344e+11
2020-12-01,000300.XSHG,4963.13,5072.55,4963.13,5067.1,4960.25,2.04065638e+10,3.284510144e+11
2020-12-02,000300.XSHG,5072.98,5090.61,5043.31,5067.14,5067.1,1.95435476e+10,3.106097288e+11
2020-12-03,000300.XSHG,5065.45,5072.3,5033.79,5057.06,5067.15,1.77865748e+10,2.753352074e+11
2020-12-04,000300.XSHG,5049.52,5072.39,5017.85,5065.92,5057.06,1.44347167e+10,2.577988207e+11
2020-12-07,000300.XSHG,5065.73,5067.87,5014.61,5022.24,5065.92,1.39896217e+10,2.646577739e+11
2020-12-08,000300.XSHG,5029.11,5043.06,4998.92,5009.88,5022.23,1.23073029e+10,2.348806484e+11
2020-12-09,000300.XSHG,5022.38,5033.64,4942.52,4942.7,5009.88,1.38916965e+10,2.607727742e+11
2020-12-10,000300.XSHG,4931.29,4962.74,4919.77,4940.52,4942.7,1.2591427e+10,2.296512784e+11
2020-12-11,000300.XSHG,4957.82,4957.82,4849.35,4889.63,4940.52,1.59357697e+10,2.752127301e+11
2020-12-14,000300.XSHG,4903.63,4937.26,4887.66,4934.84,4889.63,1.20801552e+10,2.478782797e+11
2020-12-15,000300.XSHG,4931.6,4954.19,4904.79,4945.1,4934.84,1.18342633e+10,2.480933902e+11
2020-12-16,000300.XSHG,4957.3,4968.86,4938.19,4953.87,4945.1,1.06778968e+10,2.296960357e+11
2020-12-17,000300.XSHG,4960.73,5021.62,4950.37,5017.48,4953.87,1.33385479e+10,2.701803561e+11
2020-12-18,000300.XSHG,5014.32,5027.44,4979.01,4999.97,5017.48,1.28049618e+10,2.589385515e+11
2020-12-21,000300.XSHG,4995.76,5048.51,4970,5046.84,4999.97,1.40811782e+10,2.982042968e+11
2020-12-22,000300.XSHG,5034.98,5055.13,4960.95,4964.77,5046.84,1.6234497e+10,3.267588177e+11
2020-12-23,000300.XSHG,4977.3,5028.45,4968.15,5007.12,4964.77,1.40292819e+10,3.087290375e+11
2020-12-24,000300.XSHG,5006.01,5033.04,4979.24,5000.02,5007.12,1.14418667e+10,2.466744762e+11
2020-12-25,000300.XSHG,4985.77,5042.1,4973.68,5042.01,5000.02,1.21006979e+10,2.439922682e+11
2020-12-28,000300.XSHG,5042.94,5089.34,5037.86,5064.41,5042.01,1.36914407e+10,2.810192542e+11
2020-12-29,000300.XSHG,5071.45,5077.42,5034.31,5042.94,5064.42,1.41198662e+10,2.790352333e+11
2020-12-30,000300.XSHG,5037.98,5113.71,5036.63,5113.71,5042.94,1.48626448e+10,2.965778126e+11
2020-12-31,000300.XSHG,5122.48,5215.62,5122.48,5211.29,5113.71,1.71602509e+10,3.587313718e+11
2021-01-04,000300.XSHG,5212.93,5284.43,5190.94,5267.72,5211.29,2.11711382e+10,4.527961756e+11
2021-01-05,000300.XSHG,5245.84,5368.5,5234.38,5368.5,5267.72,2.24931159e+10,4.980419398e+11
2021-01-06,000300.XSHG,5386.51,5433.47,5341.43,5417.67,5368.51,1.93773444e+10,4.444343771e+11
2021-01-07,000300.XSHG,5428.39,5513.66,5413.35,5513.66,5417.67,2.1987208e+10,4.733853537e+11
2021-01-08,000300.XSHG,5526.29,5547.47,5442.69,5495.43,5513.66,2.04324956e+10,4.73567654e+11
2021-01-11,000300.XSHG,5504.24,5555.69,5412.5,5441.16,5495.43,2.31835983e+10,5.222984825e+11
2021-01-12,000300.XSHG,5419.5,5596.35,5417.63,5596.35,5441.16,2.24220186e+10,4.862337607e+11
2021-01-13,000300.XSHG,5609.26,5644.72,5535.14,5577.97,5596.35,2.61569886e+10,5.469597364e+11
2021-01-14,000300.XSHG,5556.21,5568.02,5458.68,5470.46,5577.97,2.4368338e+10,5.018901119e+11
2021-01-15,000300.XSHG,5471.39,5500.63,5390.27,5458.08,5470.46,2.38637435e+10,4.757099204e+11
2021-01-18,000300.XSHG,5438.16,5541.46,5410.78,5518.52,5458.08,2.07051869e+10,4.227172092e+11
2021-01-19,000300.XSHG,5525.97,5532.48,5415.72,5437.52,5518.52,2.11043425e+10,4.332051764e+11
2021-01-20,000300.XSHG,5439.91,5496.05,5426.54,5476.43,5437.52,1.7091326e+10,3.737703845e+11
2021-01-21,000300.XSHG,5492.96,5593.11,5490.56,5564.97,5476.43,2.09950197e+10,4.531836845e+11
2021-01-22,000300.XSHG,5562.38,5573.66,5513.88,5569.78,5564.97,1.9930002e+10,4.566221934e+11
2021-01-25,000300.XSHG,5564.12,5655.48,5543.27,5625.92,5569.78,1.97047019e+10,5.081669808e+11
2021-01-26,000300.XSHG,5600.9,5600.9,5506,5512.97,5625.92,1.7190459e+10,4.150080699e+11
2021-01-27,000300.XSHG,5505.77,5534.99,5449.64,5528,5512.97,1.60190841e+10,3.768926058e+11
2021-01-28,000300.XSHG,5450.37,5462.24,5360.38,5377.14,5528,1.70485585e+10,3.761665232e+11
2021-01-29,000300.XSHG,5413.97,5430.2,5288.1,5351.96,5377.14,1.82178784e+10,3.9028769e+11
2021-02-01,000300.XSHG,5356.85,5422.3,5342.05,5417.65,5351.97,1.66313706e+10,3.468590837e+11
2021-02-02,000300.XSHG,5429.7,5503.21,5411.52,5501.09,5417.65,1.65210565e+10,3.800167161e+11
2021-02-03,000300.XSHG,5499.3,5532.89,5473.12,5485.2,5501.09,1.88054317e+10,4.043436026e+11
2021-02-04,000300.XSHG,5453.98,5510.05,5411.57,5473.95,5485.2,1.80575654e+10,3.979952054e+11
2021-02-05,000300.XSHG,5494.7,5550.77,5477.65,5483.41,5473.95,1.89699598e+10,3.954001345e+11
2021-02-08,000300.XSHG,5506.14,5576.49,5479.85,5564.56,5483.41,1.64033775e+10,3.675827717e+11
2021-02-09,000300.XSHG,5584.17,5686.25,5555.05,5686.25,5564.56,1.6488726e+10,3.787691212e+11
2021-02-10,000300.XSHG,5709.68,5823.42,5707.33,5807.72,5686.25,1.70169786e+10,4.170564634e+11
2021-02-18,000300.XSHG,5922.07,5930.91,5747.66,5768.38,5807.72,2.18848686e+10,5.07481236e+11
2021-02-19,000300.XSHG,5734.02,5787.89,5667.32,5778.84,5768.38,2.1447578e+10,4.564337937e+11
2021-02-22,000300.XSHG,5785.51,5785.51,5597.33,5597.33,5778.84,2.82124382e+10,5.436331532e+11
2021-02-23,000300.XSHG,5542.68,5644.76,5541.11,5579.67,5597.33,2.33807727e+10,4.249044708e+11
2021-02-24,000300.XSHG,5591.48,5598.83,5379.73,5437.57,5579.67,2.2542861e+10,4.72369211e+11
2021-02-25,000300.XSHG,5494.47,5527.63,5444.16,5469.56,5437.57,2.30736028e+10,4.122061571e+11
2021-02-26,000300.XSHG,5343.9,5416.32,5318.86,5336.76,5469.56,2.12264543e+10,4.057177001e+11
2021-03-01,000300.XSHG,5389.25,5421.56,5345.94,5418.78,5336.76,1.77463523e+10,3.58146546e+11
2021-03-02,000300.XSHG,5453.28,5454.97,5305.05,5349.63,5418.78,1.96511115e+10,3.764446047e+11
2021-03-03,000300.XSHG,5327.35,5452.4,5316.48,5452.21,5349.63,1.94709054e+10,3.376103136e+11
2021-03-04,000300.XSHG,5388.48,5392.37,5254.78,5280.71,5452.21,2.12775211e+10,3.84382457e+11
2021-03-05,000300.XSHG,5191.97,5307.82,5174.25,5262.8,5280.71,2.02627956e+10,3.525397743e+11
2021-03-08,000300.XSHG,5299.79,5326.26,5079.8,5080.02,5262.8,2.30231635e+10,4.071338021e+11
2021-03-09,000300.XSHG,5066.15,5094.31,4917.91,4971,5080.02,2.30711004e+10,4.144152138e+11
2021-03-10,000300.XSHG,5047.06,5055.28,4981.62,5003.61,4971,1.6992849e+10,3.095774087e+11
2021-03-11,000300.XSHG,5024.56,5138.41,5020.58,5128.22,5003.61,1.89600766e+10,3.338591997e+11
2021-03-12,000300.XSHG,5153.67,5153.67,5086.82,5146.38,5128.22,2.01020589e+10,3.232377514e+11
2021-03-15,000300.XSHG,5116.12,5120.88,4992.4,5035.54,5146.38,2.04153084e+10,3.307405138e+11
2021-03-16,000300.XSHG,5054.41,5084.31,5009.95,5079.36,5035.54,1.61390054e+10,2.717550486e+11
2021-03-17,000300.XSHG,5062.77,5123.55,5020.13,5100.86,5079.36,1.49162376e+10,2.634924177e+11
2021-03-18,000300.XSHG,5114.59,5160.46,5111.13,5141.77,5100.86,1.42901518e+10,2.609300468e+11
2021-03-19,000300.XSHG,5068.53,5089.92,4980.76,5007.09,5141.77,1.64174849e+10,2.829744892e+11
2021-03-22,000300.XSHG,5008.4,5071.34,4996.54,5057.15,5007.09,1.67402632e+10,2.642090989e+11
2021-03-23,000300.XSHG,5057.06,5064.02,4966.53,5009.25,5057.15,1.58013967e+10,2.557553777e+11
2021-03-24,000300.XSHG,4985.4,5024.33,4919.89,4928.69,5009.25,1.59385982e+10,2.659700202e+11
2021-03-25,000300.XSHG,4904.07,4950.76,4883.66,4926.35,4928.69,1.32945189e+10,2.197820495e+11
2021-03-26,000300.XSHG,4953.95,5050.83,4953.95,5037.99,4926.35,1.45926697e+10,2.739019224e+11
2021-03-29,000300.XSHG,5052.26,5086.65,5010.39,5046.88,5037.99,1.43388215e+10,2.661766e+11
2021-03-30,000300.XSHG,5043.1,5106.04,5032.8,5094.73,5046.88,1.3861856e+10,2.549280145e+11
2021-03-31,000300.XSHG,5085.95,5085.95,5015.61,5048.36,5094.73,1.41335743e+10,2.410584856e+11
2021-04-01,000300.XSHG,5059.94,5115.43,5056.87,5110.78,5048.36,1.2032489e+10,2.114933244e+11
2021-04-02,000300.XSHG,5129.85,5169.83,5116.35,5161.56,5110.78,1.27002254e+10,2.480603762e+11
2021-04-06,000300.XSHG,5178.64,5181.15,5125.33,5140.34,5161.56,1.0983421e+10,2.138524441e+11
2021-04-07,000300.XSHG,5141.66,5141.66,5065.19,5103.74,5140.34,1.45763748e+10,2.462711903e+11
2021-04-08,000300.XSHG,5078.26,5129.13,5062.07,5112.21,5103.74,1.41771047e+10,2.284220047e+11
2021-04-09,000300.XSHG,5100.04,5100.04,5022.09,5035.34,5112.21,1.28416509e+10,2.215197917e+11
2021-04-12,000300.XSHG,5026.98,5045.6,4933.01,4947.75,5035.34,1.52644314e+10,2.672181958e+11
2021-04-13,000300.XSHG,4949.81,4994.54,4924.2,4939.64,4947.75,1.32919358e+10,2.257532306e+11
2021-04-14,000300.XSHG,4945.69,4987.12,4940.27,4980.63,4939.64,1.20860838e+10,2.210362761e+11
2021-04-15,000300.XSHG,4969.91,4969.91,4900.3,4948.97,4980.63,1.08829384e+10,2.138208841e+11
2021-04-16,000300.XSHG,4966.9,4979.17,4917.96,4966.18,4948.97,1.11239924e+10,2.133891737e+11
2021-04-19,000300.XSHG,4966.41,5088.21,4940.75,5087.02,4966.18,1.54769824e+10,3.078997767e+11
2021-04-20,000300.XSHG,5065.78,5119.86,5058.92,5083.37,5087.02,1.365417e+10,2.766405882e+11
2021-04-21,000300.XSHG,5055.24,5110.56,5047.99,5098.74,5083.37,1.24637277e+10,2.425749953e+11
2021-04-22,000300.XSHG,5114.28,5119.22,5067.14,5089.24,5098.75,1.21167645e+10,2.414888458e+11
2021-04-23,000300.XSHG,5088.83,5149.98,5086.49,5135.45,5089.24,1.22056991e+10,2.643451831e+11
2021-04-26,000300.XSHG,5156.59,5181.11,5072.96,5077.24,5135.45,1.51381967e+10,3.257603843e+11
2021-04-27,000300.XSHG,5076.64,5095.98,5042.61,5090.52,5077.24,1.23961837e+10,2.547380098e+11
2021-04-28,000300.XSHG,5073.97,5119.45,5059.26,5119.24,5090.52,1.20620318e+10,2.721825219e+11
2021-04-29,000300.XSHG,5128.28,5170.59,5113.65,5164.17,5119.24,1.4009248e+10,2.941124544e+11
2021-04-30,000300.XSHG,5156.36,5163.25,5094.93,5123.49,5164.17,1.60121621e+10,3.150751029e+11
2021-05-06,000300.XSHG,5098.8,5132.9,5037.41,5061.12,5123.49,1.5882263e+10,3.232582646e+11
2021-05-07,000300.XSHG,5073.46,5093.75,4996.04,4996.05,5061.12,1.72258321e+10,3.046384022e+11
2021-05-10,000300.XSHG,5001.44,5019.39,4953.7,4992.42,4996.05,1.70820585e+10,2.826568089e+11
2021-05-11,000300.XSHG,4956.08,5033.49,4925.92,5023.06,4992.42,1.51526497e+10,2.709316165e+11
2021-05-12,000300.XSHG,5003.82,5051.17,4995.4,5044.55,5023.06,1.26619086e+10,2.283440065e+11
2021-05-13,000300.XSHG,4992.35,5022.08,4975.45,4992.97,5044.55,1.32279406e+10,2.378214043e+11
2021-05-14,000300.XSHG,5007.63,5112.98,4981.29,5110.59,4992.97,1.5942618e+10,3.188027868e+11
2021-05-17,000300.XSHG,5115.31,5206.69,5115.31,5184.99,5110.59,1.53889634e+10,3.354399134e+11
2021-05-18,000300.XSHG,5190.93,5201.67,5156.79,5187.6,5184.99,1.18404261e+10,2.381822659e+11
2021-05-19,000300.XSHG,5173.17,5193.56,5151.64,5172.27,5187.6,1.18729983e+10,2.507362782e+11
2021-05-20,000300.XSHG,5167.05,5201.59,5152.04,5186.41,5172.27,1.38454775e+10,2.77088462e+11
2021-05-21,000300.XSHG,5199.13,5216.16,5123.12,5134.15,5186.41,1.24768485e+10,2.680536275e+11
2021-05-24,000300.XSHG,5138.81,5155.59,5092.39,5155.59,5134.15,1.26742336e+10,2.785131332e+11
2021-05-25,000300.XSHG,5165.04,5324.36,5161.52,5318.48,5155.59,1.82996839e+10,4.046833056e+11
2021-05-26,000300.XSHG,5326.12,5344.28,5308.74,5320.59,5318.48,1.69607096e+10,3.464446448e+11
2021-05-27,000300.XSHG,5311.37,5378.48,5286.05,5338.23,5320.59,1.48462855e+10,3.118937059e+11
2021-05-28,000300.XSHG,5338.73,5360.28,5288.65,5321.09,5338.23,1.64605806e+10,3.307118963e+11
2021-05-31,000300.XSHG,5318.08,5331.63,5281.69,5331.57,5321.09,1.44603269e+10,3.214507982e+11
2021-06-01,000300.XSHG,5320.47,5343.75,5269.26,5341.68,5331.57,1.43831474e+10,3.218458422e+11
2021-06-02,000300.XSHG,5348.34,5352.64,5266.79,5289.97,5341.68,1.37754319e+10,2.961761772e+11
2021-06-03,000300.XSHG,5285.71,5314.37,5255.07,5255.29,5289.97,1.41968878e+10,2.854486325e+11
2021-06-04,000300.XSHG,5228.28,5334.49,5221.23,5282.28,5255.29,1.44732087e+10,2.923260488e+11
2021-06-07,000300.XSHG,5284.89,5286.84,5242.95,5277.63,5282.28,1.27704971e+10,2.804632606e+11
2021-06-08,000300.XSHG,5276.97,5319.04,5201.14,5232.12,5277.63,1.30559532e+10,3.040422183e+11
2021-06-09,000300.XSHG,5224.95,5253.36,5215.35,5236.45,5232.12,1.21820321e+10,2.550754487e+11
2021-06-10,000300.XSHG,5236.47,5299.53,5229.52,5271.47,5236.45,1.38991967e+10,3.014543346e+11
2021-06-11,000300.XSHG,5275.75,5276.1,5213.6,5224.7,5271.47,1.80807173e+10,3.653634945e+11
2021-06-15,000300.XSHG,5218.56,5225.5,5137.41,5166.56,5224.7,1.42880058e+10,3.306166186e+11
2021-06-16,000300.XSHG,5163.25,5164.52,5076.02,5080.49,5166.56,1.25147985e+10,2.982867729e+11
2021-06-17,000300.XSHG,5074.38,5123.37,5073.82,5101.89,5080.49,1.20452518e+10,2.819272807e+11
2021-06-18,000300.XSHG,5104.93,5128.03,5064.92,5102.47,5101.89,1.48585805e+10,3.566970961e+11
2021-06-21,000300.XSHG,5088.09,5123.78,5058.57,5090.39,5102.47,1.32184516e+10,3.315271146e+11
2021-06-22,000300.XSHG,5106.07,5125.82,5086.28,5122.16,5090.39,1.30416753e+10,3.136903671e+11
2021-06-23,000300.XSHG,5127.19,5171.03,5109.76,5147.39,5122.16,1.36356058e+10,3.587656663e+11
2021-06-24,000300.XSHG,5156.56,5160.43,5120.58,5155.97,5147.39,1.26685625e+10,3.126074226e+11
2021-06-25,000300.XSHG,5159.8,5251.61,5157.48,5239.97,5155.97,1.54931061e+10,3.682656412e+11
2021-06-28,000300.XSHG,5253.61,5260.64,5226.22,5251.76,5239.97,1.33193783e+10,3.374527717e+11
2021-06-29,000300.XSHG,5248.52,5248.52,5182.68,5190.54,5251.76,1.25162997e+10,3.14896843e+11
2021-06-30,000300.XSHG,5189.38,5231.43,5186.63,5224.04,5190.54,1.03752671e+10,2.810155049e+11
2021-07-01,000300.XSHG,5241.2,5252.26,5190.88,5229.66,5224.04,1.2724062e+10,3.240974003e+11
2021-07-02,000300.XSHG,5186.66,5186.66,5074.36,5081.12,5229.66,1.30426424e+10,3.425789612e+11
2021-07-05,000300.XSHG,5073.78,5098.23,5048,5085.79,5081.12,1.31211589e+10,3.351977866e+11
2021-07-06,000300.XSHG,5089.78,5092.21,5028.51,5083.1,5085.79,1.4065522e+10,3.628289018e+11
2021-07-07,000300.XSHG,5052.42,5152.77,5045.41,5140.49,5083.1,1.4854906e+10,3.367314034e+11
2021-07-08,000300.XSHG,5149.31,5151.22,5078.93,5088.26,5140.49,1.73901008e+10,3.978798699e+11
2021-07-09,000300.XSHG,5063.15,5081.41,5006.41,5069.44,5088.26,1.60653226e+10,3.528455838e+11
2021-07-12,000300.XSHG,5108.38,5159.41,5070.32,5132.71,5069.44,2.06212039e+10,4.372031459e+11
2021-07-13,000300.XSHG,5128.61,5154.05,5114.94,5142.1,5132.71,1.66482209e+10,3.613284917e+11
2021-07-14,000300.XSHG,5130.75,5130.75,5075.13,5083.08,5142.1,1.8835272e+10,3.725681103e+11
2021-07-15,000300.XSHG,5073.26,5153.81,5067.68,5151.46,5083.08,1.81077103e+10,3.724840811e+11
2021-07-16,000300.XSHG,5140.9,5140.9,5090.63,5094.77,5151.46,1.69955982e+10,3.625942581e+11
2021-07-19,000300.XSHG,5083.73,5120.82,5047.62,5113.49,5094.77,1.53199589e+10,3.403226238e+11
2021-07-20,000300.XSHG,5080.22,5114,5067.86,5108.99,5113.49,1.29300044e+10,2.835431308e+11
2021-07-21,000300.XSHG,5122.78,5160.54,5122.3,5144.04,5108.99,1.67976469e+10,3.902755193e+11
2021-07-22,000300.XSHG,5150.39,5171.21,5137.88,5151.75,5144.04,1.85556864e+10,4.182216548e+11
2021-07-23,000300.XSHG,5145.43,5145.43,5080,5089.23,5151.75,2.16536847e+10,4.355211697e+11
2021-07-26,000300.XSHG,5067.31,5067.31,4859.6,4925.3,5089.23,2.2811171e+10,4.951536551e+11
2021-07-27,000300.XSHG,4924.28,4940.86,4749.03,4751.31,4925.3,2.36631225e+10,5.21146117e+11
2021-07-28,000300.XSHG,4714.29,4785.66,4663.9,4760.48,4751.31,1.92634393e+10,4.197061552e+11
2021-07-29,000300.XSHG,4845.76,4857.97,4800.01,4850.27,4760.48,1.73322054e+10,4.156761209e+11
2021-07-30,000300.XSHG,4825.7,4825.7,4761.04,4811.17,4850.27,1.82349776e+10,4.209439351e+11
2021-08-02,000300.XSHG,4794.82,4938.82,4761.46,4933.74,4811.17,2.27194918e+10,5.246594493e+11
2021-08-03,000300.XSHG,4909.23,4957.03,4890.85,4934.46,4933.74,2.0353336e+10,4.711941284e+11
2021-08-04,000300.XSHG,4927.74,4979.29,4919.66,4978.85,4934.46,1.75466461e+10,4.258014066e+11
2021-08-05,000300.XSHG,4946.17,4997.14,4921.94,4948.67,4978.85,1.67381829e+10,3.987722068e+11
2021-08-06,000300.XSHG,4943.04,4944.35,4891.8,4921.56,4948.67,1.54179688e+10,3.717736038e+11
2021-08-09,000300.XSHG,4890.26,5002.89,4884.04,4985.56,4921.56,1.82436871e+10,4.088970629e+11
2021-08-10,000300.XSHG,4977.82,5043.76,4941.24,5043.15,4985.56,1.67051902e+10,4.100987556e+11
2021-08-11,000300.XSHG,5037.08,5059.79,5009.98,5015.34,5043.15,1.82266074e+10,3.733863472e+11
2021-08-12,000300.XSHG,4998.07,5016.26,4962.98,4973.35,5015.34,1.68223733e+10,3.61828382e+11
2021-08-13,000300.XSHG,4958.76,4993.74,4921.28,4945.98,4973.35,1.58314321e+10,3.52459069e+11
2021-08-16,000300.XSHG,4935.92,4973.38,4931.37,4941.07,4945.98,1.61953373e+10,3.407351202e+11
2021-08-17,000300.XSHG,4935,4967.56,4823.39,4837.4,4941.07,1.87573472e+10,3.884571315e+11
2021-08-18,000300.XSHG,4838.47,4909.54,4818.9,4894.24,4837.4,1.97474378e+10,3.957921658e+11
2021-08-19,000300.XSHG,4886.56,4893.47,4839.57,4862.14,4894.24,2.01711719e+10,3.974249648e+11
2021-08-20,000300.XSHG,4817.49,4835.15,4720.83,4769.27,4862.14,1.7763581e+10,4.049380357e+11
2021-08-23,000300.XSHG,4777.73,4843.82,4764.01,4835.88,4769.27,1.67579093e+10,3.895991263e+11
2021-08-24,000300.XSHG,4844.59,4906.2,4842.75,4888.39,4835.88,1.97883163e+10,4.174814262e+11
2021-08-25,000300.XSHG,4890.52,4899.77,4865.76,4898.16,4888.39,1.89448016e+10,3.718681975e+11
2021-08-26,000300.XSHG,4892.2,4892.2,4798.7,4801.61,4898.16,1.97617387e+10,3.689877185e+11
2021-08-27,000300.XSHG,4794.97,4863.47,4793.59,4827.04,4801.61,1.83310211e+10,3.684214103e+11
2021-08-30,000300.XSHG,4847.03,4849.16,4787.2,4813.27,4827.04,2.19635757e+10,4.771820717e+11
2021-08-31,000300.XSHG,4803.09,4821.76,4740.75,4805.61,4813.27,2.35118658e+10,4.60805654e+11
2021-09-01,000300.XSHG,4804.69,4906.4,4763.3,4869.46,4805.61,3.2672108e+10,5.688197484e+11
2021-09-02,000300.XSHG,4865.82,4892.7,4845.62,4869.41,4869.46,2.67858013e+10,4.659541328e+11
2021-09-03,000300.XSHG,4875.07,4886.55,4828.7,4843.06,4869.41,2.68091896e+10,4.664301197e+11
2021-09-06,000300.XSHG,4841.06,4944.45,4837.79,4933.73,4843.06,2.40507245e+10,4.527562753e+11
2021-09-07,000300.XSHG,4932.98,5005.96,4915.61,4992.83,4933.73,2.44178519e+10,4.177596391e+11
2021-09-08,000300.XSHG,4986.8,5013.98,4955.89,4972.13,4992.83,2.64615315e+10,4.285910777e+11
2021-09-09,000300.XSHG,4952.49,4970.15,4929.95,4970.01,4972.13,2.56530217e+10,4.016756893e+11
2021-09-10,000300.XSHG,4967.98,5042.8,4962.37,5013.52,4970.01,2.88304352e+10,4.727625332e+11
2021-09-13,000300.XSHG,5006.77,5029.72,4964.96,4991.66,5013.52,2.49915298e+10,4.333296274e+11
2021-09-14,000300.XSHG,4989.83,5000.98,4907.32,4917.16,4991.66,2.45590402e+10,4.172458308e+11
2021-09-15,000300.XSHG,4903.85,4903.85,4843.12,4867.32,4917.16,1.8798473e+10,3.632566539e+11
2021-09-16,000300.XSHG,4866.79,4879.53,4806.14,4807.7,4867.32,2.16752099e+10,3.935172672e+11
2021-09-17,000300.XSHG,4797.11,4857.96,4786.09,4855.94,4807.7,2.01958127e+10,3.603974201e+11
2021-09-22,000300.XSHG,4770.73,4830.85,4765.23,4821.77,4855.94,1.91220376e+10,3.119529894e+11
2021-09-23,000300.XSHG,4848.22,4877.34,4837.56,4853.2,4821.77,2.28151064e+10,3.621409196e+11
2021-09-24,000300.XSHG,4845.64,4897.06,4838.54,4849.43,4853.2,2.0769329e+10,3.618494532e+11
2021-09-27,000300.XSHG,4870.85,4922.56,4852.2,4877.37,4849.43,2.1596703e+10,4.260830254e+11
2021-09-28,000300.XSHG,4869.08,4901.31,4846.63,4883.83,4877.37,1.7689088e+10,3.212721915e+11
2021-09-29,000300.XSHG,4846.02,4868.07,4799.88,4833.93,4883.83,1.88171366e+10,3.318417677e+11
2021-09-30,000300.XSHG,4843.95,4876.07,4843.95,4866.38,4833.93,1.46113896e+10,2.832546852e+11
2021-10-08,000300.XSHG,4915.73,4937.09,4891.62,4929.94,4866.38,1.68968077e+10,3.436358353e+11
2021-10-11,000300.XSHG,4941.29,4983.73,4930.71,4936.19,4929.94,1.63511624e+10,3.151863214e+11
2021-10-12,000300.XSHG,4920.66,4925.49,4840.77,4883.84,4936.19,1.68079337e+10,2.994242386e+11
2021-10-13,000300.XSHG,4880.14,4953.37,4869.83,4940.11,4883.84,1.31142813e+10,2.800446666e+11
2021-10-14,000300.XSHG,4934.26,4953.92,4903.25,4913.61,4940.11,1.19557013e+10,2.491516666e+11
2021-10-15,000300.XSHG,4896.56,4939.82,4881.01,4932.11,4913.61,1.42822001e+10,3.007284912e+11
2021-10-18,000300.XSHG,4922.51,4922.51,4844.94,4874.78,4932.11,1.41245199e+10,3.025394444e+11
2021-10-19,000300.XSHG,4869.39,4928.14,4868.81,4922.72,4874.78,1.35266493e+10,2.829282438e+11
2021-10-20,000300.XSHG,4926.77,4944.02,4898.37,4910.18,4922.72,1.41533183e+10,2.797477325e+11
2021-10-21,000300.XSHG,4914.74,4946.18,4893.85,4928.02,4910.18,1.48898154e+10,2.748029625e+11
2021-10-22,000300.XSHG,4934.87,4989.89,4934.87,4959.73,4928.02,1.43926228e+10,2.892526122e+11
2021-10-25,000300.XSHG,4940.9,4981.65,4930.11,4979.52,4959.73,1.4186149e+10,2.994082322e+11
2021-10-26,000300.XSHG,4983.24,5002.57,4953.48,4963.1,4979.52,1.40888943e+10,3.017862297e+11
2021-10-27,000300.XSHG,4949.23,4949.23,4884.94,4898.16,4963.1,1.47111593e+10,2.994604694e+11
2021-10-28,000300.XSHG,4882.59,4898.66,4846.28,4864.14,4898.16,1.56649472e+10,3.166317096e+11
2021-10-29,000300.XSHG,4861.27,4908.77,4855.76,4908.77,4864.14,1.59887353e+10,3.687319873e+11
2021-11-01,000300.XSHG,4878.13,4908.21,4858.25,4890.69,4908.77,1.71583974e+10,3.797307676e+11
2021-11-02,000300.XSHG,4886.18,4911.23,4797.9,4839.85,4890.69,1.85437688e+10,3.857318798e+11
2021-11-03,000300.XSHG,4835.81,4858.71,4804.37,4821.11,4839.85,1.4276382e+10,3.022699347e+11
2021-11-04,000300.XSHG,4841.09,4873.94,4834.74,4868.74,4821.11,1.3259297e+10,3.086880546e+11
2021-11-05,000300.XSHG,4858.9,4889.68,4841.74,4842.35,4868.74,1.47789359e+10,3.120708415e+11
2021-11-08,000300.XSHG,4841.15,4866.08,4827.69,4848.18,4842.35,1.37398264e+10,2.95893824e+11
2021-11-09,000300.XSHG,4858.25,4870.79,4818.54,4846.74,4848.18,1.18375526e+10,2.616450654e+11
2021-11-10,000300.XSHG,4832.8,4832.8,4754,4821.19,4846.74,1.35118179e+10,3.010589663e+11
2021-11-11,000300.XSHG,4814.77,4898.65,4809.11,4898.65,4821.19,1.60484863e+10,3.236246261e+11
2021-11-12,000300.XSHG,4902.93,4909.08,4875.35,4888.37,4898.65,1.32662969e+10,2.717732445e+11
2021-11-15,000300.XSHG,4894.41,4906.33,4863.4,4882.38,4888.37,1.21823149e+10,2.729977489e+11
2021-11-16,000300.XSHG,4880.9,4915.37,4876.5,4883.32,4882.38,1.27254406e+10,2.840945909e+11
2021-11-17,000300.XSHG,4883.25,4891.52,4864.52,4885.75,4883.32,1.08459223e+10,2.461779169e+11
2021-11-18,000300.XSHG,4871.42,4871.42,4830.41,4837.62,4885.75,1.14480565e+10,2.444847138e+11
2021-11-19,000300.XSHG,4832.06,4892.81,4829.57,4890.06,4837.62,1.27198312e+10,2.662806819e+11
2021-11-22,000300.XSHG,4895.39,4919,4893.27,4912.4,4890.06,1.38092836e+10,3.161488115e+11
2021-11-23,000300.XSHG,4905.76,4927.52,4896.88,4913.35,4912.4,1.54304411e+10,3.010221461e+11
2021-11-24,000300.XSHG,4914.03,4935.49,4899.61,4916.66,4913.35,1.37150673e+10,2.897073377e+11
2021-11-25,000300.XSHG,4917.61,4921.33,4891.73,4896.44,4916.66,1.15984031e+10,2.554509944e+11
2021-11-26,000300.XSHG,4886.95,4886.95,4850.81,4860.13,4896.44,1.20368974e+10,2.430413356e+11
2021-11-29,000300.XSHG,4820.01,4858.53,4818.71,4851.42,4860.13,1.33626862e+10,2.859952217e+11
2021-11-30,000300.XSHG,4857.18,4871.25,4810.22,4832.03,4851.42,1.29630596e+10,2.79268234e+11
2021-12-01,000300.XSHG,4831.89,4844.52,4823.93,4843.85,4832.03,1.23086789e+10,2.559689124e+11
2021-12-02,000300.XSHG,4839.91,4866.85,4830.32,4856.16,4843.85,1.48088521e+10,2.780517262e+11
2021-12-03,000300.XSHG,4856.98,4901.02,4853.35,4901.02,4856.16,1.44059626e+10,3.000526983e+11
2021-12-06,000300.XSHG,4909.43,4943.9,4888.69,4892.62,4901.02,1.73615683e+10,3.33405791e+11
2021-12-07,000300.XSHG,4930.83,4934.1,4895.22,4922.1,4892.62,1.7905346e+10,3.406177662e+11
2021-12-08,000300.XSHG,4934.41,4995.93,4915.79,4995.93,4922.1,1.57490559e+10,3.290648312e+11
2021-12-09,000300.XSHG,5000.69,5114.5,4999.41,5078.69,4995.93,2.20568776e+10,4.256809588e+11
2021-12-10,000300.XSHG,5046.27,5060.06,5035.81,5055.12,5078.69,1.93695154e+10,3.569176254e+11
2021-12-13,000300.XSHG,5090.02,5143.84,5079.73,5083.8,5055.12,2.11801596e+10,4.263765325e+11
2021-12-14,000300.XSHG,5066.35,5075.21,5038.86,5049.7,5083.8,1.5910779e+10,3.186855381e+11
2021-12-15,000300.XSHG,5036.28,5060.37,5003.78,5005.9,5049.7,1.50529752e+10,2.910725688e+11
2021-12-16,000300.XSHG,5006.61,5034.73,4987.22,5034.73,5005.9,1.44053867e+10,2.914747669e+11
2021-12-17,000300.XSHG,5021.34,5022.11,4954.76,4954.76,5034.73,1.49005399e+10,2.979433112e+11
2021-12-20,000300.XSHG,4934.97,4971.67,4872.68,4880.42,4954.76,1.6967569e+10,3.175369194e+11
2021-12-21,000300.XSHG,4876.51,4917.8,4872.95,4913.49,4880.42,1.43339898e+10,2.590231773e+11
2021-12-22,000300.XSHG,4924.58,4936.67,4903.17,4914.45,4913.49,1.3325674e+10,2.446424505e+11
2021-12-23,000300.XSHG,4924.29,4948.74,4906.75,4948.74,4914.45,1.39555406e+10,2.633597548e+11
2021-12-24,000300.XSHG,4953.06,4964.91,4905.98,4921.34,4948.74,1.42673323e+10,2.904836635e+11
2021-12-27,000300.XSHG,4918.15,4939.69,4894.16,4919.32,4921.34,1.24100952e+10,2.544215252e+11
2021-12-28,000300.XSHG,4923.69,4959.14,4913.6,4955.96,4919.32,1.30457757e+10,2.763167322e+11
2021-12-29,000300.XSHG,4958.65,4958.65,4883.48,4883.48,4955.96,1.13587002e+10,2.732254671e+11
2021-12-30,000300.XSHG,4882.16,4940.18,4878.65,4921.51,4883.48,1.21617178e+10,2.680224773e+11
2021-12-31,000300.XSHG,4937.46,4950.36,4923.14,4940.37,4921.51,1.21313737e+10,2.669753887e+11
2022-01-04,000300.XSHG,4957.98,4961.45,4874.53,4917.77,4940.37,1.51534776e+10,3.365169616e+11
2022-01-05,000300.XSHG,4907.93,4916.28,4851.98,4868.12,4917.77,1.788161e+10,3.639445288e+11
2022-01-06,000300.XSHG,4842.16,4857.56,4786.43,4818.23,4868.12,1.57665826e+10,3.217500765e+11
2022-01-07,000300.XSHG,4824.32,4856.65,4818.19,4822.37,4818.23,1.87139413e+10,3.322189507e+11
2022-01-10,000300.XSHG,4812.23,4844.39,4780.82,4844.05,4822.37,1.56211696e+10,3.050338168e+11
2022-01-11,000300.XSHG,4840.01,4850.88,4791.89,4797.77,4844.05,1.46928004e+10,2.86445756e+11
2022-01-12,000300.XSHG,4818.89,4852.73,4810.92,4845.58,4797.77,1.43200204e+10,2.931530428e+11
2022-01-13,000300.XSHG,4853.03,4853.06,4765.24,4765.92,4845.58,1.42519653e+10,2.88799117e+11
2022-01-14,000300.XSHG,4743.91,4764.05,4723.94,4726.73,4765.92,1.46863126e+10,2.818284485e+11
2022-01-17,000300.XSHG,4728.76,4775.24,4726.71,4767.28,4726.73,1.15295691e+10,2.637882417e+11
2022-01-18,000300.XSHG,4766.78,4826.3,4747.92,4813.35,4767.28,1.50870802e+10,2.827493931e+11
2022-01-19,000300.XSHG,4815.81,4828.75,4755.93,4780.38,4813.35,1.3392736e+10,2.755345575e+11
2022-01-20,000300.XSHG,4778.26,4845,4777.57,4823.51,4780.38,1.64971315e+10,3.04344268e+11
2022-01-21,000300.XSHG,4808.77,4818.31,4762.56,4779.31,4823.51,1.38952585e+10,2.746991553e+11
2022-01-24,000300.XSHG,4753.94,4801.1,4746.45,4786.74,4779.31,1.1446388e+10,2.462615949e+11
2022-01-25,000300.XSHG,4761.95,4781.39,4678.25,4678.45,4786.74,1.33667586e+10,2.505557692e+11
2022-01-26,000300.XSHG,4697.1,4718.99,4648.13,4712.31,4678.45,1.07070842e+10,2.265534484e+11
2022-01-27,000300.XSHG,4708.1,4708.44,4616.03,4619.88,4712.31,1.21263804e+10,2.505356548e+11
2022-01-28,000300.XSHG,4641.81,4660.52,4559.83,4563.77,4619.88,1.26480112e+10,2.639678918e+11
2022-02-07,000300.XSHG,4638.58,4672.65,4615.01,4634.09,4563.77,1.4484972e+10,2.66031794e+11
2022-02-08,000300.XSHG,4626.44,4626.44,4522.47,4608.77,4634.09,1.55830708e+10,2.813648738e+11
2022-02-09,000300.XSHG,4608.15,4659.46,4595.28,4652.06,4608.77,1.48335547e+10,2.737719605e+11
2022-02-10,000300.XSHG,4657.21,4657.21,4608.09,4639.86,4652.06,1.51576666e+10,2.872243881e+11
2022-02-11,000300.XSHG,4617.87,4662.6,4595.88,4601.4,4639.86,1.55974584e+10,3.079380167e+11
2022-02-14,000300.XSHG,4579.42,4593.63,4530.06,4551.69,4601.4,1.43673894e+10,2.757375535e+11
2022-02-15,000300.XSHG,4553.81,4601.45,4550.54,4600.1,4551.69,1.150256e+10,2.499770087e+11
2022-02-16,000300.XSHG,4619.85,4643.1,4607.22,4617.99,4600.1,1.07258955e+10,2.10190931e+11
2022-02-17,000300.XSHG,4616.9,4650.16,4606.95,4629.16,4617.99,1.10014643e+10,2.279462493e+11
2022-02-18,000300.XSHG,4604.57,4651.34,4598.1,4651.24,4629.16,1.04550228e+10,1.958257005e+11
2022-02-21,000300.XSHG,4646.05,4646.67,4613.3,4634.31,4651.24,1.12516512e+10,2.150391823e+11
2022-02-22,000300.XSHG,4601.92,4602.07,4550.8,4574.15,4634.31,1.23317237e+10,2.468729607e+11
2022-02-23,000300.XSHG,4582.01,4625.3,4579.29,4623.05,4574.15,1.22952916e+10,2.590501462e+11
2022-02-24,000300.XSHG,4592.07,4610.88,4488.48,4529.32,4623.05,1.84403058e+10,3.423466669e+11
2022-02-25,000300.XSHG,4564.63,4611.86,4561.9,4573.42,4529.32,1.49722583e+10,2.717275997e+11
2022-02-28,000300.XSHG,4563.74,4581.65,4530.68,4581.65,4573.42,1.35406978e+10,2.483637275e+11
2022-03-01,000300.XSHG,4597.85,4623.43,4583.92,4619.69,4581.65,1.2313922e+10,2.604311851e+11
2022-03-02,000300.XSHG,4594.02,4594.02,4558.44,4578.6,4619.69,1.13298325e+10,2.152996554e+11
2022-03-03,000300.XSHG,4595.02,4599.4,4544.43,4551.63,4578.6,1.38285877e+10,2.42701772e+11
2022-03-04,000300.XSHG,4513.36,4539.39,4481.49,4496.43,4551.63,1.27266806e+10,2.499702823e+11
2022-03-07,000300.XSHG,4462.52,4462.52,4338.3,4352.78,4496.43,1.62197706e+10,3.068985277e+11
2022-03-08,000300.XSHG,4361.64,4383.65,4252.54,4265.39,4352.78,1.67863277e+10,3.151766984e+11
2022-03-09,000300.XSHG,4280.98,4304.48,4068.19,4226.35,4265.39,1.942329e+10,3.410093919e+11
2022-03-10,000300.XSHG,4326.2,4335.67,4288.51,4292.84,4226.35,1.45266383e+10,3.016361822e+11
2022-03-11,000300.XSHG,4231.2,4316.04,4176.45,4306.52,4292.84,1.52399921e+10,2.950088324e+11
2022-03-14,000300.XSHG,4248.15,4280.36,4174.76,4174.76,4306.52,1.30187236e+10,2.606916595e+11
2022-03-15,000300.XSHG,4125.49,4163.42,3983.81,3983.81,4174.76,2.02524699e+10,3.469889474e+11
2022-03-16,000300.XSHG,4053.1,4168.59,3942.86,4156.08,3983.81,1.96021982e+10,3.788835883e+11
2022-03-17,000300.XSHG,4237.67,4302.74,4217.8,4237.7,4156.08,1.79407344e+10,3.850391973e+11
2022-03-18,000300.XSHG,4218.47,4283.37,4194.94,4265.9,4237.7,1.49458305e+10,2.757912911e+11
2022-03-21,000300.XSHG,4280.14,4287.82,4223.02,4258.75,4265.9,1.2703636e+10,2.512145433e+11
2022-03-22,000300.XSHG,4252.57,4283.33,4236.69,4255.3,4258.75,1.2638247e+10,2.26213534e+11
2022-03-23,000300.XSHG,4269.61,4287.58,4241.96,4276.52,4255.3,1.17089078e+10,2.263907784e+11
2022-03-24,000300.XSHG,4249.53,4273.96,4216.85,4251.31,4276.52,1.08918272e+10,2.195944305e+11
2022-03-25,000300.XSHG,4249.07,4254.84,4173.93,4174.57,4251.31,1.08808046e+10,2.170131873e+11
2022-03-28,000300.XSHG,4128.84,4174.12,4091.3,4148.47,4174.57,1.18449021e+10,2.13468974e+11
2022-03-29,000300.XSHG,4155.42,4177.21,4124.72,4134.14,4148.47,1.00266972e+10,1.994638537e+11
2022-03-30,000300.XSHG,4162.17,4254.1,4160.74,4254.1,4134.14,1.38346024e+10,2.688691812e+11
2022-03-31,000300.XSHG,4234.72,4247.36,4214.54,4222.6,4254.1,1.34029185e+10,2.388772168e+11
2022-04-01,000300.XSHG,4198.82,4290.67,4190.08,4276.16,4222.6,1.33803053e+10,2.447588708e+11
2022-04-06,000300.XSHG,4258.83,4277.52,4236.73,4263.84,4276.16,1.59062195e+10,2.536909299e+11
2022-04-07,000300.XSHG,4240.02,4278.11,4205.74,4209.1,4263.84,1.34880353e+10,2.169961855e+11
2022-04-08,000300.XSHG,4213.21,4237.81,4175.53,4230.77,4209.1,1.42843793e+10,2.290817648e+11
2022-04-11,000300.XSHG,4203.79,4203.79,4089.09,4100.07,4230.77,1.48197071e+10,2.652249325e+11
2022-04-12,000300.XSHG,4102.97,4179.97,4075.8,4179.97,4100.07,1.44285684e+10,2.528304128e+11
2022-04-13,000300.XSHG,4154.41,4194.04,4139.74,4139.74,4179.97,1.25097489e+10,2.212810296e+11
2022-04-14,000300.XSHG,4172.64,4217.06,4155.55,4191.57,4139.74,1.24791316e+10,2.45993822e+11
2022-04-15,000300.XSHG,4162.37,4211.32,4152.97,4188.75,4191.57,1.24762263e+10,2.262297403e+11
2022-04-18,000300.XSHG,4152.93,4171.74,4119.99,4166.38,4188.75,1.1750461e+10,2.128553282e+11
2022-04-19,000300.XSHG,4161.93,4186.94,4115.42,4134.9,4166.38,1.10217471e+10,2.085705791e+11
2022-04-20,000300.XSHG,4130.54,4136.17,4060.5,4070.79,4134.9,1.17331658e+10,2.165366357e+11
2022-04-21,000300.XSHG,4048.73,4086.44,3978.37,3995.83,4070.79,1.32783828e+10,2.270266797e+11
2022-04-22,000300.XSHG,3967.2,4037.08,3953.72,4013.25,3995.83,1.22101811e+10,2.063717667e+11
2022-04-25,000300.XSHG,3933.45,3958.21,3814.91,3814.91,4013.25,1.68364502e+10,2.728892723e+11
2022-04-26,000300.XSHG,3822.49,3871.85,3773.9,3784.12,3814.91,1.57577611e+10,2.596263542e+11
2022-04-27,000300.XSHG,3758.08,3895.73,3757.09,3895.54,3784.12,1.72734046e+10,2.969241029e+11
2022-04-28,000300.XSHG,3883.42,3943.43,3873.58,3921.11,3895.54,1.53056586e+10,2.685022425e+11
2022-04-29,000300.XSHG,3939.62,4017.43,3898.57,4016.24,3921.11,1.79458377e+10,3.214148774e+11
2022-05-05,000300.XSHG,3995.35,4039.7,3988.93,4010.21,4016.24,1.54170716e+10,2.905382307e+11
2022-05-06,000300.XSHG,3928.85,3947.24,3902.05,3908.82,4010.21,1.23005551e+10,2.14825174e+11
2022-05-09,000300.XSHG,3883.95,3914.11,3854.94,3877.44,3908.82,9293669400,1.717565029e+11
2022-05-10,000300.XSHG,3820.63,3932.68,3808.57,3919.87,3877.44,1.36416918e+10,2.390602119e+11
2022-05-11,000300.XSHG,3917.93,4033.3,3916.52,3976.42,3919.87,1.65632256e+10,3.092949128e+11
2022-05-12,000300.XSHG,3949.95,3985.93,3935.59,3958.74,3976.42,1.13376066e+10,2.020291564e+11
2022-05-13,000300.XSHG,3983.82,4003.85,3957.14,3988.6,3958.74,1.09968357e+10,1.957270449e+11
2022-05-16,000300.XSHG,4015,4018.03,3947.75,3956.54,3988.6,1.12425294e+10,1.997179095e+11
2022-05-17,000300.XSHG,3961.76,4005.89,3955.1,4005.89,3956.54,1.09661454e+10,2.101175397e+11
2022-05-18,000300.XSHG,4015.01,4017.34,3964.75,3991.91,4005.89,1.08074233e+10,2.018006661e+11
2022-05-19,000300.XSHG,3938.3,3999.6,3933.75,3999.6,3991.91,1.1629342e+10,2.102066816e+11
2022-05-20,000300.XSHG,4020.82,4077.6,4020.82,4077.6,3999.6,1.47069173e+10,2.656090899e+11
2022-05-23,000300.XSHG,4080.97,4080.97,4029.08,4053.98,4077.6,1.3047781e+10,2.259815409e+11
2022-05-24,000300.XSHG,4052.87,4055.78,3959.15,3959.15,4053.98,1.45554336e+10,2.477130397e+11
2022-05-25,000300.XSHG,3959.77,3983.62,3946.81,3983.18,3959.15,1.07734015e+10,1.887005374e+11
2022-05-26,000300.XSHG,3987.68,4015.75,3938.24,3993.04,3983.18,1.26263689e+10,2.169870254e+11
2022-05-27,000300.XSHG,4022.71,4051.14,3983.38,4001.3,3993.04,1.12769337e+10,2.069444262e+11
2022-05-30,000300.XSHG,4020.86,4040.82,4003.38,4029.02,4001.3,1.11152241e+10,2.111447216e+11
2022-05-31,000300.XSHG,4031.76,4096.2,4020.38,4091.52,4029.02,1.35415513e+10,2.677700887e+11
2022-06-01,000300.XSHG,4086.62,4094.9,4058.85,4083.18,4091.52,1.14850879e+10,2.254162379e+11
2022-06-02,000300.XSHG,4064,4091.15,4057.91,4089.57,4083.18,1.13893638e+10,2.226575379e+11
2022-06-06,000300.XSHG,4090.53,4166.62,4063.91,4166.09,4089.57,1.67871011e+10,3.240756269e+11
2022-06-07,000300.XSHG,4165.69,4198.09,4155.17,4179.13,4166.09,1.42992881e+10,2.857337223e+11
2022-06-08,000300.XSHG,4187.15,4224.81,4158.03,4219.81,4179.13,1.57374057e+10,3.194802528e+11
2022-06-09,000300.XSHG,4211.72,4227.45,4160.88,4175.67,4219.81,1.68449154e+10,2.851728042e+11
2022-06-10,000300.XSHG,4145.65,4241.35,4140.22,4238.99,4175.67,1.84796214e+10,3.240914407e+11
2022-06-13,000300.XSHG,4194.46,4218.23,4156.71,4189.35,4238.99,1.68475622e+10,3.365856705e+11
2022-06-14,000300.XSHG,4143.22,4224.09,4102.93,4222.31,4189.35,1.71385904e+10,3.354185579e+11
2022-06-15,000300.XSHG,4228.29,4348.42,4228.29,4278.22,4222.31,2.5704659e+10,4.597668207e+11
2022-06-16,000300.XSHG,4282.08,4302.92,4241.08,4250.06,4278.22,1.84074416e+10,3.372359115e+11
2022-06-17,000300.XSHG,4219.23,4318.77,4218.68,4309.04,4250.06,1.58649098e+10,3.466757268e+11
2022-06-20,000300.XSHG,4322.83,4368.36,4297.89,4330.43,4309.04,1.65666382e+10,3.595692969e+11
2022-06-21,000300.XSHG,4327.92,4357.34,4287.14,4325.57,4330.43,1.64667615e+10,3.171633177e+11
2022-06-22,000300.XSHG,4331.9,4333.18,4269.25,4270.62,4325.57,1.58565854e+10,2.986562633e+11
2022-06-23,000300.XSHG,4277.96,4343.88,4260.9,4343.88,4270.62,1.7088236e+10,3.271447805e+11
2022-06-24,000300.XSHG,4354.55,4400.69,4346.12,4394.77,4343.88,1.68972199e+10,3.560547505e+11
2022-06-27,000300.XSHG,4414.33,4472.69,4414.33,4444.26,4394.77,1.77385676e+10,3.814329663e+11
2022-06-28,000300.XSHG,4442.58,4497.89,4407.35,4490.52,4444.26,1.74756489e+10,3.616859707e+11
2022-06-29,000300.XSHG,4472.73,4503.13,4414,4421.36,4490.52,1.87276688e+10,3.959261077e+11
2022-06-30,000300.XSHG,4418.07,4515,4418.07,4485.01,4421.36,1.56666289e+10,3.543438868e+11
2022-07-01,000300.XSHG,4489.52,4500.99,4449.29,4466.72,4485.01,1.44779599e+10,3.184921302e+11
2022-07-04,000300.XSHG,4447.22,4496.03,4427.82,4496.03,4466.72,1.46345651e+10,3.569685213e+11
2022-07-05,000300.XSHG,4505.46,4530.32,4439.45,4489.54,4496.03,1.54962415e+10,3.618918508e+11
2022-07-06,000300.XSHG,4475.48,4484.36,4393.42,4423.97,4489.54,1.49800235e+10,3.446727077e+11
2022-07-07,000300.XSHG,4425.28,4457.34,4391.19,4443.47,4423.97,1.32660906e+10,3.281331337e+11
2022-07-08,000300.XSHG,4468.06,4479.49,4426.89,4428.78,4443.47,1.23195739e+10,3.040311073e+11
2022-07-11,000300.XSHG,4406.15,4406.15,4330.58,4354.62,4428.78,1.34448578e+10,2.991952334e+11
2022-07-12,000300.XSHG,4352.65,4370.34,4296.62,4313.62,4354.62,1.30187838e+10,2.910723119e+11
2022-07-13,000300.XSHG,4313.36,4341.47,4284.94,4321.46,4313.62,1.31113179e+10,2.860755454e+11
2022-07-14,000300.XSHG,4308.82,4352.1,4292.76,4322.07,4321.46,1.45250926e+10,3.01569861e+11
2022-07-15,000300.XSHG,4299.47,4344.86,4248.53,4248.53,4322.07,1.50214453e+10,3.167931927e+11
2022-07-18,000300.XSHG,4262.15,4300.78,4217.51,4292.59,4248.53,1.22601192e+10,2.810551286e+11
2022-07-19,000300.XSHG,4288.44,4288.44,4238.82,4269.34,4292.59,1.0380573e+10,2.311177318e+11
2022-07-20,000300.XSHG,4291.28,4303.37,4269.97,4283.8,4269.34,9449014400,2.123018814e+11
2022-07-21,000300.XSHG,4270.36,4283.15,4236.05,4236.06,4283.8,1.17156344e+10,2.392281468e+11
2022-07-22,000300.XSHG,4251.79,4275.47,4207.31,4238.23,4236.06,1.03840624e+10,2.242953335e+11
2022-07-25,000300.XSHG,4233.93,4234.84,4201.92,4212.64,4238.23,8363666400,1.881364267e+11
2022-07-26,000300.XSHG,4220.09,4259.99,4214.53,4245.98,4212.64,8582327400,1.976014064e+11
2022-07-27,000300.XSHG,4236.15,4242.1,4217.28,4225.04,4245.98,7890494000,1.942453038e+11
2022-07-28,000300.XSHG,4242.27,4267.92,4223.03,4225.67,4225.04,1.0753193e+10,2.438714865e+11
2022-07-29,000300.XSHG,4226.42,4243.51,4160.87,4170.1,4225.67,1.14179286e+10,2.531985746e+11
2022-08-01,000300.XSHG,4160.65,4196.57,4129.45,4188.68,4170.1,1.07749029e+10,2.511253086e+11
2022-08-02,000300.XSHG,4144.38,4144.38,4071.43,4107.02,4188.68,1.42224425e+10,2.810135553e+11
2022-08-03,000300.XSHG,4114.83,4150.98,4058.18,4066.98,4107.02,1.16666124e+10,2.686958348e+11
2022-08-04,000300.XSHG,4089.44,4108.16,4064.66,4101.54,4066.98,8953264400,2.168986749e+11
2022-08-05,000300.XSHG,4109.63,4159.48,4097.86,4156.91,4101.54,1.02571004e+10,2.47325902e+11
2022-08-08,000300.XSHG,4142.11,4155.73,4135.08,4148.07,4156.91,9020813800,2.240808121e+11
2022-08-09,000300.XSHG,4143.67,4161.81,4131.43,4156.29,4148.07,8413695900,2.142236923e+11
2022-08-10,000300.XSHG,4149.21,4160.79,4092.55,4109.74,4156.29,8556583900,2.174473685e+11
2022-08-11,000300.XSHG,4130.74,4193.81,4116.06,4193.54,4109.74,1.21385051e+10,2.696309984e+11
2022-08-12,000300.XSHG,4185.42,4202.47,4175.05,4191.15,4193.54,1.06808295e+10,2.192080553e+11
2022-08-15,000300.XSHG,4180,4219.92,4174.3,4185.68,4191.15,1.05898495e+10,2.45539801e+11
2022-08-16,000300.XSHG,4190.53,4208.8,4170.52,4177.84,4185.68,9390613900,2.338185847e+11
2022-08-17,000300.XSHG,4182.57,4222.79,4155.17,4216.96,4177.84,1.12864659e+10,2.520443251e+11
2022-08-18,000300.XSHG,4205.79,4211.91,4173.54,4180.1,4216.96,1.0105265e+10,2.331154914e+11
2022-08-19,000300.XSHG,4174.55,4185.66,4151.07,4151.07,4180.1,1.17402978e+10,2.624941282e+11
2022-08-22,000300.XSHG,4135.16,4183.65,4134.2,4181.4,4151.07,1.1244272e+10,2.597471637e+11
2022-08-23,000300.XSHG,4175.53,4187.39,4147.41,4161.08,4181.4,1.03153512e+10,2.391013308e+11
2022-08-24,000300.XSHG,4168.58,4174.16,4079.09,4082.42,4161.08,1.19069679e+10,2.628443093e+11
2022-08-25,000300.XSHG,4093.29,4119.62,4058.75,4116.24,4082.42,1.11320745e+10,2.421495815e+11
2022-08-26,000300.XSHG,4127.81,4139.79,4102.68,4107.55,4116.24,9900049300,2.255191968e+11
2022-08-29,000300.XSHG,4063.88,4092.95,4059.6,4089.52,4107.55,9435443200,2.030861147e+11
2022-08-30,000300.XSHG,4088.53,4093.14,4048.52,4075.79,4089.52,9330166200,1.926490013e+11
2022-08-31,000300.XSHG,4057.14,4112.85,4046.62,4078.84,4075.79,1.32449765e+10,2.929746655e+11
2022-09-01,000300.XSHG,4066.19,4090.89,4041.13,4043.74,4078.84,9738707100,2.108985035e+11
2022-09-02,000300.XSHG,4054.84,4056.18,4004.91,4023.61,4043.74,8678927800,1.84468327e+11
2022-09-05,000300.XSHG,4010.41,4017,3982.74,4015.43,4023.61,9376710900,2.011186966e+11
2022-09-06,000300.XSHG,4024.47,4054,4009.58,4052.28,4015.43,1.13506265e+10,2.359218381e+11
2022-09-07,000300.XSHG,4032.72,4067.54,4028.37,4054.98,4052.28,1.07678059e+10,2.151471522e+11
2022-09-08,000300.XSHG,4059.17,4067.76,4036.02,4037.68,4054.98,1.00886049e+10,1.86889048e+11
2022-09-09,000300.XSHG,4050.59,4099.01,4042.25,4093.79,4037.68,1.18427114e+10,2.214425472e+11
2022-09-13,000300.XSHG,4112.01,4128.11,4097.14,4111.11,4093.79,1.11789737e+10,2.185210621e+11
2022-09-14,000300.XSHG,4058.04,4089.06,4047.92,4065.36,4111.11,9079368100,1.854849651e+11
2022-09-15,000300.XSHG,4078.65,4088.81,3998.86,4027.12,4065.36,1.23951196e+10,2.543674928e+11
2022-09-16,000300.XSHG,4013.58,4019.41,3932.68,3932.68,4027.12,1.37193655e+10,2.412518401e+11
2022-09-19,000300.XSHG,3928.42,3953.65,3910.31,3928,3932.68,9771957500,1.835744406e+11
2022-09-20,000300.XSHG,3945.65,3957.55,3921.69,3932.84,3928,8482413400,1.792481535e+11
2022-09-21,000300.XSHG,3921.32,3924.39,3884.23,3903.73,3932.84,8645839100,1.689390743e+11
2022-09-22,000300.XSHG,3875.18,3900.27,3860.23,3869.34,3903.73,8094691900,1.611341028e+11
2022-09-23,000300.XSHG,3865.1,3888.4,3829.69,3856.02,3869.34,9434246200,1.729048074e+11
2022-09-26,000300.XSHG,3829.6,3893.32,3827.95,3836.68,3856.02,1.04526031e+10,1.929062003e+11
2022-09-27,000300.XSHG,3844.07,3893.03,3827.93,3892.3,3836.68,8886016000,1.859552474e+11
2022-09-28,000300.XSHG,3879.44,3879.44,3828.05,3828.71,3892.3,8659221300,1.724380428e+11
2022-09-29,000300.XSHG,3864.32,3873.18,3808.65,3827.14,3828.71,8565414200,1.7163594e+11
2022-09-30,000300.XSHG,3833.35,3848.6,3801.28,3804.89,3827.14,7855996600,1.586927488e+11
2022-10-10,000300.XSHG,3806.56,3807.46,3715.71,3720.94,3804.89,1.02647595e+10,1.946359041e+11
2022-10-11,000300.XSHG,3732.02,3739.81,3706.06,3727.69,3720.94,8394462500,1.668003949e+11
2022-10-12,000300.XSHG,3722.87,3784.31,3661.53,3784.31,3727.69,1.08089319e+10,2.109313623e+11
2022-10-13,000300.XSHG,3756.42,3783.6,3749.64,3752.67,3784.31,9901891500,1.983688915e+11
2022-10-14,000300.XSHG,3783.32,3863.23,3780.84,3842.47,3752.67,1.16242293e+10,2.56551272e+11
2022-10-17,000300.XSHG,3822.24,3849.62,3809.12,3846.41,3842.47,1.04192019e+10,2.204888744e+11
2022-10-18,000300.XSHG,3865.83,3870.22,3831.17,3838.27,3846.41,8834690700,1.865562958e+11
2022-10-19,000300.XSHG,3827.47,3840.49,3776.53,3776.53,3838.27,8157484400,1.867364082e+11
2022-10-20,000300.XSHG,3746.58,3804.25,3726.79,3754.93,3776.53,9029089500,2.037816189e+11
2022-10-21,000300.XSHG,3753.89,3768.69,3724.69,3742.89,3754.93,9875003800,1.806863577e+11
2022-10-24,000300.XSHG,3727.92,3762.16,3619.99,3633.37,3742.89,1.30056864e+10,2.594507431e+11
2022-10-25,000300.XSHG,3621.94,3670.73,3594.7,3627.45,3633.37,1.10953882e+10,2.193027596e+11
2022-10-26,000300.XSHG,3633.31,3700.88,3633.31,3656.9,3627.45,1.21301548e+10,2.424538106e+11
2022-10-27,000300.XSHG,3667.66,3685.08,3631.06,3631.14,3656.9,1.17998675e+10,2.574733157e+11
2022-10-28,000300.XSHG,3605.16,3618.86,3533.5,3541.33,3631.14,1.18772162e+10,2.45816452e+11
2022-10-31,000300.XSHG,3504.51,3553.39,3495.95,3508.7,3541.33,1.38465655e+10,2.565748221e+11
2022-11-01,000300.XSHG,3519.82,3634.17,3517.62,3634.17,3508.7,1.49286698e+10,2.950899284e+11
2022-11-02,000300.XSHG,3620.37,3703.47,3610.8,3677.81,3634.17,1.41592919e+10,2.916482457e+11
2022-11-03,000300.XSHG,3645.06,3670.16,3628.5,3647.9,3677.81,1.10566035e+10,2.15379298e+11
2022-11-04,000300.XSHG,3646.77,3782.88,3646.77,3767.17,3647.9,1.49734949e+10,3.111454776e+11
2022-11-07,000300.XSHG,3754.52,3792.79,3746.37,3775.3,3767.17,1.29826371e+10,2.511956999e+11
2022-11-08,000300.XSHG,3773.66,3779.12,3723.34,3749.33,3775.3,9901645100,1.933513249e+11
2022-11-09,000300.XSHG,3750.78,3760.41,3711.27,3714.27,3749.33,8943452500,1.720295299e+11
2022-11-10,000300.XSHG,3685.83,3701.53,3665.06,3685.69,3714.27,1.03509302e+10,1.831553087e+11
2022-11-11,000300.XSHG,3787.76,3828.9,3747.09,3788.44,3685.69,1.89685586e+10,3.444713263e+11
2022-11-14,000300.XSHG,3818.14,3848.41,3781.78,3794.02,3788.44,1.69665048e+10,3.155368561e+11
2022-11-15,000300.XSHG,3788.93,3871.64,3775.5,3865.97,3794.02,1.5151565e+10,2.962681428e+11
2022-11-16,000300.XSHG,3860.81,3877.68,3829.31,3834.39,3865.97,1.20610964e+10,2.358445882e+11
2022-11-17,000300.XSHG,3821.27,3821.74,3776.57,3818.66,3834.39,1.05940632e+10,2.195408113e+11
2022-11-18,000300.XSHG,3823.82,3840.3,3801.57,3801.57,3818.66,1.15078777e+10,2.24276131e+11
2022-11-21,000300.XSHG,3769.63,3769.87,3734,3769.13,3801.57,9586696600,1.882303737e+11
2022-11-22,000300.XSHG,3766.08,3809.86,3751.04,3769.57,3769.13,1.44486334e+10,2.034908284e+11
2022-11-23,000300.XSHG,3760.22,3791.18,3753.21,3773.53,3769.57,1.44527911e+10,2.010706012e+11
2022-11-24,000300.XSHG,3791.54,3804.9,3751.38,3756.81,3773.53,1.01073447e+10,1.606989215e+11
2022-11-25,000300.XSHG,3751.28,3790.57,3743.41,3775.78,3756.81,1.42929711e+10,1.917110407e+11
2022-11-28,000300.XSHG,3701.9,3736.08,3672.13,3733.24,3775.78,1.27825748e+10,1.963055617e+11
2022-11-29,000300.XSHG,3766.57,3854.77,3766.57,3848.42,3733.24,1.78701392e+10,2.890623364e+11
2022-11-30,000300.XSHG,3836.56,3867.66,3833.83,3853.04,3848.42,1.575114e+10,2.500514681e+11
2022-12-01,000300.XSHG,3921.3,3944.56,3893.87,3894.77,3853.04,1.69964585e+10,3.066781957e+11
2022-12-02,000300.XSHG,3886.4,3898.11,3865.88,3870.95,3894.77,1.1678635e+10,2.012531664e+11
2022-12-05,000300.XSHG,3907.64,3947.48,3900.67,3946.88,3870.95,2.01747221e+10,2.966155123e+11
2022-12-06,000300.XSHG,3929.01,3988.9,3923,3968.2,3946.88,1.55108323e+10,2.755834308e+11
2022-12-07,000300.XSHG,3956.67,3999.59,3944.18,3958.44,3968.2,1.43001356e+10,2.55490829e+11
2022-12-08,000300.XSHG,3953.2,3971.49,3941.3,3959.18,3958.44,1.15199986e+10,1.980376905e+11
2022-12-09,000300.XSHG,3961.99,4003.32,3944.44,3998.24,3959.18,1.53774954e+10,2.681667897e+11
2022-12-12,000300.XSHG,3976.17,3983.43,3950.32,3953.44,3998.24,1.25935368e+10,2.276063009e+11
2022-12-13,000300.XSHG,3953.55,3964.4,3939.98,3945.68,3953.44,1.009941e+10,1.840207001e+11
2022-12-14,000300.XSHG,3952.79,3972.74,3935.77,3954.89,3945.68,9852800600,1.961751086e+11
2022-12-15,000300.XSHG,3954.67,3963.5,3926.5,3951.99,3954.89,8886472500,1.819948891e+11
2022-12-16,000300.XSHG,3931.23,3960.47,3929.49,3954.23,3951.99,9317856700,1.674884426e+11
2022-12-19,000300.XSHG,3952.77,3966.57,3878.44,3893.22,3954.23,1.06919075e+10,1.808013877e+11
2022-12-20,000300.XSHG,3881.23,3881.27,3811.48,3829.02,3893.22,8309682200,1.640464409e+11
2022-12-21,000300.XSHG,3839,3853.73,3821.4,3830.54,3829.02,6483921500,1.234500404e+11
2022-12-22,000300.XSHG,3859.2,3882.13,3821.34,3836.03,3830.54,8370517300,1.63970307e+11
2022-12-23,000300.XSHG,3811.62,3848.34,3805.95,3828.22,3836.03,6527814800,1.305594156e+11
2022-12-26,000300.XSHG,3830.57,3856.81,3827.52,3843.49,3828.22,7300571200,1.486928324e+11
2022-12-27,000300.XSHG,3860.91,3891.85,3856.58,3887.85,3843.49,7751535000,1.520322066e+11
2022-12-28,000300.XSHG,3874.91,3884.72,3854.94,3871.26,3887.85,8442465600,1.60671122e+11
2022-12-29,000300.XSHG,3854.24,3868.29,3838.48,3856.7,3871.26,7939481500,1.490113724e+11
2022-12-30,000300.XSHG,3873.94,3887.55,3868.76,3871.63,3856.7,7877327200,1.482950494e+11
2023-01-03,000300.XSHG,3864.84,3893.99,3831.25,3887.9,3871.63,1.15051875e+10,2.07540166e+11
2023-01-04,000300.XSHG,3886.25,3905.9,3873.65,3892.95,3887.9,1.10660743e+10,1.989977117e+11
2023-01-05,000300.XSHG,3913.49,3974.88,3912.26,3968.58,3892.95,1.16502395e+10,2.563126083e+11
2023-01-06,000300.XSHG,3969.55,4000.41,3966.47,3980.89,3968.58,1.10953038e+10,2.357443056e+11
2023-01-09,000300.XSHG,3998.53,4023.09,3990.71,4013.12,3980.89,1.17054425e+10,2.332124265e+11
2023-01-10,000300.XSHG,4014.71,4030.46,4002.23,4017.47,4013.12,1.01751141e+10,2.148711662e+11
2023-01-11,000300.XSHG,4019.88,4043.4,4008.02,4010.03,4017.47,9999788900,2.03000263e+11
2023-01-12,000300.XSHG,4021.75,4030.29,4003.51,4017.87,4010.03,9055262700,1.836862681e+11
2023-01-13,000300.XSHG,4032.29,4074.38,4027.89,4074.38,4017.87,9587189600,2.121739975e+11
2023-01-16,000300.XSHG,4077.88,4177.1,4076.64,4137.96,4074.38,1.51395455e+10,3.190077494e+11
2023-01-17,000300.XSHG,4138.84,4148.58,4118.16,4137.24,4137.96,9547904000,2.043815765e+11
2023-01-18,000300.XSHG,4140.1,4151.46,4125.77,4130.31,4137.24,8420064500,1.721261718e+11
2023-01-19,000300.XSHG,4125.58,4156.01,4105.98,4156.01,4130.31,9460839800,1.926995898e+11
2023-01-20,000300.XSHG,4166.84,4189.83,4161.67,4181.53,4156.01,1.23553809e+10,2.223424551e+11
2023-01-30,000300.XSHG,4267.62,4268.15,4197.86,4201.35,4181.53,1.64607064e+10,3.301933221e+11
2023-01-31,000300.XSHG,4200.58,4212.73,4153.05,4156.86,4201.35,1.24550835e+10,2.493653216e+11
2023-02-01,000300.XSHG,4170.13,4195.93,4137.77,4195.93,4156.86,1.41008954e+10,2.655539447e+11
2023-02-02,000300.XSHG,4207.41,4207.41,4170.56,4181.15,4195.93,1.33823736e+10,2.624974348e+11
2023-02-03,000300.XSHG,4162.03,4162.03,4103.17,4141.63,4181.15,1.17041221e+10,2.2691477e+11
2023-02-06,000300.XSHG,4103.83,4105.94,4065.22,4086.88,4141.63,1.10192717e+10,2.26345114e+11
2023-02-07,000300.XSHG,4098.31,4107.34,4077.96,4094.23,4086.88,9136007200,1.835373516e+11
2023-02-08,000300.XSHG,4099.86,4111.47,4072.65,4076.14,4094.23,8478609900,1.705917518e+11
2023-02-09,000300.XSHG,4067.56,4130.86,4064.75,4130.86,4076.14,1.02289961e+10,2.117226049e+11
2023-02-10,000300.XSHG,4124.1,4125.29,4092.35,4106.31,4130.86,9671673300,1.953483206e+11
2023-02-13,000300.XSHG,4098.88,4146.45,4092.27,4143.57,4106.31,1.28892577e+10,2.519901816e+11
2023-02-14,000300.XSHG,4151.25,4152.05,4125.26,4145.29,4143.57,1.0249989e+10,2.049154357e+11
2023-02-15,000300.XSHG,4146.85,4153.72,4115.97,4123.69,4145.29,1.21664508e+10,2.19855529e+11
2023-02-16,000300.XSHG,4125.41,4167.9,4068.86,4093.49,4123.69,1.59310585e+10,2.813156256e+11
2023-02-17,000300.XSHG,4086.22,4104.64,4032.93,4034.51,4093.49,1.16142589e+10,2.25737747e+11
2023-02-20,000300.XSHG,4039.96,4134.86,4035.48,4133.49,4034.51,1.61794481e+10,2.801229622e+11
2023-02-21,000300.XSHG,4130.06,4151.8,4116.27,4144.35,4133.49,1.45776173e+10,2.49674201e+11
2023-02-22,000300.XSHG,4118.97,4134.88,4101.86,4106.95,4144.35,1.04290295e+10,1.91586159e+11
2023-02-23,000300.XSHG,4106.21,4132.39,4088.21,4103.65,4106.95,1.03564906e+10,1.971935824e+11
2023-02-24,000300.XSHG,4100.99,4102.61,4048.24,4061.05,4103.65,1.00989425e+10,1.912104651e+11
2023-02-27,000300.XSHG,4040.46,4067.03,4034.52,4043.84,4061.05,9378763000,1.879594911e+11
2023-02-28,000300.XSHG,4058.13,4074.26,4026.45,4069.46,4043.84,1.10323591e+10,1.987997124e+11
2023-03-01,000300.XSHG,4068.73,4135.48,4061.22,4126.94,4069.46,1.56015794e+10,2.55374791e+11
2023-03-02,000300.XSHG,4119.99,4137.25,4113.83,4117.74,4126.94,1.48217637e+10,2.35953765e+11
2023-03-03,000300.XSHG,4126.02,4135.21,4100.38,4130.55,4117.74,1.60331741e+10,2.269145456e+11
2023-03-06,000300.XSHG,4131.15,4132.84,4088.45,4109.01,4130.55,1.62971807e+10,2.83079862e+11
2023-03-07,000300.XSHG,4103.64,4124.96,4046.57,4048.85,4109.01,1.95912068e+10,2.72491994e+11
2023-03-08,000300.XSHG,4030.74,4037.29,4011.52,4034.11,4048.85,1.17936493e+10,1.916596552e+11
2023-03-09,000300.XSHG,4035.84,4043.85,4000.89,4019.85,4034.11,1.16539629e+10,2.017379907e+11
2023-03-10,000300.XSHG,3991.8,4004.36,3966.43,3967.14,4019.85,1.23855409e+10,2.182869561e+11
2023-03-13,000300.XSHG,3962.64,4008.69,3962.64,4008.69,3967.14,1.4356137e+10,2.428655168e+11
2023-03-14,000300.XSHG,3999.88,4001.94,3946.94,3984.7,4008.69,1.50544174e+10,2.672248488e+11
2023-03-15,000300.XSHG,4011.84,4018.75,3986.9,3986.9,3984.7,1.42026007e+10,2.32101094e+11
2023-03-16,000300.XSHG,3958.2,3981.32,3936.48,3939.15,3986.9,1.52515644e+10,2.462642864e+11
2023-03-17,000300.XSHG,3971.16,4004.22,3945.25,3958.82,3939.15,1.77433818e+10,3.055410156e+11
2023-03-20,000300.XSHG,3962.66,3979.55,3935.02,3939.08,3958.82,2.0526497e+10,3.197600326e+11
2023-03-21,000300.XSHG,3948.16,3982.7,3948.16,3982.38,3939.08,1.45090679e+10,2.51631985e+11
2023-03-22,000300.XSHG,3993.78,4016.45,3986.71,3999.44,3982.38,1.4922897e+10,2.651809921e+11
2023-03-23,000300.XSHG,3985.99,4039.09,3984,4039.09,3999.44,1.58887421e+10,2.964795295e+11
2023-03-24,000300.XSHG,4035.16,4037.84,4017,4027.05,4039.09,1.5944233e+10,2.957855889e+11
2023-03-27,000300.XSHG,4023.3,4023.3,3987.03,4012.48,4027.05,1.68482279e+10,3.154746969e+11
2023-03-28,000300.XSHG,4015.7,4023.78,3994.6,3999.51,4012.48,1.31895117e+10,2.48736921e+11
2023-03-29,000300.XSHG,4013.59,4017.76,3992.67,4006.14,3999.51,1.3374351e+10,2.638669227e+11
2023-03-30,000300.XSHG,4009.56,4040.5,3983.9,4038.53,4006.14,1.49901037e+10,2.80004716e+11
2023-03-31,000300.XSHG,4045.45,4063.57,4039.96,4050.93,4038.53,1.38842546e+10,2.798636858e+11
2023-04-03,000300.XSHG,4059.62,4094.94,4059.06,4090.57,4050.93,1.82124313e+10,3.828955584e+11
2023-04-04,000300.XSHG,4089.29,4103.16,4080.07,4103.11,4090.57,1.97146631e+10,3.944431751e+11
2023-04-06,000300.XSHG,4084.13,4098.83,4078.4,4096.64,4103.11,1.50703374e+10,3.289818516e+11
2023-04-07,000300.XSHG,4096.9,4131.31,4092.18,4123.28,4096.64,1.28676738e+10,2.865677719e+11
2023-04-10,000300.XSHG,4132.01,4132.3,4099.05,4104.81,4123.28,1.52453002e+10,3.408225572e+11
2023-04-11,000300.XSHG,4108.51,4116.12,4083.49,4100.15,4104.81,1.53901333e+10,3.24192952e+11
2023-04-12,000300.XSHG,4102.4,4108.25,4090.28,4097.29,4100.15,1.65965278e+10,3.254252264e+11
2023-04-13,000300.XSHG,4081.39,4088.88,4059.57,4068.98,4097.29,1.56444295e+10,3.002910208e+11
2023-04-14,000300.XSHG,4078.97,4098.22,4075.2,4092,4068.98,1.50695682e+10,3.062015014e+11
2023-04-17,000300.XSHG,4090.07,4149.38,4089.51,4149.38,4092,1.88773095e+10,3.418312728e+11
2023-04-18,000300.XSHG,4139.31,4169.67,4138.46,4162.03,4149.38,1.7018413e+10,3.315456623e+11
2023-04-19,000300.XSHG,4159.39,4159.39,4118.63,4124.56,4162.03,1.62554592e+10,3.122195045e+11
2023-04-20,000300.XSHG,4122.95,4125.82,4094,4113.02,4124.56,1.62706677e+10,3.321724095e+11
2023-04-21,000300.XSHG,4114.26,4114.26,4031.91,4032.57,4113.02,1.80802435e+10,3.478520116e+11
2023-04-24,000300.XSHG,4031.3,4033.64,3967.91,3982.64,4032.57,1.70099217e+10,3.283756147e+11
2023-04-25,000300.XSHG,3985.11,3991.69,3925.44,3962.67,3982.64,1.72555409e+10,3.311106198e+11
2023-04-26,000300.XSHG,3950.26,3975.66,3934.66,3959.23,3962.67,1.62702006e+10,3.220628113e+11
2023-04-27,000300.XSHG,3948.03,3999.13,3942.82,3988.42,3959.23,1.53828195e+10,3.048040026e+11
2023-04-28,000300.XSHG,3993.26,4030.45,3993.26,4029.09,3988.42,1.79508488e+10,3.28936294e+11
2023-05-04,000300.XSHG,4013.47,4035.78,4001.13,4030.25,4029.09,2.27582846e+10,3.45492506e+11
2023-05-05,000300.XSHG,4031.09,4047.6,3998.39,4016.88,4030.25,2.06626924e+10,3.076944899e+11
2023-05-08,000300.XSHG,4028.11,4070.77,4018.96,4062.66,4016.88,2.55583085e+10,3.595399542e+11
2023-05-09,000300.XSHG,4065.44,4092.85,4026.39,4027.88,4062.66,2.79306048e+10,3.964221204e+11
2023-05-10,000300.XSHG,4017.94,4019.06,3984.63,3996.87,4027.88,2.07552709e+10,3.094848517e+11
2023-05-11,000300.XSHG,4005.78,4018.06,3988.48,3990.66,3996.87,1.44804619e+10,2.410520714e+11
2023-05-12,000300.XSHG,3987.77,3999.38,3937.53,3937.76,3990.66,1.44421728e+10,2.289929234e+11
2023-05-15,000300.XSHG,3938.83,3998.89,3923.03,3998.89,3937.76,1.76257362e+10,2.795311635e+11
2023-05-16,000300.XSHG,4002.52,4005.02,3966.99,3978.21,3998.89,1.36833271e+10,2.348406527e+11
2023-05-17,000300.XSHG,3971.7,3982.6,3945.71,3960.17,3978.21,1.18448185e+10,2.05195686e+11
2023-05-18,000300.XSHG,3965.52,3982.72,3939.55,3956.07,3960.17,1.36533947e+10,2.291341844e+11
2023-05-19,000300.XSHG,3946.22,3967.28,3928.32,3944.54,3956.07,1.20212479e+10,2.070949448e+11
2023-05-22,000300.XSHG,3941,3985.4,3935.8,3969.33,3944.54,1.09116605e+10,2.021855502e+11
2023-05-23,000300.XSHG,3968.23,3971.94,3913.19,3913.19,3969.33,1.18685077e+10,1.899558153e+11
2023-05-24,000300.XSHG,3903.78,3903.78,3859.09,3859.09,3913.19,1.37258265e+10,2.117684105e+11
2023-05-25,000300.XSHG,3851.41,3861.38,3817.84,3850.5,3859.09,1.2415077e+10,2.133136201e+11
2023-05-26,000300.XSHG,3848.42,3859.63,3815.57,3850.95,3850.5,1.00326439e+10,1.915378149e+11
2023-05-29,000300.XSHG,3862.08,3866.72,3819.18,3833.94,3850.95,1.31859967e+10,2.300956048e+11
2023-05-30,000300.XSHG,3827.79,3844.01,3789.27,3837.75,3833.94,1.37619629e+10,2.445662655e+11
2023-05-31,000300.XSHG,3827.16,3827.16,3781.4,3798.54,3837.75,1.26387368e+10,2.356061239e+11
2023-06-01,000300.XSHG,3788.59,3832.21,3786.73,3806.87,3798.54,1.34561881e+10,2.418295464e+11
2023-06-02,000300.XSHG,3821.62,3865.28,3821.62,3861.83,3806.87,1.2501511e+10,2.326965471e+11
2023-06-05,000300.XSHG,3860.56,3860.56,3832.46,3844.25,3861.83,1.16163989e+10,2.111443601e+11
2023-06-06,000300.XSHG,3840.46,3867.85,3802.84,3808.16,3844.25,1.25781258e+10,2.220917226e+11
2023-06-07,000300.XSHG,3815.48,3823.11,3780.1,3789.34,3808.16,9886243200,1.898797922e+11
2023-06-08,000300.XSHG,3791.08,3834.39,3777.78,3820.19,3789.34,1.18700934e+10,1.991193006e+11
2023-06-09,000300.XSHG,3822.41,3836.7,3811.22,3836.7,3820.19,1.34319863e+10,2.472960871e+11
2023-06-12,000300.XSHG,3827.33,3859.72,3813.86,3844.43,3836.7,1.26758543e+10,2.407912705e+11
2023-06-13,000300.XSHG,3838.13,3867.3,3833.46,3864.91,3844.43,1.10924946e+10,2.254352153e+11
2023-06-14,000300.XSHG,3872.72,3891.67,3862.06,3864.02,3864.91,1.24955759e+10,2.439325812e+11
2023-06-15,000300.XSHG,3871.77,3925.5,3871.77,3925.5,3864.02,1.28369938e+10,2.826359109e+11
2023-06-16,000300.XSHG,3932.21,3968.01,3928.54,3963.35,3925.5,1.39760076e+10,2.803747628e+11
2023-06-19,000300.XSHG,3957.03,3957.03,3922.47,3930.91,3963.35,1.34905848e+10,2.682130686e+11
2023-06-20,000300.XSHG,3926.09,3937.49,3918.47,3924.24,3930.91,1.22520318e+10,2.662740813e+11
2023-06-21,000300.XSHG,3909.1,3920.13,3864.03,3864.03,3924.24,1.18346575e+10,2.436307056e+11
2023-06-26,000300.XSHG,3833.44,3841.29,3801.05,3809.7,3864.03,1.33990419e+10,2.477138458e+11
2023-06-27,000300.XSHG,3811.69,3851.9,3806.32,3845.43,3809.7,1.16992681e+10,2.100977137e+11
2023-06-28,000300.XSHG,3836.61,3846.85,3808.16,3840.8,3845.43,1.07021541e+10,2.061879599e+11
2023-06-29,000300.XSHG,3836.73,3840.71,3817.38,3821.84,3840.8,9828927400,2.041100314e+11
2023-06-30,000300.XSHG,3816.33,3860.03,3813.55,3842.45,3821.84,1.01268429e+10,2.081462729e+11
2023-07-03,000300.XSHG,3853.29,3897.33,3853.29,3892.88,3842.45,1.33158051e+10,2.568765202e+11
2023-07-04,000300.XSHG,3888.03,3899.98,3878.4,3899.01,3892.88,1.09494527e+10,2.163356114e+11
2023-07-05,000300.XSHG,3895.19,3899.52,3864.13,3868.81,3899.01,9763638400,1.884002651e+11
2023-07-06,000300.XSHG,3857.03,3876.89,3836.46,3842.75,3868.81,1.00121842e+10,1.847424209e+11
2023-07-07,000300.XSHG,3831.6,3844.84,3819.08,3825.7,3842.75,1.0090692e+10,1.739185607e+11
2023-07-10,000300.XSHG,3841.56,3865.46,3831.92,3844.33,3825.7,9203344100,1.853608131e+11
2023-07-11,000300.XSHG,3853.8,3870.65,3844.52,3869.49,3844.33,8651071600,1.775856944e+11
2023-07-12,000300.XSHG,3864.6,3874.04,3838.56,3843.44,3869.49,1.11522024e+10,2.140465191e+11
2023-07-13,000300.XSHG,3855.66,3901.1,3855.66,3898.42,3843.44,1.20300232e+10,2.352787068e+11
2023-07-14,000300.XSHG,3904.6,3908.49,3893.79,3899.1,3898.42,1.22364846e+10,2.202304665e+11
2023-07-17,000300.XSHG,3881.62,3881.62,3852.26,3867.17,3899.1,9834014400,1.746235528e+11
2023-07-18,000300.XSHG,3871.04,3871.04,3844.51,3854.94,3867.17,9143861500,1.671043151e+11
2023-07-19,000300.XSHG,3848.48,3860.01,3830.41,3850.87,3854.94,7958570000,1.51311481e+11
2023-07-20,000300.XSHG,3857.77,3875.62,3818.71,3823.69,3850.87,9204207600,1.743208721e+11
2023-07-21,000300.XSHG,3816.98,3849.51,3808.8,3821.91,3823.69,7950756300,1.571442112e+11
2023-07-24,000300.XSHG,3803.35,3828.79,3798.8,3805.22,3821.91,7548354500,1.514483696e+11
2023-07-25,000300.XSHG,3866.64,3915.81,3866.64,3915.12,3805.22,1.6306632e+10,2.998535622e+11
2023-07-26,000300.XSHG,3908.17,3912.98,3893.4,3907.01,3915.12,1.07881717e+10,1.929126048e+11
2023-07-27,000300.XSHG,3914.23,3935.36,3894.69,3902.35,3907.01,1.10667109e+10,1.968454255e+11
2023-07-28,000300.XSHG,3889.79,4000.92,3886.55,3992.74,3902.35,1.79735481e+10,3.100924674e+11
2023-07-31,000300.XSHG,4018.89,4064.36,4002.08,4014.63,3992.74,1.9960683e+10,3.6654412e+11
2023-08-01,000300.XSHG,4009.18,4031.7,3983.03,3998,4014.63,1.42286859e+10,2.556207736e+11
2023-08-02,000300.XSHG,3985.7,4008.33,3958.51,3969.9,3998,1.2585569e+10,2.048756909e+11
2023-08-03,000300.XSHG,3962.13,4005,3962.13,4004.98,3969.9,1.2900664e+10,2.248098248e+11
2023-08-04,000300.XSHG,4033.72,4058.24,4011.62,4020.58,4004.98,1.78267189e+10,3.165297338e+11
2023-08-07,000300.XSHG,4002.97,4002.97,3977.02,3990.15,4020.58,1.21310662e+10,2.270905728e+11
2023-08-08,000300.XSHG,3980.04,4002.29,3963.46,3979.73,3990.15,1.09871699e+10,2.026113353e+11
2023-08-09,000300.XSHG,3967.36,3982.11,3961.84,3967.57,3979.73,9464026900,1.743942428e+11
2023-08-10,000300.XSHG,3962.86,3976.46,3945.39,3975.72,3967.57,9717684900,1.756467302e+11
2023-08-11,000300.XSHG,3977.98,3977.98,3884.25,3884.25,3975.72,1.26082931e+10,2.035463146e+11
2023-08-14,000300.XSHG,3840.89,3859.47,3814.07,3855.91,3884.25,1.15966336e+10,1.976237652e+11
2023-08-15,000300.XSHG,3858.37,3865.28,3811.68,3846.54,3855.91,1.03097111e+10,1.774370717e+11
2023-08-16,000300.XSHG,3830.83,3852.42,3817.63,3818.33,3846.54,9461694600,1.69323869e+11
2023-08-17,000300.XSHG,3801.2,3836.15,3782.5,3831.1,3818.33,9841549300,1.740938482e+11
2023-08-18,000300.XSHG,3832.46,3844.2,3784,3784,3831.1,9554963800,1.68445687e+11
2023-08-21,000300.XSHG,3773.23,3782.11,3729.56,3729.56,3784,9870836900,1.733799429e+11
2023-08-22,000300.XSHG,3748.07,3770.06,3704.68,3758.23,3729.56,1.20318327e+10,2.034638797e+11
2023-08-23,000300.XSHG,3751.77,3756.17,3695.03,3696.63,3758.23,9708163800,1.604762316e+11
2023-08-24,000300.XSHG,3711.54,3748.86,3701.57,3723.43,3696.63,1.19614521e+10,1.962573911e+11
2023-08-25,000300.XSHG,3703.51,3734.22,3695.84,3709.15,3723.43,1.0518261e+10,1.756014372e+11
2023-08-28,000300.XSHG,3911.55,3911.55,3740.53,3752.62,3709.15,1.97990379e+10,3.35047671e+11
2023-08-29,000300.XSHG,3743.05,3810.38,3742.08,3790.11,3752.62,1.52486146e+10,2.621349368e+11
2023-08-30,000300.XSHG,3803.12,3813.7,3780.24,3788.51,3790.11,1.29671661e+10,2.267274808e+11
2023-08-31,000300.XSHG,3786.93,3794,3762,3765.27,3788.51,1.18961646e+10,1.935770013e+11
2023-09-01,000300.XSHG,3778.91,3808.53,3778.91,3791.49,3765.27,1.05319045e+10,1.722191416e+11
2023-09-04,000300.XSHG,3812.99,3854.26,3804.59,3848.95,3791.49,1.42385201e+10,2.379347279e+11
2023-09-05,000300.XSHG,3839.58,3839.58,3814.33,3820.32,3848.95,1.04052333e+10,1.81377878e+11
2023-09-06,000300.XSHG,3808.1,3817.52,3790.89,3812.03,3820.32,9344239300,1.66081524e+11
2023-09-07,000300.XSHG,3802.23,3802.23,3756.85,3758.47,3812.03,9510390300,1.644057488e+11
2023-09-08,000300.XSHG,3747.65,3753.26,3724.99,3739.99,3758.47,7163816600,1.291976573e+11
2023-09-11,000300.XSHG,3740.58,3788.32,3734.72,3767.54,3739.99,1.05358016e+10,1.868717594e+11
2023-09-12,000300.XSHG,3764.33,3775.09,3755.42,3760.6,3767.54,7938537800,1.401175102e+11
2023-09-13,000300.XSHG,3759.61,3768.82,3719.11,3736.65,3760.6,8157690100,1.382380899e+11
2023-09-14,000300.XSHG,3736.94,3748.82,3717.31,3733.51,3736.65,1.00386075e+10,1.515781005e+11
2023-09-15,000300.XSHG,3740.79,3749.02,3699.38,3708.78,3733.51,1.09395689e+10,1.803989709e+11
2023-09-18,000300.XSHG,3698.93,3737.53,3691.11,3727.71,3708.78,8672774100,1.569669739e+11
2023-09-19,000300.XSHG,3723.42,3724.07,3702.69,3720.5,3727.71,8319903800,1.352168952e+11
2023-09-20,000300.XSHG,3715.96,3718.52,3705.13,3705.69,3720.5,7544820900,1.17691806e+11
2023-09-21,000300.XSHG,3698.31,3708.46,3672.44,3672.44,3705.69,8303100500,1.350117966e+11
2023-09-22,000300.XSHG,3672.64,3740.42,3664.77,3738.93,3672.44,1.10231166e+10,1.922364674e+11
2023-09-25,000300.XSHG,3738.06,3738.06,3711.2,3714.6,3738.93,9259647900,1.557938274e+11
2023-09-26,000300.XSHG,3711.71,3723.85,3692.62,3692.89,3714.6,7804452500,1.378084378e+11
2023-09-27,000300.XSHG,3694.96,3731.14,3694.39,3700.5,3692.89,9162921000,1.647904353e+11
2023-09-28,000300.XSHG,3711.21,3716.06,3685.3,3689.52,3700.5,8522171900,1.535004213e+11
2023-10-09,000300.XSHG,3678.93,3694.17,3642,3684.73,3689.52,1.02148058e+10,1.780723747e+11
2023-10-10,000300.XSHG,3696.25,3701.26,3655.59,3657.13,3684.73,9916373000,1.619389589e+11
2023-10-11,000300.XSHG,3674.75,3689.53,3658.36,3667.55,3657.13,1.02091587e+10,1.876675541e+11
2023-10-12,000300.XSHG,3697.93,3711.5,3682.84,3702.38,3667.55,1.14363225e+10,1.945982198e+11
2023-10-13,000300.XSHG,3677.96,3678.19,3652.31,3663.41,3702.38,9828798700,1.70152309e+11
2023-10-16,000300.XSHG,3664.04,3664.04,3615.77,3626.6,3663.41,9185311800,1.595379736e+11
2023-10-17,000300.XSHG,3635.3,3645.57,3619.13,3639.4,3626.6,9074518800,1.470562333e+11
2023-10-18,000300.XSHG,3631.07,3632.06,3608.98,3610.58,3639.4,9454587900,1.589823567e+11
2023-10-19,000300.XSHG,3588.52,3588.52,3532.31,3533.54,3610.58,1.1173752e+10,1.891947818e+11
2023-10-20,000300.XSHG,3518.35,3535.66,3501.73,3510.59,3533.54,9851860500,1.695912891e+11
2023-10-23,000300.XSHG,3500.2,3505.35,3450.65,3474.24,3510.59,9656165200,1.520548942e+11
2023-10-24,000300.XSHG,3481.76,3495,3453.1,3487.13,3474.24,1.15547289e+10,1.865292034e+11
2023-10-25,000300.XSHG,3524.3,3531.83,3500.92,3504.46,3487.13,1.28009617e+10,2.036917411e+11
2023-10-26,000300.XSHG,3484.78,3515.57,3478.05,3514.14,3504.46,1.05143566e+10,1.760884672e+11
2023-10-27,000300.XSHG,3501.17,3576.59,3494.55,3562.39,3514.14,1.20225108e+10,2.243019604e+11
2023-10-30,000300.XSHG,3554.11,3592.72,3554.02,3583.77,3562.39,1.44010426e+10,2.429733281e+11
2023-10-31,000300.XSHG,3581.68,3581.68,3554.58,3572.51,3583.77,1.12587267e+10,1.963176583e+11
2023-11-01,000300.XSHG,3605.76,3606.41,3564.64,3571.03,3572.51,9764553800,1.829435664e+11
2023-11-02,000300.XSHG,3580.07,3597.17,3553.74,3554.19,3571.03,9035964300,1.494650554e+11
2023-11-03,000300.XSHG,3558.53,3596.1,3558.53,3584.14,3554.19,9754210100,1.658659892e+11
2023-11-06,000300.XSHG,3608.32,3635.79,3600.63,3632.61,3584.14,1.52982463e+10,2.544659481e+11
2023-11-07,000300.XSHG,3623.78,3628.46,3606.3,3619.76,3632.61,1.10288591e+10,1.904336053e+11
2023-11-08,000300.XSHG,3610.64,3627.05,3591.82,3611.07,3619.76,1.1059423e+10,1.925943724e+11
2023-11-09,000300.XSHG,3603.11,3624.41,3601.37,3612.83,3611.07,1.11872057e+10,1.893552286e+11
2023-11-10,000300.XSHG,3596.07,3599.45,3576.1,3586.49,3612.83,1.02107034e+10,1.669246773e+11
2023-11-13,000300.XSHG,3593.91,3599.39,3562.77,3579.41,3586.49,9670764900,1.648212496e+11
2023-11-14,000300.XSHG,3581.1,3600.15,3568.88,3582.06,3579.41,1.00884158e+10,1.659351634e+11
2023-11-15,000300.XSHG,3616.88,3620.6,3596.92,3607.25,3582.06,1.04929218e+10,1.889321505e+11
2023-11-16,000300.XSHG,3600.98,3605.29,3572.36,3572.36,3607.25,8746478000,1.466292172e+11
2023-11-17,000300.XSHG,3561.31,3573.68,3547.03,3568.07,3572.36,8731920700,1.396218987e+11
2023-11-20,000300.XSHG,3569.73,3586.97,3545.1,3576.32,3568.07,9108044500,1.574496347e+11
2023-11-21,000300.XSHG,3587.88,3615.06,3575.68,3581.07,3576.32,1.08594314e+10,1.759221059e+11
2023-11-22,000300.XSHG,3569.44,3574.38,3544.42,3544.42,3581.07,8478438100,1.360411955e+11
2023-11-23,000300.XSHG,3541.44,3562.07,3529.94,3561.52,3544.42,8480016700,1.414998115e+11
2023-11-24,000300.XSHG,3560.65,3560.65,3534,3538.01,3561.52,8501840300,1.401019986e+11
2023-11-27,000300.XSHG,3534.44,3534.44,3492.86,3511.94,3538.01,9910231400,1.55975437e+11
2023-11-28,000300.XSHG,3510.66,3521.05,3501.11,3518.52,3511.94,8933578900,1.477405359e+11
2023-11-29,000300.XSHG,3518.88,3519.2,3482.24,3488.31,3518.52,9884141200,1.55948236e+11
2023-11-30,000300.XSHG,3485.52,3505.13,3481.45,3496.2,3488.31,1.0135082e+10,1.537901807e+11
2023-12-01,000300.XSHG,3494.22,3494.22,3452.17,3482.88,3496.2,1.08530941e+10,1.760783235e+11
2023-12-04,000300.XSHG,3481.04,3488.13,3459.61,3460.14,3482.88,9715682600,1.646643953e+11
2023-12-05,000300.XSHG,3450.09,3450.09,3393.81,3394.26,3460.14,1.00472007e+10,1.648406911e+11
2023-12-06,000300.XSHG,3387.88,3420.28,3382.95,3399.6,3394.26,1.05805519e+10,1.721429877e+11
2023-12-07,000300.XSHG,3394.31,3404.41,3369.77,3391.28,3399.6,9771324800,1.609499482e+11
2023-12-08,000300.XSHG,3391.86,3409.38,3383.45,3399.46,3391.28,1.29522054e+10,2.030342226e+11
2023-12-11,000300.XSHG,3378.05,3426.61,3346.89,3419.45,3399.46,1.39626249e+10,2.197611814e+11
2023-12-12,000300.XSHG,3410,3427.55,3406.1,3426.8,3419.45,1.05590013e+10,1.669799648e+11
2023-12-13,000300.XSHG,3418.64,3418.64,3369.61,3369.61,3426.8,9528536700,1.654559284e+11
2023-12-14,000300.XSHG,3387.38,3399.14,3350.76,3351.96,3369.61,8365513500,1.502457757e+11
2023-12-15,000300.XSHG,3365.94,3388.5,3339.52,3341.55,3351.96,9778778300,1.649070194e+11
2023-12-18,000300.XSHG,3329.19,3352.35,3314.91,3329.37,3341.55,9052682600,1.423033194e+11
2023-12-19,000300.XSHG,3325.66,3345.78,3313.19,3334.04,3329.37,8380811800,1.352936554e+11
2023-12-20,000300.XSHG,3334.33,3338.54,3297.37,3297.5,3334.04,9241286800,1.412905428e+11
2023-12-21,000300.XSHG,3285.6,3339.36,3283.99,3330.87,3297.5,1.02546198e+10,1.711207806e+11
2023-12-22,000300.XSHG,3329.47,3359.06,3315.9,3337.23,3330.87,1.05220133e+10,1.673363423e+11
2023-12-25,000300.XSHG,3330.33,3348.88,3330.33,3347.45,3337.23,7454269300,1.218383271e+11
2023-12-26,000300.XSHG,3345.4,3345.42,3315.94,3324.79,3347.45,7473293500,1.216899974e+11
2023-12-27,000300.XSHG,3326.93,3341.27,3309.67,3336.36,3324.79,9440392800,1.409249237e+11
2023-12-28,000300.XSHG,3335.56,3423.4,3331.21,3414.54,3336.36,1.48064851e+10,2.458556345e+11
2023-12-29,000300.XSHG,3411.11,3432.54,3409.58,3431.11,3414.54,1.14928932e+10,1.935731805e+11
2024-01-02,000300.XSHG,3426.27,3426.27,3386.35,3386.35,3431.11,1.16180726e+10,1.840960974e+11
2024-01-03,000300.XSHG,3379.75,3392.85,3362.66,3378.3,3386.35,1.05613851e+10,1.650990186e+11
2024-01-04,000300.XSHG,3375.02,3375.02,3323.86,3347.05,3378.3,1.06721013e+10,1.655122627e+11
2024-01-05,000300.XSHG,3341.31,3372.54,3313.55,3329.11,3347.05,1.26400574e+10,1.822516649e+11
2024-01-08,000300.XSHG,3322.61,3333.52,3283.34,3286.06,3329.11,1.17429485e+10,1.707616449e+11
2024-01-09,000300.XSHG,3286.71,3304.6,3273.84,3292.5,3286.06,1.09330465e+10,1.72276323e+11
2024-01-10,000300.XSHG,3281.67,3312.92,3268.25,3277.13,3292.5,9419936600,1.597776498e+11
2024-01-11,000300.XSHG,3275.31,3311.11,3266.79,3295.67,3277.13,1.08789735e+10,1.809785336e+11
2024-01-12,000300.XSHG,3284.36,3310.47,3279.7,3284.17,3295.67,9685355500,1.565360223e+11
2024-01-15,000300.XSHG,3270.1,3306.92,3261.27,3280.92,3284.17,8885153000,1.443317224e+11
2024-01-16,000300.XSHG,3272.57,3300.88,3260.44,3300.88,3280.92,1.13276665e+10,1.756505875e+11
2024-01-17,000300.XSHG,3291.14,3291.14,3229.08,3229.08,3300.88,1.08769728e+10,1.735163852e+11
2024-01-18,000300.XSHG,3214.28,3279.25,3171.63,3274.73,3229.08,1.74909168e+10,2.567845368e+11
2024-01-19,000300.XSHG,3261.24,3286.94,3251.81,3269.78,3274.73,1.18501408e+10,1.912618071e+11
2024-01-22,000300.XSHG,3262.47,3281.42,3193.18,3218.9,3269.78,1.48705628e+10,2.255100318e+11
2024-01-23,000300.XSHG,3208.43,3249.53,3188.13,3231.93,3218.9,1.22012e+10,1.937911686e+11
2024-01-24,000300.XSHG,3245.96,3281.49,3190.47,3277.11,3231.93,1.54371954e+10,2.190363416e+11
2024-01-25,000300.XSHG,3274.34,3344.24,3269.79,3342.92,3277.11,1.96833614e+10,2.65521115e+11
2024-01-26,000300.XSHG,3326.65,3351.97,3315.13,3333.82,3342.92,1.80664005e+10,2.381448995e+11
2024-01-29,000300.XSHG,3335.39,3351.37,3303.96,3303.96,3333.82,1.84164795e+10,2.446980136e+11
2024-01-30,000300.XSHG,3283.9,3300.2,3244.97,3245.04,3303.96,1.4364935e+10,1.995929299e+11
2024-01-31,000300.XSHG,3231.54,3252.15,3201.93,3215.35,3245.04,1.53143469e+10,2.153333499e+11
2024-02-01,000300.XSHG,3202.26,3251.76,3191.9,3217.71,3215.35,1.45516792e+10,2.038150632e+11
2024-02-02,000300.XSHG,3219.87,3235.41,3108.35,3179.63,3217.71,1.73758089e+10,2.344951516e+11
2024-02-05,000300.XSHG,3164.25,3233.85,3111.52,3200.42,3179.63,2.0304297e+10,2.797131415e+11
2024-02-06,000300.XSHG,3185.25,3314.51,3182.82,3311.69,3200.42,2.02713099e+10,2.850420209e+11
2024-02-07,000300.XSHG,3314.03,3343.63,3289.67,3343.63,3311.69,2.16647933e+10,2.979976646e+11
2024-02-08,000300.XSHG,3351.41,3367.21,3336.98,3364.93,3343.63,1.89977578e+10,2.702397652e+11
2024-02-19,000300.XSHG,3393.19,3403.81,3364.14,3403.81,3364.93,1.833198e+10,2.676741451e+11
2024-02-20,000300.XSHG,3395.19,3415.89,3380.1,3410.85,3403.81,1.40734581e+10,2.184592819e+11
2024-02-21,000300.XSHG,3390.36,3500.13,3383.69,3456.87,3410.85,1.88879362e+10,2.918235446e+11
2024-02-22,000300.XSHG,3450.35,3486.68,3448.41,3486.67,3456.87,1.41020784e+10,2.250981289e+11
2024-02-23,000300.XSHG,3491.34,3507.56,3472.97,3489.74,3486.67,1.44821273e+10,2.329260571e+11
2024-02-26,000300.XSHG,3485.54,3492.61,3445.39,3453.36,3489.74,1.51248331e+10,2.389516377e+11
2024-02-27,000300.XSHG,3440.05,3494.79,3437.44,3494.79,3453.36,1.39528246e+10,2.444887213e+11
2024-02-28,000300.XSHG,3499.83,3521.66,3450.26,3450.26,3494.79,1.89837548e+10,3.283005913e+11
2024-02-29,000300.XSHG,3437.9,3516.08,3437.9,3516.08,3450.26,1.55944532e+10,2.819718993e+11
2024-03-01,000300.XSHG,3515.06,3544.36,3503.46,3537.8,3516.08,1.6270957e+10,2.885756192e+11
2024-03-04,000300.XSHG,3538.37,3548.69,3519.76,3540.87,3537.8,1.63244613e+10,2.977199318e+11
2024-03-05,000300.XSHG,3524.96,3570.69,3519.08,3565.51,3540.87,1.66422389e+10,2.998959297e+11
2024-03-06,000300.XSHG,3556.53,3577.39,3545.1,3551.05,3565.51,1.43076613e+10,2.482941657e+11
2024-03-07,000300.XSHG,3548.1,3569.92,3522.9,3529.72,3551.05,1.4811051e+10,2.51839533e+11
2024-03-08,000300.XSHG,3529.55,3548.51,3511.58,3544.91,3529.72,1.25792664e+10,2.25379101e+11
2024-03-11,000300.XSHG,3545.94,3589.26,3542.28,3589.26,3544.91,1.48202825e+10,2.864185822e+11
2024-03-12,000300.XSHG,3592.58,3605.7,3574.21,3597.49,3589.26,1.8068556e+10,3.399970423e+11
2024-03-13,000300.XSHG,3594.42,3594.42,3563.37,3572.36,3597.49,1.4459059e+10,2.668987564e+11
2024-03-14,000300.XSHG,3571.79,3597.46,3545.61,3562.22,3572.36,1.40962722e+10,2.638036093e+11
2024-03-15,000300.XSHG,3554.91,3572.81,3533.68,3569.99,3562.22,1.38316044e+10,2.439915584e+11
2024-03-18,000300.XSHG,3577.06,3604.05,3573.4,3603.53,3569.99,1.60379438e+10,2.953148406e+11
2024-03-19,000300.XSHG,3593.34,3610.74,3577.19,3577.63,3603.53,1.45571786e+10,2.595534484e+11
2024-03-20,000300.XSHG,3568.72,3589.55,3568.43,3585.38,3577.63,1.29528966e+10,2.237521039e+11
2024-03-21,000300.XSHG,3593.07,3601.11,3575.03,3581.09,3585.38,1.30743377e+10,2.331624926e+11
2024-03-22,000300.XSHG,3571.27,3575.72,3522.84,3545,3581.09,1.39227358e+10,2.48850931e+11
2024-03-25,000300.XSHG,3536.71,3564.96,3525.76,3525.76,3545,1.37015724e+10,2.337472562e+11
2024-03-26,000300.XSHG,3526.68,3547.65,3518.6,3543.75,3525.76,1.26209535e+10,2.267307348e+11
2024-03-27,000300.XSHG,3538.72,3542.96,3502.79,3502.79,3543.75,1.28626763e+10,2.164047266e+11
2024-03-28,000300.XSHG,3498.48,3551.21,3489.39,3520.96,3502.79,1.43334717e+10,2.325308063e+11
2024-03-29,000300.XSHG,3516.88,3538.24,3516.88,3537.48,3520.96,1.2864329e+10,2.017493844e+11
2024-04-01,000300.XSHG,3551.58,3600.92,3551.58,3595.65,3537.48,1.62776561e+10,2.516372728e+11
2024-04-02,000300.XSHG,3593.22,3596.19,3568.75,3580.68,3595.65,1.41272972e+10,2.202075155e+11
2024-04-03,000300.XSHG,3578.68,3582.43,3558.87,3567.8,3580.68,1.35592331e+10,2.142228976e+11
2024-04-08,000300.XSHG,3553.56,3567.82,3535.77,3536.41,3567.8,1.55304283e+10,2.432492517e+11
2024-04-09,000300.XSHG,3533.38,3543.71,3518.86,3533.49,3536.41,1.29670942e+10,1.958935256e+11
2024-04-10,000300.XSHG,3528.97,3531.23,3490.05,3504.71,3533.49,1.28790274e+10,1.997547686e+11
2024-04-11,000300.XSHG,3485.03,3520.59,3484.93,3504.24,3504.71,1.26534395e+10,2.002934819e+11
2024-04-12,000300.XSHG,3505.75,3516.7,3470.06,3475.84,3504.24,1.28921116e+10,2.085662047e+11
2024-04-15,000300.XSHG,3473.5,3552.41,3473.5,3549.08,3475.84,1.8394125e+10,2.674724845e+11
2024-04-16,000300.XSHG,3533.36,3545.5,3503.62,3511.11,3549.08,1.76153065e+10,2.533159723e+11
2024-04-17,000300.XSHG,3509.13,3565.94,3498.03,3565.4,3511.11,1.68466398e+10,2.449878128e+11
2024-04-18,000300.XSHG,3550.56,3602.79,3547.6,3569.8,3565.4,1.78574105e+10,2.613299273e+11
2024-04-19,000300.XSHG,3550.61,3560.95,3529.32,3541.66,3569.8,1.47281505e+10,2.262295201e+11
2024-04-22,000300.XSHG,3536.18,3558.16,3528.02,3530.9,3541.66,1.50579042e+10,2.295111831e+11
2024-04-23,000300.XSHG,3525.67,3533.76,3499.98,3506.22,3530.9,1.43113504e+10,2.132572322e+11
2024-04-24,000300.XSHG,3514.01,3524.54,3495.65,3521.62,3506.22,1.21739851e+10,1.952999197e+11
2024-04-25,000300.XSHG,3510.64,3543.97,3505.2,3530.28,3521.62,1.15187722e+10,1.84524622e+11
2024-04-26,000300.XSHG,3531.96,3588.4,3531.96,3584.27,3530.28,1.97216133e+10,3.080450623e+11
2024-04-29,000300.XSHG,3584.54,3645.82,3578.76,3623.91,3584.27,2.22721381e+10,3.587097088e+11
2024-04-30,000300.XSHG,3619.26,3630.71,3604.39,3604.39,3623.91,1.91296899e+10,2.866741618e+11
2024-05-06,000300.XSHG,3654.05,3668.26,3645.74,3657.88,3604.39,2.08018007e+10,3.332704721e+11
2024-05-07,000300.XSHG,3657,3665.68,3648.38,3659.01,3657.88,1.64834286e+10,2.47368348e+11
2024-05-08,000300.XSHG,3650.75,3650.94,3628.7,3630.22,3659.01,1.30035336e+10,1.999234603e+11
2024-05-09,000300.XSHG,3630.41,3669.76,3630.41,3664.56,3630.22,1.46559017e+10,2.326949279e+11
2024-05-10,000300.XSHG,3669.09,3674.61,3641.76,3666.28,3664.56,1.50720536e+10,2.337305621e+11
2024-05-13,000300.XSHG,3646.35,3673.62,3634.6,3664.69,3666.28,1.57267455e+10,2.496884651e+11
2024-05-14,000300.XSHG,3668.23,3675.78,3646.71,3657.05,3664.69,1.3340649e+10,2.146435482e+11
2024-05-15,000300.XSHG,3651.05,3656.53,3624,3626.06,3657.05,1.23522764e+10,1.914809694e+11
2024-05-16,000300.XSHG,3636.6,3657.48,3626.33,3640.36,3626.06,1.54630503e+10,2.402889535e+11
2024-05-17,000300.XSHG,3638.56,3677.97,3627.45,3677.97,3640.36,1.64570417e+10,2.477295252e+11
2024-05-20,000300.XSHG,3682.06,3703.03,3677.44,3690.96,3677.97,1.84609423e+10,2.799713415e+11
2024-05-21,000300.XSHG,3682.29,3684.61,3665.15,3676.16,3690.96,1.30678283e+10,1.965753549e+11
2024-05-22,000300.XSHG,3675.65,3691.88,3667.09,3684.45,3676.16,1.51914605e+10,2.308393735e+11
2024-05-23,000300.XSHG,3672.84,3674.37,3633.51,3641.79,3684.45,1.4257299e+10,2.14205039e+11
2024-05-24,000300.XSHG,3630.83,3650.87,3599.67,3601.48,3641.79,1.24791177e+10,1.953447422e+11
2024-05-27,000300.XSHG,3606.65,3638.15,3603.71,3635.71,3601.48,1.31272644e+10,2.061437425e+11
2024-05-28,000300.XSHG,3633.25,3638.97,3605.92,3609.17,3635.71,1.23532238e+10,1.84381268e+11
2024-05-29,000300.XSHG,3609.07,3633.2,3602.82,3613.52,3609.17,1.15906321e+10,1.790728133e+11
2024-05-30,000300.XSHG,3607.05,3624.04,3586.75,3594.31,3613.52,1.22602995e+10,1.930696471e+11
2024-05-31,000300.XSHG,3599.82,3614.64,3579.92,3579.92,3594.31,1.12462019e+10,1.807076029e+11
2024-06-03,000300.XSHG,3577.38,3600.6,3567.87,3588.75,3579.92,1.41054591e+10,2.227569282e+11
2024-06-04,000300.XSHG,3583.81,3622.5,3580.28,3615.67,3588.75,1.24545096e+10,1.957909662e+11
2024-06-05,000300.XSHG,3610.36,3623.32,3594.11,3594.79,3615.67,1.10906766e+10,1.826395989e+11
2024-06-06,000300.XSHG,3602.16,3625.01,3584.17,3592.25,3594.79,1.37893517e+10,2.267640726e+11
2024-06-07,000300.XSHG,3594.63,3603.07,3552.09,3574.11,3592.25,1.31103026e+10,2.130015301e+11
2024-06-11,000300.XSHG,3555.82,3565.31,3525.89,3542.88,3574.11,1.34522306e+10,2.192823372e+11
2024-06-12,000300.XSHG,3539.09,3551.17,3531.57,3544.12,3542.88,1.22813729e+10,2.007226006e+11
2024-06-13,000300.XSHG,3548.22,3551.08,3520.18,3526.13,3544.12,1.23245462e+10,2.147923384e+11
2024-06-14,000300.XSHG,3514.8,3547.15,3503.52,3541.53,3526.13,1.71516942e+10,2.837688168e+11
2024-06-17,000300.XSHG,3521.44,3540.79,3520.74,3536.2,3541.53,1.37433438e+10,2.322938519e+11
2024-06-18,000300.XSHG,3533.49,3551.71,3532.78,3545.59,3536.2,1.23671838e+10,2.088241242e+11
2024-06-19,000300.XSHG,3543.36,3543.36,3524.84,3528.75,3545.59,1.06642797e+10,1.847902987e+11
2024-06-20,000300.XSHG,3525.17,3533.99,3500.13,3503.28,3528.75,1.11617396e+10,1.865157766e+11
2024-06-21,000300.XSHG,3496.34,3505.51,3473.83,3495.62,3503.28,1.09186615e+10,1.827367351e+11
2024-06-24,000300.XSHG,3473.64,3505.78,3471.22,3476.81,3495.62,1.17990184e+10,1.957875493e+11
2024-06-25,000300.XSHG,3475.16,3483.22,3440.65,3457.9,3476.81,1.18448118e+10,1.908863368e+11
2024-06-26,000300.XSHG,3451.54,3487.4,3442.3,3480.26,3457.9,1.05898861e+10,1.715381117e+11
2024-06-27,000300.XSHG,3467.29,3471.14,3452.58,3454.12,3480.26,1.14918101e+10,1.741125088e+11
2024-06-28,000300.XSHG,3443.67,3484.68,3443.67,3461.66,3454.12,1.35409153e+10,2.051188068e+11
2024-07-01,000300.XSHG,3458.26,3479.95,3443.81,3478.18,3461.66,1.2182977e+10,1.880182278e+11
2024-07-02,000300.XSHG,3472.45,3488.32,3464.52,3471.79,3478.18,1.21650121e+10,1.861047524e+11
2024-07-03,000300.XSHG,3471.56,3478.7,3454.99,3463.41,3471.79,1.03857108e+10,1.630353594e+11
2024-07-04,000300.XSHG,3468.3,3483.31,3444.93,3445.81,3463.41,1.04429909e+10,1.594771536e+11
2024-07-05,000300.XSHG,3443.36,3451.04,3399.67,3431.06,3445.81,1.16609659e+10,1.814165674e+11
2024-07-08,000300.XSHG,3420.8,3428.04,3395.91,3401.76,3431.06,1.15528218e+10,1.775597658e+11
2024-07-09,000300.XSHG,3396.8,3448.93,3384.81,3439.81,3401.76,1.31629443e+10,2.150488378e+11
2024-07-10,000300.XSHG,3425.88,3447.51,3423.65,3428.97,3439.81,1.27203456e+10,1.981494768e+11
2024-07-11,000300.XSHG,3451.04,3473.98,3438.12,3468.17,3428.97,1.45892466e+10,2.375512985e+11
2024-07-12,000300.XSHG,3459.96,3479.1,3457.36,3472.4,3468.17,1.30874589e+10,2.050555539e+11
2024-07-15,000300.XSHG,3462.61,3481.46,3460.79,3476.25,3472.4,1.18517083e+10,1.715849154e+11
2024-07-16,000300.XSHG,3466.85,3500.29,3464.37,3498.28,3476.25,1.20659017e+10,2.004562851e+11
2024-07-17,000300.XSHG,3494.21,3514.48,3486.22,3501.58,3498.28,1.31802062e+10,2.228308025e+11
2024-07-18,000300.XSHG,3483.3,3522.8,3475.72,3520.93,3501.58,1.23768199e+10,2.157837957e+11
2024-07-19,000300.XSHG,3500.81,3545.34,3493.07,3539.02,3520.93,1.32447975e+10,2.280651041e+11
2024-07-22,000300.XSHG,3538.4,3540.19,3494.01,3514.92,3539.02,1.32126337e+10,2.174573204e+11
2024-07-23,000300.XSHG,3509.79,3509.79,3439.88,3439.88,3514.92,1.2889766e+10,2.028575602e+11
2024-07-24,000300.XSHG,3432.35,3451.42,3408.41,3418.17,3439.88,1.27036263e+10,1.848844998e+11
2024-07-25,000300.XSHG,3404.61,3415.86,3383.8,3399.27,3418.17,1.31022242e+10,1.901314648e+11
2024-07-26,000300.XSHG,3403.71,3420.82,3388.66,3409.29,3399.27,1.24195558e+10,1.878533295e+11
2024-07-29,000300.XSHG,3404.37,3408.5,3388.84,3390.74,3409.29,1.09787786e+10,1.666971038e+11
2024-07-30,000300.XSHG,3380.69,3380.69,3352.8,3369.38,3390.74,1.04952164e+10,1.654428245e+11
2024-07-31,000300.XSHG,3364.03,3445,3364.03,3442.08,3369.38,1.71959177e+10,2.582491473e+11
2024-08-01,000300.XSHG,3443.14,3448.34,3419.19,3419.27,3442.08,1.36323464e+10,2.060380025e+11
2024-08-02,000300.XSHG,3393.92,3419.1,3380.96,3384.39,3419.27,1.16615255e+10,1.796711924e+11
2024-08-05,000300.XSHG,3362.11,3409.03,3343.32,3343.32,3384.39,1.42812516e+10,2.236312666e+11
2024-08-06,000300.XSHG,3367.35,3376.8,3318.63,3342.98,3343.32,1.19340279e+10,1.817246938e+11
2024-08-07,000300.XSHG,3338.59,3362.38,3329.97,3341.49,3342.98,9508437700,1.450789753e+11
2024-08-08,000300.XSHG,3332.43,3364.79,3320.84,3342.94,3341.49,9249569500,1.494829262e+11
2024-08-09,000300.XSHG,3358.13,3366.67,3331.63,3331.63,3342.94,9151162600,1.428521666e+11
2024-08-12,000300.XSHG,3327.56,3338.08,3319.89,3325.86,3331.63,7993875400,1.175448927e+11
2024-08-13,000300.XSHG,3328.01,3335.01,3310.19,3334.39,3325.86,8448967900,1.252591553e+11
2024-08-14,000300.XSHG,3332.79,3332.79,3309.1,3309.24,3334.39,7874240700,1.18181952e+11
2024-08-15,000300.XSHG,3301.45,3356.76,3297.97,3341.95,3309.24,1.04766399e+10,1.492493354e+11
2024-08-16,000300.XSHG,3342.03,3356.91,3335.62,3345.63,3341.95,9651908300,1.358853231e+11
2024-08-19,000300.XSHG,3344.26,3375.96,3343.71,3356.97,3345.63,1.0557111e+10,1.434216713e+11
2024-08-20,000300.XSHG,3361.64,3362.33,3321.64,3332.7,3356.97,1.01668331e+10,1.379105851e+11
2024-08-21,000300.XSHG,3322.91,3339.44,3307.99,3321.64,3332.7,8995475100,1.300059926e+11
2024-08-22,000300.XSHG,3322.87,3327.7,3305.25,3313.14,3321.64,1.00366504e+10,1.477027916e+11
2024-08-23,000300.XSHG,3305.93,3336.24,3305.64,3327.19,3313.14,8952577400,1.326808865e+11
2024-08-26,000300.XSHG,3330.72,3336.53,3311.57,3324.22,3327.19,9399077200,1.39070604e+11
2024-08-27,000300.XSHG,3315.69,3320.57,3299.56,3305.33,3324.22,9580815700,1.297559629e+11
2024-08-28,000300.XSHG,3298.91,3305.35,3274.59,3286.5,3305.33,9269665000,1.35982311e+11
2024-08-29,000300.XSHG,3273.54,3290.79,3269.53,3277.68,3286.5,1.30702333e+10,1.743401064e+11
2024-08-30,000300.XSHG,3273.75,3351.63,3273.65,3321.43,3277.68,1.88695443e+10,2.683760412e+11
2024-09-02,000300.XSHG,3307.54,3307.76,3264.76,3265.01,3321.43,1.47612353e+10,1.944099963e+11
2024-09-03,000300.XSHG,3261.74,3281.59,3261.19,3273.43,3265.01,1.22897306e+10,1.550894885e+11
2024-09-04,000300.XSHG,3253.9,3272.99,3249.98,3252.16,3273.43,1.04832482e+10,1.400700631e+11
2024-09-05,000300.XSHG,3252.96,3266.88,3247.17,3257.76,3252.16,9710945000,1.346181989e+11
2024-09-06,000300.XSHG,3261.15,3274.81,3231.07,3231.35,3257.76,8840041700,1.215415459e+11
2024-09-09,000300.XSHG,3214.8,3222.93,3180.93,3192.95,3231.35,1.08673069e+10,1.465160545e+11
2024-09-10,000300.XSHG,3193.46,3205.1,3171.79,3195.76,3192.95,9729007800,1.336104761e+11
2024-09-11,000300.XSHG,3187.05,3197.34,3174.03,3186.13,3195.76,1.0248211e+10,1.415138371e+11
2024-09-12,000300.XSHG,3189.43,3201.55,3171.88,3172.47,3186.13,9286865700,1.363872446e+11
2024-09-13,000300.XSHG,3174.03,3188.91,3159.25,3159.25,3172.47,8833667700,1.374489114e+11
2024-09-18,000300.XSHG,3158.82,3179.9,3145.79,3171.01,3159.25,8472281400,1.23452148e+11
2024-09-19,000300.XSHG,3178.4,3213.84,3149.79,3196.04,3171.01,1.25439272e+10,1.817851097e+11
2024-09-20,000300.XSHG,3192.43,3207.99,3173.22,3201.05,3196.04,1.18064098e+10,1.63985055e+11
2024-09-23,000300.XSHG,3200.87,3230.16,3198.02,3212.76,3201.05,9534485500,1.438761669e+11
2024-09-24,000300.XSHG,3244.65,3351.97,3222.49,3351.91,3212.76,2.04072217e+10,3.078795268e+11
2024-09-25,000300.XSHG,3403.7,3465.49,3393.44,3401.53,3351.91,2.41564255e+10,3.568625849e+11
2024-09-26,000300.XSHG,3399.32,3545.32,3391.68,3545.32,3401.53,2.4313401e+10,3.73983643e+11
2024-09-27,000300.XSHG,3617.92,3708.5,3596.58,3703.68,3545.32,2.65487774e+10,4.666927575e+11
2024-09-30,000300.XSHG,3846.65,4038.7,3796.5,4017.85,3703.68,5.10217707e+10,8.625288074e+11
2024-10-08,000300.XSHG,4450.37,4450.37,4094.35,4256.1,4017.85,5.89867894e+10,1.130387437e+12
2024-10-09,000300.XSHG,4168.84,4197.6,3942.51,3955.98,4256.1,4.82269295e+10,1.029032062e+12
2024-10-10,000300.XSHG,3979.61,4098.5,3912.77,3997.79,3955.98,3.95053099e+10,7.179522175e+11
2024-10-11,000300.XSHG,3969.76,3978.24,3847.12,3887.17,3997.79,2.74096505e+10,4.849982673e+11
2024-10-14,000300.XSHG,3915.22,3979.54,3868.78,3961.34,3887.17,3.07578993e+10,5.340766022e+11
2024-10-15,000300.XSHG,3942.53,3967.87,3855.99,3855.99,3961.34,2.42486448e+10,4.344109167e+11
2024-10-16,000300.XSHG,3806.14,3877.75,3805.09,3831.59,3855.99,2.18866407e+10,3.773013244e+11
2024-10-17,000300.XSHG,3853.84,3882.07,3787.75,3788.22,3831.59,2.1231382e+10,3.691705216e+11
2024-10-18,000300.XSHG,3780.31,3998.21,3765.16,3925.23,3788.22,3.12958834e+10,6.206737019e+11
2024-10-21,000300.XSHG,3946.9,3979.26,3896.17,3935.2,3925.23,2.91185634e+10,6.001095989e+11
2024-10-22,000300.XSHG,3923.74,3965.91,3917.52,3957.78,3935.2,2.23433396e+10,4.428818468e+11
2024-10-23,000300.XSHG,3955.32,4012.18,3939.1,3973.21,3957.78,2.45873949e+10,4.691208063e+11
2024-10-24,000300.XSHG,3950.9,3957.98,3914.09,3928.83,3973.21,1.74724062e+10,3.404868845e+11
2024-10-25,000300.XSHG,3931.32,3992.89,3921.94,3956.42,3928.83,2.10694885e+10,4.122313784e+11
2024-10-28,000300.XSHG,3953.11,3964.16,3917.2,3964.16,3956.42,2.16160415e+10,3.904501823e+11
2024-10-29,000300.XSHG,3970.01,3991.31,3921.58,3924.65,3964.16,2.17293984e+10,4.296250204e+11
2024-10-30,000300.XSHG,3904.16,3926.06,3864.31,3889.45,3924.65,2.19436626e+10,3.850105822e+11
2024-10-31,000300.XSHG,3888.42,3923.9,3859.11,3891.04,3889.45,3.00636718e+10,5.155338189e+11
2024-11-01,000300.XSHG,3882.46,3933.22,3879.96,3890.02,3891.04,3.07986481e+10,4.76472952e+11
2024-11-04,000300.XSHG,3897.71,3944.76,3891.21,3944.76,3890.02,2.2923906e+10,3.810486061e+11
2024-11-05,000300.XSHG,3937.62,4046.7,3925.41,4044.57,3944.76,3.16862794e+10,5.809718527e+11
2024-11-06,000300.XSHG,4051.29,4091.7,4002.5,4024.28,4044.57,3.35807938e+10,6.391240939e+11
2024-11-07,000300.XSHG,3987.27,4146.15,3984.67,4145.7,4024.28,3.41436414e+10,6.581459209e+11
2024-11-08,000300.XSHG,4192.08,4200.91,4094.16,4104.05,4145.7,3.32350385e+10,6.884465598e+11
2024-11-11,000300.XSHG,4066.93,4132.51,4048.04,4131.13,4104.05,2.89594227e+10,6.256059359e+11
2024-11-12,000300.XSHG,4133.35,4181.71,4060.79,4085.74,4131.13,2.97778086e+10,6.603805248e+11
2024-11-13,000300.XSHG,4059.59,4121.07,4059.59,4110.89,4085.74,2.40484099e+10,5.127343031e+11
2024-11-14,000300.XSHG,4101.22,4118.17,4034.94,4039.62,4110.89,2.30152784e+10,4.641575608e+11
2024-11-15,000300.XSHG,4025.65,4049.07,3968.83,3968.83,4039.62,2.47399463e+10,4.740796866e+11
2024-11-18,000300.XSHG,3982.1,4034.06,3931.19,3950.38,3968.83,3.06777946e+10,4.724080548e+11
2024-11-19,000300.XSHG,3954.6,3979.15,3896.75,3976.89,3950.38,2.42946465e+10,4.026109703e+11
2024-11-20,000300.XSHG,3966.12,4001.08,3958.34,3985.77,3976.89,1.84599372e+10,3.475776931e+11
2024-11-21,000300.XSHG,3979.46,3999.57,3966.07,3989.3,3985.77,1.66125927e+10,3.242350108e+11
2024-11-22,000300.XSHG,3984.24,3990.26,3865.7,3865.7,3989.3,2.16285809e+10,3.975668318e+11
2024-11-25,000300.XSHG,3875.61,3889.71,3812.32,3848.09,3865.7,1.90702953e+10,3.490067732e+11
2024-11-26,000300.XSHG,3836.26,3875.23,3833.28,3840.18,3848.09,1.49892441e+10,2.644032548e+11
2024-11-27,000300.XSHG,3829.3442,3907.164,3817.9125,3907.0447,3840.1847,1.74136096e+10,3.206323555e+11
2024-11-28,000300.XSHG,3904.2525,3908.3918,3866.0136,3872.5505,3907.0447,1.50117291e+10,2.864328712e+11
2024-11-29,000300.XSHG,3869.8903,3962.7002,3869.8903,3916.5832,3872.5505,1.87656713e+10,3.752620179e+11
2024-12-02,000300.XSHG,3909.7029,3955.1252,3902.1697,3947.632,3916.5832,1.97289784e+10,3.68591236e+11
2024-12-03,000300.XSHG,3946.7034,3963.9474,3922.8425,3951.8912,3947.632,1.82496867e+10,3.272950487e+11
2024-12-04,000300.XSHG,3948.13,3957.365,3917.7467,3930.5568,3951.8912,1.74626318e+10,3.120404191e+11
2024-12-05,000300.XSHG,3916.5638,3936.3358,3910.0834,3921.5881,3930.5568,1.38534038e+10,2.57716298e+11
2024-12-06,000300.XSHG,3923.8954,3995.1168,3923.8954,3973.1405,3921.5881,1.92057907e+10,3.517517354e+11
2024-12-09,000300.XSHG,3970.6628,3995.5116,3948.4206,3966.5708,3973.1405,1.75959958e+10,3.082272167e+11
2024-12-10,000300.XSHG,4094.05,4098.3804,3988.9676,3995.6369,3966.5708,2.53463795e+10,4.872780428e+11
2024-12-11,000300.XSHG,3988.0179,4005.3253,3977.3522,3988.8308,3995.6369,1.77252846e+10,3.107133179e+11
2024-12-12,000300.XSHG,3987.1525,4031.7441,3981.3485,4028.5048,3988.8308,1.81621777e+10,3.336675184e+11
2024-12-13,000300.XSHG,4000.9854,4000.9854,3931.7392,3933.1808,4028.5048,2.30353079e+10,4.214786093e+11
2024-12-16,000300.XSHG,3930.7807,3938.7595,3901.6465,3911.8416,3933.1808,1.78511251e+10,3.276190816e+11
2024-12-17,000300.XSHG,3908.1263,3955.945,3908.1263,3922.0334,3911.8416,1.6093909e+10,3.060373708e+11
2024-12-18,000300.XSHG,3934.5425,3956.1441,3933.9693,3941.89,3922.0334,1.57738321e+10,2.768253812e+11
2024-12-19,000300.XSHG,3911.8901,3954.3491,3899.7479,3945.4635,3941.89,1.6108104e+10,3.217716069e+11
2024-12-20,000300.XSHG,3937.4722,3958.6336,3923.2562,3927.7441,3945.4635,1.54986496e+10,3.321432764e+11
2024-12-23,000300.XSHG,3928.1493,3965.8502,3928.1493,3933.5718,3927.7441,1.90067362e+10,3.540634252e+11
2024-12-24,000300.XSHG,3934.9422,3985.8588,3934.7338,3983.6882,3933.5718,1.61494589e+10,3.103848733e+11
2024-12-25,000300.XSHG,3987.9557,4007.7626,3969.4766,3985.6291,3983.6882,1.59390747e+10,2.992951458e+11
2024-12-26,000300.XSHG,3981.7317,3991.5331,3965.5461,3987.4801,3985.6291,1.43425286e+10,3.057699294e+11
2024-12-27,000300.XSHG,3987.0189,4007.1314,3970.9365,3981.0307,3987.4801,1.69268666e+10,3.450110752e+11
2024-12-30,000300.XSHG,3976.7004,4005.778,3976.7004,3999.0549,3981.0307,1.64612485e+10,3.226993902e+11
2024-12-31,000300.XSHG,3995.8705,4004.3462,3934.9109,3934.9109,3999.0549,1.83928397e+10,3.478804395e+11
2025-01-02,000300.XSHG,3931.8155,3934.2034,3796.3389,3820.3952,3934.9109,2.17898724e+10,3.886365866e+11
2025-01-03,000300.XSHG,3825.2426,3835.9353,3767.6653,3775.1648,3820.3952,1.75342676e+10,3.043227554e+11
2025-01-06,000300.XSHG,3775.9902,3788.8489,3743.0727,3768.9697,3775.1648,1.5094667e+10,2.628035411e+11
2025-01-07,000300.XSHG,3760.866,3797.602,3749.0581,3796.1055,3768.9697,1.46455779e+10,2.668557953e+11
2025-01-08,000300.XSHG,3781.261,3810.7355,3731.1887,3789.2153,3796.1055,1.69166968e+10,3.009657254e+11
2025-01-09,000300.XSHG,3780.7341,3795.2608,3768.681,3779.8773,3789.2153,1.29794002e+10,2.514860028e+11
2025-01-10,000300.XSHG,3778.8928,3786.8069,3732.4806,3732.4806,3779.8773,1.37523171e+10,2.753542091e+11
2025-01-13,000300.XSHG,3704.4442,3737.8852,3704.1073,3722.513,3732.4806,1.36446199e+10,2.478619532e+11
2025-01-14,000300.XSHG,3728.5561,3826.6399,3718.8768,3820.5395,3722.513,1.70664657e+10,3.454614801e+11
2025-01-15,000300.XSHG,3810.0353,3816.8284,3790.1655,3796.026,3820.5395,1.4147552e+10,2.788505955e+11
2025-01-16,000300.XSHG,3812.1935,3842.947,3776.2861,3800.3836,3796.026,1.44505871e+10,3.057346308e+11
2025-01-17,000300.XSHG,3788.3729,3831.6404,3780.2133,3812.3429,3800.3836,1.26621961e+10,2.654374896e+11
2025-01-20,000300.XSHG,3835.3042,3858.6677,3821.9815,3829.6764,3812.3429,1.39581277e+10,2.921754491e+11
2025-01-21,000300.XSHG,3850.3563,3850.9106,3817.1214,3832.6145,3829.6764,1.41218406e+10,2.850733517e+11
2025-01-22,000300.XSHG,3823.9447,3823.9447,3783.1438,3797.0166,3832.6145,1.37255062e+10,2.987456376e+11
2025-01-23,000300.XSHG,3829.0462,3864.2585,3801.8531,3803.7439,3797.0166,1.80569551e+10,3.451980711e+11
2025-01-24,000300.XSHG,3793.8498,3847.6003,3793.4836,3832.8637,3803.7439,1.48971722e+10,2.964743755e+11
2025-01-27,000300.XSHG,3836.9578,3851.9969,3817.0802,3817.0802,3832.8637,1.46670772e+10,2.829401275e+11
2025-02-05,000300.XSHG,3844.6998,3844.6998,3785.162,3795.0848,3817.0802,1.57168308e+10,3.46016202e+11
2025-02-06,000300.XSHG,3789.6086,3843.4942,3788.3196,3842.8314,3795.0848,1.67288176e+10,3.718919711e+11
2025-02-07,000300.XSHG,3844.0574,3919.3499,3833.8685,3892.7028,3842.8314,2.21857707e+10,4.873815571e+11
2025-02-10,000300.XSHG,3898.1023,3906.3678,3878.8314,3901.0618,3892.7028,1.8890304e+10,3.849683429e+11
2025-02-11,000300.XSHG,3905.1594,3905.1594,3872.9087,3883.1352,3901.0618,1.66574909e+10,3.378660561e+11
2025-02-12,000300.XSHG,3875.9596,3920.7229,3867.3538,3919.8617,3883.1352,1.6422854e+10,3.548305963e+11
2025-02-13,000300.XSHG,3913.9044,3939.1978,3904.9845,3905.1398,3919.8617,1.72485874e+10,3.764734533e+11
2025-02-14,000300.XSHG,3900.8274,3942.0356,3900.8274,3939.0085,3905.1398,1.72976452e+10,3.609742369e+11
2025-02-17,000300.XSHG,3954.4147,3955.8959,3921.7017,3947.3983,3939.0085,2.13588246e+10,4.309295756e+11
2025-02-18,000300.XSHG,3942.5761,3965.4232,3901.8675,3912.7829,3947.3983,2.09425101e+10,4.001862299e+11
2025-02-19,000300.XSHG,3906.2201,3943.6742,3904.1455,3940.1602,3912.7829,1.82829517e+10,3.636803726e+11
2025-02-20,000300.XSHG,3934.6503,3940.678,3916.1772,3928.8959,3940.1602,1.63895236e+10,3.259724294e+11
2025-02-21,000300.XSHG,3938.0518,3981.048,3927.7874,3978.444,3928.8959,2.2740033e+10,5.046454936e+11
2025-02-24,000300.XSHG,3972.4831,3995.9456,3949.2309,3969.7169,3978.444,2.20810618e+10,4.550887497e+11
2025-02-25,000300.XSHG,3933.636,3955.4336,3915.6527,3925.6505,3969.7169,1.7810858e+10,3.779814513e+11
2025-02-26,000300.XSHG,3931.842,3960.3298,3925.3664,3959.9413,3925.6505,1.91062501e+10,3.864581938e+11
2025-02-27,000300.XSHG,3961.0635,3973.9323,3933.4611,3968.1159,3959.9413,2.02887963e+10,4.282727927e+11
2025-02-28,000300.XSHG,3950.1866,3972.4813,3886.3994,3890.0487,3968.1159,1.98104147e+10,4.203080435e+11
2025-03-03,000300.XSHG,3899.6962,3930.0048,3872.5872,3888.4738,3890.0487,1.77623166e+10,3.56057735e+11
2025-03-04,000300.XSHG,3865.9939,3890.4235,3855.7254,3885.2208,3888.4738,1.49850967e+10,2.977392468e+11
2025-03-05,000300.XSHG,3887.7992,3906.4214,3877.0188,3902.5706,3885.2208,1.58652751e+10,2.908604845e+11
2025-03-06,000300.XSHG,3923.3827,3964.4942,3917.0833,3956.2369,3902.5706,1.93960915e+10,3.974194276e+11
2025-03-07,000300.XSHG,3944.9145,3967.0743,3935.0464,3944.0143,3956.2369,1.66732375e+10,3.406267003e+11
2025-03-10,000300.XSHG,3945.5795,3949.1448,3905.127,3928.8018,3944.0143,1.52765232e+10,2.925749875e+11
2025-03-11,000300.XSHG,3890.4305,3941.4157,3889.4298,3941.4157,3928.8018,1.44754402e+10,2.874804531e+11
2025-03-12,000300.XSHG,3946.8623,3953.6125,3921.4736,3927.2315,3941.4157,1.5673219e+10,3.096272674e+11
2025-03-13,000300.XSHG,3925.7439,3939.2854,3897.3758,3911.5793,3927.2315,1.56536443e+10,2.951731126e+11
2025-03-14,000300.XSHG,3919.6159,4014.1586,3919.6159,4006.5567,3911.5793,2.16139003e+10,4.508952788e+11
2025-03-17,000300.XSHG,4020.6402,4021.7278,3992.2563,3996.7876,4006.5567,1.62202911e+10,3.189044174e+11
2025-03-18,000300.XSHG,4011.7794,4016.873,3995.9602,4007.7229,3996.7876,1.40208496e+10,2.927393195e+11
2025-03-19,000300.XSHG,4004.8251,4025.299,3989.512,4010.168,4007.7229,1.44419428e+10,2.860753008e+11
2025-03-20,000300.XSHG,4011.0588,4012.0416,3969.9259,3974.9918,4010.168,1.3375467e+10,2.600206768e+11
2025-03-21,000300.XSHG,3966.5146,3983.1476,3904.7674,3914.6956,3974.9918,1.65905294e+10,3.093486139e+11
2025-03-24,000300.XSHG,3916.1136,3938.1826,3907.1999,3934.8486,3914.6956,1.52234674e+10,2.660514426e+11
2025-03-25,000300.XSHG,3937.8975,3946.3574,3921.5287,3932.2951,3934.8486,1.40475399e+10,2.39246311e+11
2025-03-26,000300.XSHG,3930.2073,3942.026,3916.8607,3919.3566,3932.2951,1.31164187e+10,2.209431645e+11
2025-03-27,000300.XSHG,3911.3841,3952.9852,3903.652,3932.4117,3919.3566,1.26793738e+10,2.321736138e+11
2025-03-28,000300.XSHG,3930.7763,3934.2336,3907.384,3915.1662,3932.4117,1.26356214e+10,2.133791943e+11
2025-03-31,000300.XSHG,3905.9815,3928.4482,3872.403,3887.3056,3915.1662,1.66798523e+10,2.684803166e+11
2025-04-01,000300.XSHG,3892.7794,3905.2622,3882.4045,3887.6841,3887.3056,1.40380274e+10,2.460416747e+11
2025-04-02,000300.XSHG,3884.4181,3900.4949,3877.1599,3884.3858,3887.6841,1.13043175e+10,1.982675153e+11
2025-04-03,000300.XSHG,3843.4177,3883.7025,3843.4177,3861.5034,3884.3858,1.42599789e+10,2.636846815e+11
2025-04-07,000300.XSHG,3675.2017,3707.7771,3514.1165,3589.4406,3861.5034,3.12578586e+10,5.129717877e+11
2025-04-08,000300.XSHG,3597.9859,3650.759,3583.8746,3650.759,3589.4406,2.80197312e+10,4.640210878e+11
2025-04-09,000300.XSHG,3606.1036,3686.7943,3587.3368,3686.7943,3650.759,2.62305708e+10,4.550310693e+11
2025-04-10,000300.XSHG,3749.1262,3756.1386,3708.8194,3735.1151,3686.7943,2.27252227e+10,4.038425649e+11
2025-04-11,000300.XSHG,3730.3148,3762.3653,3708.4617,3750.5167,3735.1151,1.68759691e+10,3.185351419e+11
2025-04-14,000300.XSHG,3772.0407,3776.6344,3754.033,3759.1422,3750.5167,1.64462403e+10,2.92571297e+11
2025-04-15,000300.XSHG,3756.4788,3764.486,3737.8495,3761.2348,3759.1422,1.3400604e+10,2.286046214e+11
2025-04-16,000300.XSHG,3757.8757,3775.1661,3721.6025,3772.8204,3761.2348,1.56359006e+10,2.617110948e+11
2025-04-17,000300.XSHG,3755.0862,3779.1253,3749.504,3772.2221,3772.8204,1.22371002e+10,2.090123231e+11
2025-04-18,000300.XSHG,3760.0425,3782.0443,3754.4072,3772.523,3772.2221,1.02948509e+10,1.731093841e+11
2025-04-21,000300.XSHG,3768.1421,3790.1782,3763.1383,3784.8806,3772.523,1.2135573e+10,2.080856774e+11
2025-04-22,000300.XSHG,3780.1122,3799.2295,3778.0791,3783.9522,3784.8806,1.25688257e+10,2.102006988e+11
2025-04-23,000300.XSHG,3803.4295,3807.9536,3780.5183,3786.8824,3783.9522,1.3198687e+10,2.471173861e+11
2025-04-24,000300.XSHG,3787.459,3807.2599,3775.207,3784.3574,3786.8824,1.1716456e+10,2.054830514e+11
2025-04-25,000300.XSHG,3792.0838,3801.5765,3780.7772,3786.9937,3784.3574,1.24591133e+10,2.205350526e+11
2025-04-28,000300.XSHG,3786.3867,3792.0082,3772.8029,3781.6188,3786.9937,1.25145091e+10,2.106353185e+11
2025-04-29,000300.XSHG,3776.0025,3785.3157,3768.0311,3775.0767,3781.6188,1.11514694e+10,1.974627444e+11
2025-04-30,000300.XSHG,3775.8306,3787.5639,3768.7573,3770.5705,3775.0767,1.43681658e+10,2.448204622e+11
2025-05-06,000300.XSHG,3794.3757,3809.0939,3782.777,3808.5424,3770.5705,1.58520459e+10,2.679370908e+11
2025-05-07,000300.XSHG,3861.5767,3863.6776,3814.9868,3831.627,3808.5424,1.61172299e+10,2.860107355e+11
2025-05-08,000300.XSHG,3820.5481,3867.3313,3816.2642,3852.8963,3831.627,1.24959833e+10,2.469872806e+11
2025-05-09,000300.XSHG,3848.6187,3853.6632,3836.5349,3846.1566,3852.8963,1.19389526e+10,2.166979397e+11
2025-05-12,000300.XSHG,3866.5305,3890.7342,3859.0346,3890.6096,3846.1566,1.5333246e+10,2.961229478e+11
2025-05-13,000300.XSHG,3915.5924,3915.5924,3890.6855,3896.2583,3890.6096,1.47320299e+10,2.675863977e+11
2025-05-14,000300.XSHG,3894.8386,3960.5228,3890.6504,3943.2108,3896.2583,1.72033779e+10,3.194652269e+11
2025-05-15,000300.XSHG,3934.0273,3936.4653,3904.9068,3907.1992,3943.2108,1.38081749e+10,2.414649436e+11
2025-05-16,000300.XSHG,3898.6662,3903.8528,3874.8619,3889.0854,3907.1992,1.18405345e+10,2.08835664e+11
2025-05-19,000300.XSHG,3882.5677,3885.5889,3866.5695,3877.1453,3889.0854,9864341400,1.848881706e+11
2025-05-20,000300.XSHG,3883.1024,3911.4737,3881.7436,3898.1705,3877.1453,1.04885234e+10,2.016367025e+11
2025-05-21,000300.XSHG,3899.4365,3928.6339,3899.4365,3916.3807,3898.1705,1.09791343e+10,2.170377394e+11
2025-05-22,000300.XSHG,3912.6007,3923.0195,3903.0898,3913.8651,3916.3807,1.07597052e+10,1.975114103e+11
2025-05-23,000300.XSHG,3910.3739,3931.5514,3882.2741,3882.2741,3913.8651,1.20277419e+10,2.329453783e+11
2025-05-26,000300.XSHG,3875.7891,3884.537,3849.0384,3860.1067,3882.2741,1.09601207e+10,2.088767921e+11
2025-05-27,000300.XSHG,3857.6271,3865.4291,3834.8455,3839.3969,3860.1067,9857242500,1.784667635e+11
2025-05-28,000300.XSHG,3843.0747,3849.736,3833.9582,3836.2366,3839.3969,8903102600,1.624963727e+11
2025-05-29,000300.XSHG,3838.0092,3869.7909,3831.4577,3858.6998,3836.2366,1.08471886e+10,2.094596025e+11
2025-05-30,000300.XSHG,3850.493,3858.6128,3829.2542,3840.2323,3858.6998,1.11672228e+10,1.993897511e+11
2025-06-03,000300.XSHG,3833.4584,3863.2952,3832.7202,3852.0127,3840.2323,1.3140309e+10,2.267827721e+11
2025-06-04,000300.XSHG,3855.4878,3875.8569,3855.4878,3868.7429,3852.0127,1.16803873e+10,2.117361782e+11
2025-06-05,000300.XSHG,3872.6373,3883.1345,3861.272,3877.5557,3868.7429,1.22878184e+10,2.317492753e+11
2025-06-06,000300.XSHG,3878.1027,3889.4557,3869.3871,3873.9841,3877.5557,1.10987971e+10,2.020347363e+11
2025-06-09,000300.XSHG,3877.7977,3894.6517,3871.9917,3885.2459,3873.9841,1.36306293e+10,2.620236685e+11
2025-06-10,000300.XSHG,3887.5512,3897.4573,3850.4663,3865.4652,3885.2459,1.45563859e+10,2.636475518e+11
2025-06-11,000300.XSHG,3870.6719,3911.6107,3870.6719,3894.6252,3865.4652,1.42414772e+10,2.572177044e+11
2025-06-12,000300.XSHG,3885.5196,3900.0408,3870.3838,3892.1992,3894.6252,1.33998697e+10,2.602395815e+11
2025-06-13,000300.XSHG,3881.4923,3889.1602,3853.8186,3864.1822,3892.1992,1.72539536e+10,3.091723462e+11
2025-06-16,000300.XSHG,3853.6193,3876.1704,3853.6193,3873.7951,3864.1822,1.37341835e+10,2.468609829e+11
2025-06-17,000300.XSHG,3875.1768,3880.4156,3860.409,3870.3786,3873.7951,1.22342526e+10,2.203998189e+11
2025-06-18,000300.XSHG,3871.6502,3881.346,3854.6575,3874.9708,3870.3786,1.27528621e+10,2.305538583e+11
2025-06-19,000300.XSHG,3870.049,3872.9425,3834.9512,3843.0912,3874.9708,1.30280658e+10,2.348401808e+11
2025-06-20,000300.XSHG,3839.7833,3856.4799,3839.7833,3846.6443,3843.0912,1.1815102e+10,2.135228229e+11
2025-06-23,000300.XSHG,3831.1703,3867.5896,3827.0829,3857.9016,3846.6443,1.33800892e+10,2.324822159e+11
2025-06-24,000300.XSHG,3862.3876,3914.1579,3862.3876,3904.0342,3857.9016,1.63656188e+10,2.942287206e+11
2025-06-25,000300.XSHG,3907.0682,3963.0371,3902.1771,3960.0662,3904.0342,1.87213671e+10,3.617272546e+11
2025-06-26,000300.XSHG,3953.1603,3964.482,3945.2589,3946.0195,3960.0662,1.65316263e+10,3.281028475e+11
2025-06-27,000300.XSHG,3949.7879,3969.2626,3918.2041,3921.7578,3946.0195,1.94557913e+10,3.434682298e+11
2025-06-30,000300.XSHG,3920.3149,3940.3611,3911.6044,3936.0791,3921.7578,1.45170236e+10,2.888214349e+11
2025-07-01,000300.XSHG,3935.9078,3946.2451,3924.7219,3942.762,3936.0791,1.28959362e+10,2.360703384e+11
2025-07-02,000300.XSHG,3943.3232,3952.1378,3929.6956,3943.6849,3942.762,1.47063062e+10,2.466378475e+11
2025-07-03,000300.XSHG,3949.3998,3971.616,3945.138,3968.0676,3943.6849,1.41004006e+10,2.696095695e+11
2025-07-04,000300.XSHG,3967.4637,4013.8478,3958.3762,3982.2034,3968.0676,1.57197133e+10,2.905129922e+11
2025-07-07,000300.XSHG,3977.2881,3979.7481,3956.5663,3965.1746,3982.2034,1.31135273e+10,2.251069929e+11
2025-07-08,000300.XSHG,3965.426,4002.269,3965.426,3998.4527,3965.1746,1.56402895e+10,2.920898342e+11
2025-07-09,000300.XSHG,3997.5044,4016.7434,3987.4267,3991.4006,3998.4527,1.73293796e+10,3.053987966e+11
2025-07-10,000300.XSHG,3993.4196,4032.9829,3992.5242,4010.0243,3991.4006,2.09778904e+10,3.478367036e+11
2025-07-11,000300.XSHG,4011.4652,4065.9419,4010.1052,4014.807,4010.0243,2.62052773e+10,4.437807949e+11
2025-07-14,000300.XSHG,4021.2135,4034.9198,4017.6678,4017.6678,4014.807,2.07917175e+10,3.214159452e+11
2025-07-15,000300.XSHG,4023.9896,4042.6574,3994.2628,4019.0644,4017.6678,1.91042931e+10,3.535245744e+11
2025-07-16,000300.XSHG,4019.3925,4027.8567,3993.9209,4007.2019,4019.0644,1.51027308e+10,3.006567957e+11
2025-07-17,000300.XSHG,4005.067,4034.5935,4005.067,4034.491,4007.2019,1.61249041e+10,3.255168657e+11
2025-07-18,000300.XSHG,4039.8712,4064.6378,4039.3181,4058.5486,4034.491,1.86211063e+10,3.542444446e+11
2025-07-21,000300.XSHG,4069.7685,4086.1171,4063.4427,4085.6072,4058.5486,2.23268476e+10,3.779385649e+11
2025-07-22,000300.XSHG,4087.3354,4119.2021,4068.3383,4118.9582,4085.6072,2.57596985e+10,4.508740145e+11
2025-07-23,000300.XSHG,4129.1476,4155.6783,4113.9085,4119.7685,4118.9582,3.00506154e+10,4.703308994e+11
2025-07-24,000300.XSHG,4116.8312,4152.4265,4111.8849,4149.0368,4119.7685,3.19632392e+10,4.870000439e+11
2025-07-25,000300.XSHG,4145.3195,4150.4994,4117.8005,4127.1634,4149.0368,2.73594963e+10,4.304455135e+11
2025-07-28,000300.XSHG,4128.1993,4146.12,4112.9677,4135.8242,4127.1634,2.22759815e+10,4.06792874e+11
2025-07-29,000300.XSHG,4132.6833,4153.3307,4117.5772,4152.0247,4135.8242,2.3080788e+10,4.28764311e+11
2025-07-30,000300.XSHG,4148.9405,4185.2064,4127.4301,4151.2379,4152.0247,2.49853048e+10,4.451684677e+11
2025-07-31,000300.XSHG,4141.5612,4141.8243,4063.6662,4075.5912,4151.2379,2.67087406e+10,4.921425717e+11
2025-08-01,000300.XSHG,4069.9254,4085.3543,4040.462,4054.9286,4075.5912,1.96221826e+10,3.596851642e+11
2025-08-04,000300.XSHG,4037.9378,4070.7023,4037.9378,4070.7023,4054.9286,1.62275902e+10,2.959768266e+11
2025-08-05,000300.XSHG,4080.3877,4106.2969,4075.5836,4103.45,4070.7023,1.78851999e+10,3.069342558e+11
2025-08-06,000300.XSHG,4100.4283,4116.7085,4098.3544,4113.4852,4103.45,1.76676155e+10,3.076746261e+11
2025-08-07,000300.XSHG,4120.2822,4129.7382,4094.8214,4114.666,4113.4852,1.98641902e+10,3.58108367e+11
2025-08-08,000300.XSHG,4109.2734,4122.2104,4097.4157,4104.9669,4114.666,1.73171201e+10,3.085076876e+11
2025-08-11,000300.XSHG,4110.2939,4134.2462,4103.605,4122.5106,4104.9669,1.90443716e+10,3.606858262e+11
2025-08-12,000300.XSHG,4123.5762,4153.2948,4121.2243,4143.8252,4122.5106,1.77287823e+10,3.830884233e+11
2025-08-13,000300.XSHG,4150.5037,4186.748,4147.1991,4176.5776,4143.8252,2.13934999e+10,4.627767455e+11
2025-08-14,000300.XSHG,4179.965,4220.3109,4165.9376,4173.3131,4176.5776,2.21103595e+10,4.850756426e+11
2025-08-15,000300.XSHG,4162.4205,4214.7291,4157.495,4202.3533,4173.3131,2.61327566e+10,5.186868735e+11
2025-08-18,000300.XSHG,4218.2471,4272.9602,4203.4191,4239.4125,4202.3533,3.01479102e+10,6.353658672e+11
2025-08-19,000300.XSHG,4241.7651,4264.2303,4215.2075,4223.3741,4239.4125,2.50818771e+10,5.535362033e+11
2025-08-20,000300.XSHG,4208.4005,4272.1463,4190.5559,4271.3958,4223.3741,2.46481773e+10,5.388153061e+11
2025-08-21,000300.XSHG,4284.3712,4308.4472,4273.6523,4288.0707,4271.3958,2.59030014e+10,5.58521269e+11
2025-08-22,000300.XSHG,4287.3633,4378.3881,4287.3633,4377.9977,4288.0707,2.90434897e+10,6.759350754e+11
2025-08-25,000300.XSHG,4416.2924,4472.6525,4404.7761,4469.2217,4377.9977,3.58090006e+10,8.236819645e+11
2025-08-26,000300.XSHG,4453.3526,4476.803,4435.5275,4452.5905,4469.2217,2.70621395e+10,6.279504502e+11
2025-08-27,000300.XSHG,4458.8399,4494.9126,4386.1266,4386.1266,4452.5905,3.33133898e+10,7.85098483e+11
2025-08-28,000300.XSHG,4378.0351,4464.8028,4364.171,4463.782,4386.1266,2.96834536e+10,7.394236022e+11
2025-08-29,000300.XSHG,4455.8034,4516.8395,4452.3632,4496.7591,4463.782,3.51938947e+10,8.311940662e+11
2025-09-01,000300.XSHG,4516.8787,4528.1342,4487.5304,4523.7111,4496.7591,3.20366708e+10,7.703782881e+11
2025-09-02,000300.XSHG,4521.9828,4548.8937,4454.4169,4490.4528,4523.7111,3.03932566e+10,7.77999298e+11
2025-09-03,000300.XSHG,4501.3388,4510.7303,4427.5176,4459.8296,4490.4528,2.54320217e+10,6.556971167e+11
2025-09-04,000300.XSHG,4461.2503,4465.4967,4327.5068,4365.2085,4459.8296,3.07934609e+10,7.73124597e+11
2025-09-05,000300.XSHG,4365.6083,4466.5603,4350.2974,4460.3249,4365.2085,2.49625657e+10,6.641669709e+11
2025-09-08,000300.XSHG,4467.1693,4482.763,4438.0698,4467.5733,4460.3249,2.67638382e+10,6.836308798e+11
2025-09-09,000300.XSHG,4448.739,4472.093,4412.6914,4436.2584,4467.5733,2.2137546e+10,5.62861104e+11
2025-09-10,000300.XSHG,4438.2998,4466.6325,4414.5937,4445.3649,4436.2584,2.03597646e+10,5.355393495e+11
2025-09-11,000300.XSHG,4438.839,4548.0345,4427.9242,4548.0345,4445.3649,2.53264051e+10,6.931566714e+11
2025-09-12,000300.XSHG,4544.5905,4564.6665,4517.7897,4521.998,4548.0345,2.66442003e+10,6.895760757e+11
2025-09-15,000300.XSHG,4534.8866,4566.9053,4522.4958,4533.0557,4521.998,2.31885678e+10,6.133146524e+11
2025-09-16,000300.XSHG,4539.9217,4552.419,4494.7875,4523.3367,4533.0557,2.49269206e+10,6.137283348e+11
2025-09-17,000300.XSHG,4517.2855,4556.0296,4503.7959,4551.023,4523.3367,2.35716472e+10,6.084542005e+11
2025-09-18,000300.XSHG,4546.0319,4573.8331,4454.9886,4498.109,4551.023,3.09859826e+10,8.399871274e+11
2025-09-19,000300.XSHG,4499.0906,4533.0919,4491.8437,4501.9195,4498.109,2.25044e+10,6.038870598e+11
2025-09-22,000300.XSHG,4512.0251,4523.8695,4487.1299,4522.608,4501.9195,1.96459956e+10,5.631491643e+11
2025-09-23,000300.XSHG,4536.7569,4560.7319,4459.7281,4519.7781,4522.608,2.52827062e+10,6.805136307e+11
2025-09-24,000300.XSHG,4495.2659,4567.4948,4494.1133,4566.0708,4519.7781,2.20482608e+10,6.291614955e+11
2025-09-25,000300.XSHG,4563.9827,4613.9486,4558.8424,4593.4875,4566.0708,2.29823333e+10,6.698669866e+11
2025-09-26,000300.XSHG,4576.9142,4597.8472,4550.0487,4550.0487,4593.4875,2.08482114e+10,5.987239032e+11
2025-09-29,000300.XSHG,4555.0342,4647.5691,4541.4252,4620.0528,4550.0487,2.74358877e+10,6.933952312e+11
2025-09-30,000300.XSHG,4629.8987,4647.5031,4616.2243,4640.6935,4620.0528,2.47980359e+10,6.646241019e+11
2025-10-09,000300.XSHG,4662.1133,4726.3449,4651.9895,4709.482,4640.6935,3.47678696e+10,8.622080059e+11
2025-10-10,000300.XSHG,4679.4983,4692.5858,4600.9646,4616.8341,4709.482,3.19020899e+10,7.927430473e+11
2025-10-13,000300.XSHG,4490.8661,4601.8072,4490.8661,4593.9785,4616.8341,3.15010354e+10,7.140016344e+11
2025-10-14,000300.XSHG,4634.0543,4641.4492,4520.9258,4539.0644,4593.9785,3.7295403e+10,8.089590032e+11
2025-10-15,000300.XSHG,4544.2431,4608.8239,4526.834,4606.2879,4539.0644,2.84771855e+10,6.073263453e+11
2025-10-16,000300.XSHG,4588.9206,4645.0959,4586.2801,4618.4218,4606.2879,2.48235518e+10,5.605671917e+11
2025-10-17,000300.XSHG,4610.6967,4618.5621,4509.3289,4514.2345,4618.4218,2.56905617e+10,5.590859652e+11
2025-10-20,000300.XSHG,4558.2421,4570.4376,4520.5024,4538.2201,4514.2345,2.18420405e+10,5.057988337e+11
2025-10-21,000300.XSHG,4556.1224,4615.463,4547.9283,4607.8715,4538.2201,2.15711175e+10,5.513902532e+11
2025-10-22,000300.XSHG,4576.0277,4603.4884,4567.2361,4592.57,4607.8715,1.8533396e+10,4.409353027e+11
2025-10-23,000300.XSHG,4578.7018,4611.3409,4541.6944,4606.3447,4592.57,2.00463917e+10,4.208002088e+11
2025-10-24,000300.XSHG,4622.7873,4660.6835,4622.7873,4660.6835,4606.3447,2.08814483e+10,5.519866486e+11
2025-10-27,000300.XSHG,4699.3819,4720.4288,4687.6876,4716.0186,4660.6835,2.62200674e+10,6.726703725e+11
2025-10-28,000300.XSHG,4697.7277,4734.3218,4679.2288,4691.973,4716.0186,2.20906645e+10,5.715632571e+11
2025-10-29,000300.XSHG,4701.0362,4747.8378,4697.268,4747.8378,4691.973,2.46211324e+10,6.458986888e+11
2025-10-30,000300.XSHG,4735.9807,4761.8339,4706.452,4709.911,4747.8378,2.73289118e+10,7.199562854e+11
2025-10-31,000300.XSHG,4702.4946,4706.1395,4640.6676,4640.6676,4709.911,2.8146474e+10,6.807122515e+11
2025-11-03,000300.XSHG,4636.7323,4653.4028,4595.7339,4653.4028,4640.6676,2.39869809e+10,5.576029411e+11
2025-11-04,000300.XSHG,4649.3481,4665.323,4595.066,4618.699,4653.4028,2.33224032e+10,5.05177701e+11
2025-11-05,000300.XSHG,4562.1117,4642.6101,4558.7647,4627.257,4618.699,2.03045871e+10,4.683611614e+11
2025-11-06,000300.XSHG,4642.0112,4698.0935,4642.0112,4693.4032,4627.257,2.24241008e+10,5.536417809e+11
2025-11-07,000300.XSHG,4673.7616,4701.3743,4666.0405,4678.7944,4693.4032,2.12497377e+10,5.075738495e+11
2025-11-10,000300.XSHG,4688.124,4695.1794,4654.2103,4695.0507,4678.7944,2.36026764e+10,5.939771276e+11
2025-11-11,000300.XSHG,4706.3374,4707.1275,4648.4896,4652.1655,4695.0507,1.86638858e+10,4.776290764e+11
2025-11-12,000300.XSHG,4643.5592,4669.6073,4620.9897,4645.9079,4652.1655,2.09460592e+10,4.923088664e+11
2025-11-13,000300.XSHG,4643.7862,4703.4897,4643.7862,4702.0738,4645.9079,2.07367474e+10,5.100606782e+11
2025-11-14,000300.XSHG,4663.3175,4684.2578,4628.0242,4628.1398,4702.0738,1.92092676e+10,4.447204336e+11
2025-11-17,000300.XSHG,4616.8058,4624.8976,4580.2613,4598.0525,4628.1398,1.88955466e+10,4.389400975e+11
2025-11-18,000300.XSHG,4584.7896,4606.6167,4552.8038,4568.1928,4598.0525,1.77713185e+10,4.201501265e+11
2025-11-19,000300.XSHG,4568.0365,4607.8627,4568.0365,4588.2922,4568.1928,1.72924974e+10,3.85230482e+11
2025-11-20,000300.XSHG,4619.5401,4620.6529,4560.1814,4564.9483,4588.2922,1.94562593e+10,4.150648177e+11
2025-11-21,000300.XSHG,4513.3858,4527.0436,4453.1819,4453.6076,4564.9483,2.22851013e+10,4.812958145e+11
2025-11-24,000300.XSHG,4473.1563,4478.8081,4421.8123,4448.0478,4453.6076,1.85833729e+10,4.258074695e+11
2025-11-25,000300.XSHG,4475.8359,4510.7729,4467.3529,4490.4047,4448.0478,1.69571929e+10,4.11523797e+11
2025-11-26,000300.XSHG,4490.2021,4538.1361,4485.6984,4517.6255,4490.4047,1.56200368e+10,4.273613777e+11
2025-11-27,000300.XSHG,4520.014,4559.2183,4509.8635,4515.4027,4517.6255,1.50311772e+10,4.177898436e+11
2025-11-28,000300.XSHG,4511.4972,4531.7219,4492.4256,4526.6616,4515.4027,1.42902096e+10,3.41832318e+11
2025-12-01,000300.XSHG,4539.1877,4576.9654,4531.2917,4576.4856,4526.6616,2.00382317e+10,4.638615873e+11
2025-12-02,000300.XSHG,4571.9098,4575.4945,4539.4312,4554.3347,4576.4856,1.48493132e+10,3.643664265e+11
2025-12-03,000300.XSHG,4554.5894,4569.821,4523.5017,4531.0486,4554.3347,1.6976279e+10,3.744861689e+11
2025-12-04,000300.XSHG,4533.6004,4557.4228,4514.1878,4546.5664,4531.0486,1.4719811e+10,3.487673992e+11
2025-12-05,000300.XSHG,4547.9056,4593.8279,4535.0195,4584.5368,4546.5664,1.96799968e+10,4.121468065e+11
2025-12-08,000300.XSHG,4593.1399,4640.6256,4592.7414,4621.7545,4584.5368,1.9962099e+10,4.967161961e+11
2025-12-09,000300.XSHG,4611.379,4628.7049,4584.254,4598.2232,4621.7545,1.84160344e+10,4.521138846e+11
2025-12-10,000300.XSHG,4586.254,4598.5366,4549.0798,4591.8273,4598.2232,1.69111106e+10,4.014527815e+11
2025-12-11,000300.XSHG,4597.1901,4610.2787,4547.1372,4552.1848,4591.8273,1.68419405e+10,4.324310935e+11
2025-12-12,000300.XSHG,4558.7375,4583.6753,4530.7841,4580.95,4552.1848,2.1282652e+10,5.238632217e+11
2025-12-15,000300.XSHG,4550.0028,4595.0463,4548.4382,4552.0596,4580.95,1.67589967e+10,4.243833898e+11
2025-12-16,000300.XSHG,4542.4226,4553.0806,4484.27,4497.5545,4552.0596,1.65165201e+10,3.905001343e+11
2025-12-17,000300.XSHG,4499.7729,4594.6556,4498.9304,4579.875,4497.5545,1.7842483e+10,4.525047411e+11
2025-12-18,000300.XSHG,4553.9788,4571.9683,4544.1416,4552.7926,4579.875,1.51681328e+10,3.821023957e+11
2025-12-19,000300.XSHG,4561.3729,4591.0931,4546.8465,4568.1781,4552.7926,1.5487622e+10,3.715771443e+11
2025-12-22,000300.XSHG,4587.6683,4615.8721,4587.6683,4611.6235,4568.1781,1.65252856e+10,4.482405995e+11
2025-12-23,000300.XSHG,4616.026,4644.5347,4607.7992,4620.7341,4611.6235,1.69256412e+10,4.33141326e+11
2025-12-24,000300.XSHG,4623.6831,4639.4278,4602.1444,4634.0586,4620.7341,1.53711241e+10,4.063756407e+11
2025-12-25,000300.XSHG,4629.3195,4651.1535,4621.9208,4642.5357,4634.0586,1.39434186e+10,3.853560608e+11
2025-12-26,000300.XSHG,4639.7895,4676.131,4635.1052,4657.24,4642.5357,1.75396565e+10,4.604269343e+11
2025-12-29,000300.XSHG,4658.2654,4672.0352,4629.0567,4639.3721,4657.24,2.00397133e+10,4.826135365e+11
2025-12-30,000300.XSHG,4617.3163,4664.3305,4616.6323,4651.2818,4639.3721,1.80374974e+10,4.57185489e+11
2025-12-31,000300.XSHG,4656.48,4667.0467,4622.0988,4629.9395,4651.2818,1.70760224e+10,4.444915457e+11
2026-01-05,000300.XSHG,4661.616,4721.6378,4661.616,4717.7457,4629.9395,2.34144839e+10,6.305773513e+11
2026-01-06,000300.XSHG,4719.2088,4790.6938,4718.0099,4790.6938,4717.7457,2.96970686e+10,7.254145669e+11
2026-01-07,000300.XSHG,4796.9335,4802.6028,4751.0713,4776.6658,4790.6938,2.59095564e+10,6.648979294e+11
2026-01-08,000300.XSHG,4761.0105,4765.4863,4717.0091,4737.6536,4776.6658,2.38804957e+10,6.30655638e+11
2026-01-09,000300.XSHG,4725.9571,4771.4276,4719.134,4758.9221,4737.6536,2.54688038e+10,6.687888111e+11
2026-01-12,000300.XSHG,4769.6501,4795.9327,4737.5702,4789.9155,4758.9221,2.94833165e+10,7.999540824e+11
2026-01-13,000300.XSHG,4798.0488,4836.9549,4745.5154,4761.0324,4789.9155,3.01449497e+10,8.010549796e+11
2026-01-14,000300.XSHG,4767.6956,4818.1008,4720.246,4741.9306,4761.0324,3.64951023e+10,8.913342192e+11
2026-01-15,000300.XSHG,4721.7966,4769.5478,4720.9368,4751.4293,4741.9306,2.54003636e+10,6.740586836e+11
2026-01-16,000300.XSHG,4778.4302,4792.5514,4715.3646,4731.8728,4751.4293,3.25278929e+10,7.856241661e+11
2026-01-19,000300.XSHG,4720.1945,4761.6317,4715.0867,4734.4556,4731.8728,2.67612492e+10,6.551492562e+11
2026-01-20,000300.XSHG,4736.9096,4748.2297,4684.9684,4718.8782,4734.4556,2.82719579e+10,6.719606854e+11
2026-01-21,000300.XSHG,4714.5541,4758.2793,4714.2366,4723.0692,4718.8782,2.66353332e+10,6.653305112e+11
2026-01-22,000300.XSHG,4741.7548,4757.7637,4700.4482,4723.7091,4723.0692,2.74199932e+10,6.902352482e+11
2026-01-23,000300.XSHG,4729.585,4734.7942,4684.6172,4702.4966,4723.7091,3.14635445e+10,7.556177355e+11
2026-01-26,000300.XSHG,4715.3753,4754.1777,4693.1577,4706.964,4702.4966,3.63004481e+10,7.968329703e+11
2026-01-27,000300.XSHG,4705.1744,4736.9857,4675.6409,4705.6918,4706.964,3.01475697e+10,7.152679148e+11
2026-01-28,000300.XSHG,4725.6014,4739.6257,4697.9063,4717.9914,4705.6918,3.82255602e+10,8.294140671e+11
2026-01-29,000300.XSHG,4733.0879,4770.9599,4696.0536,4753.8697,4717.9914,4.15513055e+10,9.179661603e+11
2026-01-30,000300.XSHG,4723.081,4738.8711,4645.4706,4706.3401,4753.8697,3.19786531e+10,7.505648852e+11
2026-02-02,000300.XSHG,4674.2759,4716.6069,4601.7603,4605.9799,4706.3401,3.047735e+10,7.259203813e+11
2026-02-03,000300.XSHG,4648.3574,4662.1264,4578.2087,4660.1074,4605.9799,2.65549405e+10,6.666268428e+11
2026-02-04,000300.XSHG,4647.9671,4701.4768,4641.8424,4698.6832,4660.1074,2.64881032e+10,6.360185899e+11
2026-02-05,000300.XSHG,4664.7478,4687.0213,4639.43,4670.4188,4698.6832,2.37856351e+10,5.504331672e+11
2026-02-06,000300.XSHG,4622.9747,4678.2618,4606.6379,4643.5959,4670.4188,2.02716477e+10,5.057598062e+11
2026-02-09,000300.XSHG,4693.6715,4719.9642,4679.9037,4719.0559,4643.5959,2.07251938e+10,5.227572672e+11
2026-02-10,000300.XSHG,4718.2552,4732.0871,4713.8684,4724.2956,4719.0559,1.87000958e+10,4.50339579e+11
2026-02-11,000300.XSHG,4715.6697,4723.7043,4703.6873,4713.8185,4724.2956,1.73391681e+10,4.334286134e+11
2026-02-12,000300.XSHG,4720.0085,4726.0426,4707.7359,4719.578,4713.8185,1.97841439e+10,4.904738523e+11
2026-02-13,000300.XSHG,4693.4106,4703.6332,4658.4038,4660.4056,4719.578,1.89167756e+10,4.528785941e+11
2026-02-24,000300.XSHG,4727.2961,4727.373,4698.3488,4707.544,4660.4056,2.1848889e+10,5.260842356e+11
2026-02-25,000300.XSHG,4713.5754,4766.5587,4713.3438,4735.8858,4707.544,2.84268354e+10,5.969038726e+11
2026-02-26,000300.XSHG,4741.3896,4742.1476,4706.6943,4726.8739,4735.8858,2.34847644e+10,5.998489154e+11
2026-02-27,000300.XSHG,4698.3,4721.0141,4692.891,4710.6469,4726.8739,2.61420865e+10,5.788209925e+11
2026-03-02,000300.XSHG,4681.0141,4735.4055,4667.2752,4728.6688,4710.6469,3.49260752e+10,7.526819378e+11
2026-03-03,000300.XSHG,4737.3164,4744.5987,4651.4047,4655.8962,4728.6688,3.70624272e+10,8.016592438e+11
2026-03-04,000300.XSHG,4609.1918,4639.4204,4575.8249,4602.6247,4655.8962,3.03035666e+10,6.089231286e+11
2026-03-05,000300.XSHG,4651.9415,4671.5268,4630.3024,4647.6921,4602.6247,2.59317825e+10,5.704437771e+11
2026-03-06,000300.XSHG,4621.4939,4671.7126,4612.7943,4660.439,4647.6921,2.38527926e+10,4.878070802e+11
2026-03-09,000300.XSHG,4600.2535,4625.9814,4548.969,4615.4551,4660.439,3.22787617e+10,6.65821508e+11
2026-03-10,000300.XSHG,4648.7851,4677.5958,4648.7851,4674.7562,4615.4551,2.63903748e+10,5.576078761e+11
2026-03-11,000300.XSHG,4681.0316,4711.8671,4674.7088,4704.4959,4674.7562,2.70175443e+10,5.795643976e+11
2026-03-12,000300.XSHG,4700.7205,4704.3791,4654.3147,4687.5601,4704.4959,3.02986816e+10,5.721054825e+11
2026-03-13,000300.XSHG,4669.0619,4707.4194,4659.4979,4669.14,4687.5601,3.10772009e+10,5.803056082e+11
2026-03-16,000300.XSHG,4669.2241,4673.6929,4621.8118,4671.5591,4669.14,2.9621507e+10,5.987990984e+11
2026-03-17,000300.XSHG,4685.5697,4720.8608,4637.368,4637.4392,4671.5591,2.63021913e+10,5.785015058e+11
2026-03-18,000300.XSHG,4648.7517,4662.2936,4604.5163,4658.3324,4637.4392,2.34690705e+10,5.241739115e+11
2026-03-19,000300.XSHG,4611.4399,4634.5468,4570.392,4583.2511,4658.3324,2.54130449e+10,5.478502958e+11
2026-03-20,000300.XSHG,4602.8205,4628.7118,4563.0687,4567.0179,4583.2511,2.57873703e+10,6.154630886e+11
2026-03-23,000300.XSHG,4499.1004,4514.7182,4397.5661,4417.9971,4567.0179,3.28081945e+10,6.717197611e+11
2026-03-24,000300.XSHG,4458.9074,4474.825,4394.2943,4474.7224,4417.9971,2.55532517e+10,5.301493903e+11
2026-03-25,000300.XSHG,4506.6247,4542.1806,4502.0265,4537.4656,4474.7224,2.62639279e+10,5.504281612e+11
2026-03-26,000300.XSHG,4525.3291,4541.0502,4468.9571,4477.5343,4537.4656,2.13736788e+10,4.711274984e+11
2026-03-27,000300.XSHG,4431.5034,4519.8903,4431.4205,4502.5698,4477.5343,1.92400388e+10,4.405175616e+11
2026-03-30,000300.XSHG,4461.7367,4496.4109,4447.1373,4491.95,4502.5698,2.09293092e+10,4.446295197e+11
2026-03-31,000300.XSHG,4491.9209,4523.1745,4450.0493,4450.0493,4491.95,2.24541585e+10,4.84558113e+11
2026-04-01,000300.XSHG,4517.2717,4532.1093,4492.0544,4526.0668,4450.0493,2.16483196e+10,5.03744057e+11
2026-04-02,000300.XSHG,4514.4416,4519.6931,4459.6095,4478.9141,4526.0668,1.90992161e+10,4.299491317e+11
2026-04-03,000300.XSHG,4492.8461,4494.4571,4437.5952,4440.7889,4478.9141,1.68321705e+10,3.732349102e+11
2026-04-07,000300.XSHG,4445.8613,4458.9264,4420.6939,4440.6162,4440.7889,1.62638787e+10,3.78261695e+11
2026-04-08,000300.XSHG,4517.3403,4595.556,4513.7705,4595.556,4440.6162,2.53339213e+10,6.41779181e+11
2026-04-09,000300.XSHG,4562.6696,4579.197,4552.4244,4566.2237,4595.556,1.84939783e+10,5.004456767e+11
2026-04-10,000300.XSHG,4594.9467,4655.0988,4590.1089,4636.5655,4566.2237,2.08678605e+10,6.257179956e+11
2026-04-13,000300.XSHG,4615.133,4653.3983,4615.133,4646.1546,4636.5655,1.96712277e+10,5.566209452e+11
2026-04-14,000300.XSHG,4676.1235,4701.2837,4654.8526,4701.2837,4646.1546,2.04700332e+10,6.057177936e+11
2026-04-15,000300.XSHG,4726.6381,4731.2729,4672.556,4685.2464,4701.2837,2.016885e+10,6.045505568e+11
2026-04-16,000300.XSHG,4694.4309,4739.2208,4689.414,4736.6077,4685.2464,1.920576e+10,5.676113236e+11
2026-04-17,000300.XSHG,4728.9951,4738.3236,4714.4669,4728.6716,4736.6077,1.82915336e+10,5.876226823e+11
2026-04-20,000300.XSHG,4727.1661,4763.0427,4720.6853,4757.4419,4728.6716,2.21633494e+10,6.265684103e+11
2026-04-21,000300.XSHG,4750.5149,4776.8258,4722.0074,4767.997,4757.4419,2.05614058e+10,5.804079956e+11
2026-04-22,000300.XSHG,4751.2794,4801.4465,4750.3502,4799.627,4767.997,2.0448183e+10,6.195056702e+11
2026-04-23,000300.XSHG,4816.0267,4823.4704,4759.86,4786.3273,4799.627,2.32865736e+10,6.93853776e+11
2026-04-24,000300.XSHG,4771.7348,4786.444,4735.606,4769.3688,4786.3273,1.93798314e+10,6.800978325e+11
2026-04-27,000300.XSHG,4776.3351,4795.1682,4762.6441,4770.9469,4769.3688,1.9279655e+10,6.48904815e+11
2026-04-28,000300.XSHG,4757.0766,4778.1891,4743.4355,4758.2083,4770.9469,2.16724233e+10,6.315216649e+11
2026-04-29,000300.XSHG,4737.5755,4813.6104,4737.1139,4810.3468,4758.2083,2.3329811e+10,6.810205073e+11
2026-04-30,000300.XSHG,4820.9716,4829.2715,4797.5445,4807.3069,4810.3468,2.5063337e+10,7.266653745e+11
2026-05-06,000300.XSHG,4857.6537,4892.7957,4834.2807,4877.0932,4807.3069,2.7444388e+10,8.817443116e+11
2026-05-07,000300.XSHG,4895.8001,4901.8575,4866.8749,4900.5098,4877.0932,2.57833972e+10,7.872362e+11
2026-05-08,000300.XSHG,4871.1185,4887.2129,4849.9871,4871.9122,4900.5098,2.51720996e+10,7.165461041e+11
2026-05-11,000300.XSHG,4902.2775,4960.3975,4889.5659,4951.8366,4871.9122,3.05734801e+10,9.044793219e+11
2026-05-12,000300.XSHG,4965.0175,4971.3026,4926.7897,4948.0465,4951.8366,2.73812001e+10,8.193514427e+11
2026-05-13,000300.XSHG,4919.4248,5001.1201,4919.4248,4998.3417,4948.0465,2.68454537e+10,8.231731979e+11
2026-05-14,000300.XSHG,5027.6405,5030.5187,4913.6037,4914.5971,4998.3417,2.80695379e+10,8.574463262e+11
2026-05-15,000300.XSHG,4911.6223,4935.6173,4832.6899,4859.5927,4914.5971,2.76967769e+10,8.87687427e+11
2026-05-18,000300.XSHG,4836.3286,4868.6008,4806.1455,4833.5237,4859.5927,2.39077587e+10,7.334528226e+11
2026-05-19,000300.XSHG,4818.7051,4854.5247,4773.534,4852.8832,4833.5237,2.32280852e+10,7.1240105e+11
2026-05-20,000300.XSHG,4829.6129,4866.2121,4825.643,4850.7,4852.8832,2.20023206e+10,7.296533328e+11
2026-05-21,000300.XSHG,4886.2389,4937.9327,4780.7107,4783.0976,4850.7,2.87342507e+10,8.91936348e+11
2026-05-22,000300.XSHG,4818.8435,4851.3489,4785.3486,4845.0956,4783.0976,2.86940435e+10,7.718233009e+11
2026-05-25,000300.XSHG,4873.1962,4922.4375,4857.1345,4921.5974,4845.0956,2.64743236e+10,8.611794219e+11
2026-05-26,000300.XSHG,4900.1152,4952.7412,4892.683,4947.8493,4921.5974,3.02799476e+10,8.990944879e+11
2026-05-27,000300.XSHG,4940.9454,4974.2108,4891.3428,4908.1714,4947.8493,3.01709175e+10,9.09011907e+11
2026-05-28,000300.XSHG,4889.2659,4922.3297,4843.2265,4914.2133,4908.1714,2.67432731e+10,8.198979189e+11
2026-05-29,000300.XSHG,4937.5119,4954.0703,4878.7869,4892.1213,4914.2133,3.3251861e+10,9.422364901e+11
2026-06-01,000300.XSHG,4897.8968,4918.7935,4836.6851,4844.2556,4892.1213,2.96134051e+10,8.23984849e+11
2026-06-02,000300.XSHG,4860.6119,4930.2776,4831.9972,4914.5591,4844.2556,2.81731662e+10,8.067513444e+11
2026-06-03,000300.XSHG,4921.3445,4991.8525,4904.8969,4938.8091,4914.5591,3.04035947e+10,9.060477294e+11
2026-06-04,000300.XSHG,4897.3164,4938.7814,4889.7456,4904.7454,4938.8091,2.6480891e+10,7.3614341e+11
2026-06-05,000300.XSHG,4886.9645,4924.3438,4798.9103,4816.9199,4904.7454,3.01929336e+10,8.398637964e+11
2026-06-08,000300.XSHG,4703.773,4779.8623,4677.5682,4713.6358,4816.9199,2.99647565e+10,7.610463952e+11
2026-06-09,000300.XSHG,4743.4505,4802.5047,4715.3907,4801.8106,4713.6358,2.58391601e+10,7.132869988e+11
2026-06-10,000300.XSHG,4753.1154,4786.5162,4718.9946,4748.5932,4801.8106,2.59297109e+10,6.946284161e+11
2026-06-11,000300.XSHG,4730.072,4766.1728,4685.5014,4722.4122,4748.5932,2.47177059e+10,6.539317563e+11
2026-06-12,000300.XSHG,4784.6396,4809.8606,4757.5574,4777.3206,4722.4122,3.35922063e+10,8.714773252e+11
2026-06-15,000300.XSHG,4829.2886,4892.5502,4803.1836,4891.7126,4777.3206,3.31316076e+10,9.141457558e+11
2026-06-16,000300.XSHG,4894.8785,4908.2817,4866.0613,4884.2322,4891.7126,2.82584743e+10,8.572025875e+11
2026-06-17,000300.XSHG,4859.7012,4933.9288,4859.7012,4931.3861,4884.2322,2.7605395e+10,8.503675816e+11
2026-06-18,000300.XSHG,4916.0442,4976.8909,4916.0442,4941.5986,4931.3861,3.34459902e+10,1.021710711e+12
2026-06-22,000300.XSHG,4949.3457,5061.5105,4928.4582,5059.6582,4941.5986,3.75100124e+10,1.145900297e+12
2026-06-23,000300.XSHG,5048.0255,5064.2654,4892.0944,4919.386,5059.6582,3.42719336e+10,1.047052859e+12
2026-06-24,000300.XSHG,4900.3838,4953.2321,4892.2676,4943.0197,4919.386,3.12249025e+10,9.6494585e+11
2026-06-25,000300.XSHG,4950.9753,5031.9994,4944.876,5020.1038,4943.0197,3.46664289e+10,1.110040892e+12
2026-06-26,000300.XSHG,4981.8251,4981.983,4845.1921,4868.2205,5020.1038,3.41179238e+10,1.068082662e+12
2026-06-29,000300.XSHG,4866.0432,4928.5987,4827.149,4926.921,4868.2205,3.23216134e+10,1.053723823e+12
2026-06-30,000300.XSHG,4914.4934,4987.5599,4914.4934,4979.4328,4926.921,3.06150226e+10,9.857952057e+11
2026-07-01,000300.XSHG,4972.6923,5017.3754,4925.6309,4958.9773,4979.4328,3.42934747e+10,1.101717526e+12
2026-07-02,000300.XSHG,4865.1713,4896.9934,4800.4842,4812.2957,4958.9773,3.43243758e+10,1.027796834e+12
2026-07-03,000300.XSHG,4809.4988,4890.9652,4809.4988,4842.1737,4812.2957,3.01067568e+10,9.425698943e+11
2026-07-06,000300.XSHG,4868.5422,4878.3231,4789.7956,4841.998,4842.1737,2.94050543e+10,9.07946017e+11
2026-07-07,000300.XSHG,4813.8707,4839.5098,4756.725,4792.2624,4841.998,2.46305999e+10,7.626175056e+11
2026-07-08,000300.XSHG,4804.4837,4830.0464,4751.4045,4755.5338,4792.2624,2.43928749e+10,7.832489783e+11
2026-07-09,000300.XSHG,4774.4021,4882.8477,4734.8666,4876.3125,4755.5338,2.81627705e+10,9.471193968e+11
2026-07-10,000300.XSHG,4887.5355,4906.4898,4780.7468,4780.7867,4876.3125,3.04130286e+10,1.083913073e+12
2026-07-13,000300.XSHG,4745.4383,4775.2355,4670.2496,4695.383,4780.7867,2.78634853e+10,9.079446779e+11
2026-07-14,000300.XSHG,4691.1224,4796.502,4649.0444,4796.502,4695.383,2.83250986e+10,9.240971451e+11
2026-07-15,000300.XSHG,4797.943,4826.8637,4772.0415,4786.7828,4796.502,2.78692669e+10,8.583145103e+11
2026-07-16,000300.XSHG,4711.532,4771.0573,4673.3503,4698.4344,4786.7828,2.51560977e+10,7.988303868e+11
2026-07-17,000300.XSHG,4661.6218,4663.5311,4492.085,4529.0953,4698.4344,3.02629886e+10,9.208224128e+11
2026-07-20,000300.XSHG,4575.6712,4628.7985,4521.1808,4598.3208,4529.0953,3.33116058e+10,9.334032077e+11
2026-07-21,000300.XSHG,4630.8532,4739.2326,4566.281,4739.2287,4598.3208,3.4540359e+10,1.01672727e+12
2026-07-22,000300.XSHG,4710.6602,4772.0815,4692.833,4717.2442,4739.2287,2.85556357e+10,9.215192722e+11
2026-07-23,000300.XSHG,4735.1706,4737.5092,4698.8717,4728.0018,4717.2442,2.47331675e+10,7.418185806e+11
2026-07-24,000300.XSHG,4685.4082,4704.0843,4642.9387,4649.1917,4728.0018,2.21261212e+10,6.263786444e+11
