date,code,open,high,low,close,pre_close,volume,money
2019-01-02,000016.XSHG,2298.18,2301.06,2252.75,2262.79,2293.1,2088069700,2.811993412e+10
2019-01-03,000016.XSHG,2259.48,2287.78,2253.94,2269.24,2262.79,1889524000,2.453492548e+10
2019-01-04,000016.XSHG,2252.74,2316.35,2249.37,2314.65,2269.24,2590059600,3.431794256e+10
2019-01-07,000016.XSHG,2329.03,2331.6,2306.9,2314.32,2314.65,2527894800,3.195599437e+10
2019-01-08,000016.XSHG,2312.17,2312.17,2298.95,2305.17,2314.32,1813116000,2.232912212e+10
2019-01-09,000016.XSHG,2320.91,2360.36,2318.44,2332.72,2305.17,2874759600,3.748540583e+10
2019-01-10,000016.XSHG,2333.22,2345.33,2321.3,2331.85,2332.72,2228050700,2.888060306e+10
2019-01-11,000016.XSHG,2342.02,2360.06,2334.91,2354.5,2331.85,1841769300,2.451411174e+10
2019-01-14,000016.XSHG,2350.26,2354.31,2330,2331.14,2354.5,1646225200,2.064386554e+10
2019-01-15,000016.XSHG,2337.7,2380.6,2332.41,2378.37,2331.14,2246633600,3.222071437e+10
2019-01-16,000016.XSHG,2375.17,2385.22,2366.34,2381.22,2378.37,1809703900,2.523575276e+10
2019-01-17,000016.XSHG,2388.59,2396.8,2370.58,2371.35,2381.22,2155500000,2.696492942e+10
2019-01-18,000016.XSHG,2385.62,2422.03,2380.56,2417.36,2371.35,3008820000,3.74953301e+10
2019-01-21,000016.XSHG,2418,2443.23,2418,2432.49,2417.36,2623723600,3.39125294e+10
2019-01-22,000016.XSHG,2430.43,2430.43,2394.18,2401.23,2432.49,1937313700,2.570275001e+10
2019-01-23,000016.XSHG,2397.41,2414.02,2392.64,2397.05,2401.23,1629013500,2.018505724e+10
2019-01-24,000016.XSHG,2401.38,2414.89,2385.1,2411.56,2397.05,2041569700,2.732850393e+10
2019-01-25,000016.XSHG,2419.26,2453.67,2418.01,2441.64,2411.56,2568367900,3.254422995e+10
2019-01-28,000016.XSHG,2455.28,2473.12,2429.88,2437.03,2441.64,2346816300,3.269660944e+10
2019-01-29,000016.XSHG,2433.31,2461.52,2423.46,2455.9,2437.03,2186348000,2.714168308e+10
2019-01-30,000016.XSHG,2445.86,2462.61,2439.33,2440.01,2455.9,1783517000,2.241421728e+10
2019-01-31,000016.XSHG,2454.64,2487.1,2450.18,2483.47,2440.01,2668129800,3.414160809e+10
2019-02-01,000016.XSHG,2502.1,2503.55,2479.34,2499.64,2483.47,2195005400,2.936402298e+10
2019-02-11,000016.XSHG,2485.5,2528.38,2484.65,2527.47,2499.64,2521157000,3.471519118e+10
2019-02-12,000016.XSHG,2528.1,2537.29,2515.03,2533.18,2527.47,2545880400,3.377172741e+10
2019-02-13,000016.XSHG,2538.42,2587.88,2528.23,2580.61,2533.18,3982183200,4.800883551e+10
2019-02-14,000016.XSHG,2572.64,2585.51,2564.87,2576.31,2580.61,2771851500,3.516846006e+10
2019-02-15,000016.XSHG,2566.34,2568.79,2515.89,2517.46,2576.31,3031579600,3.909390191e+10
2019-02-18,000016.XSHG,2540.53,2583.4,2540.3,2582.85,2517.46,3740059200,4.78759576e+10
2019-02-19,000016.XSHG,2586.86,2614.36,2568.18,2579.05,2582.85,3790737900,4.960750422e+10
2019-02-20,000016.XSHG,2593.79,2599.55,2569.98,2588.17,2579.05,2996518100,3.816683175e+10
2019-02-21,000016.XSHG,2586.74,2615.47,2569.48,2577.23,2588.17,3525285500,4.440501841e+10
2019-02-22,000016.XSHG,2576,2623.09,2555.73,2623.07,2577.23,4138415100,5.349195746e+10
2019-02-25,000016.XSHG,2652.91,2788.67,2652.91,2787.7,2623.07,9693905100,1.250032801e+11
2019-02-26,000016.XSHG,2781.31,2804.16,2729.48,2733.9,2787.7,8723016100,1.142832548e+11
2019-02-27,000016.XSHG,2739.11,2794.93,2722.31,2750.34,2733.9,7550886500,9.10986346e+10
2019-02-28,000016.XSHG,2749.87,2767.86,2733.03,2743.97,2750.34,4634095900,6.218633913e+10
2019-03-01,000016.XSHG,2764.95,2819.47,2747.21,2819.47,2743.97,5610014700,7.633369713e+10
2019-03-04,000016.XSHG,2839.4,2907.82,2816.98,2832.59,2819.47,9218016700,1.188542562e+11
2019-03-05,000016.XSHG,2829.5,2835.11,2807.12,2828.87,2832.59,6034923500,7.52887236e+10
2019-03-06,000016.XSHG,2827.86,2847.38,2797.5,2840.27,2828.87,6949222400,9.10609382e+10
2019-03-07,000016.XSHG,2831.36,2831.36,2773.35,2789.7,2840.27,7326395900,1.022324553e+11
2019-03-08,000016.XSHG,2731.53,2753.55,2684.2,2685.59,2789.7,7203392800,9.638837652e+10
2019-03-11,000016.XSHG,2683.76,2714.09,2670.79,2708.6,2685.59,5201405200,7.019868943e+10
2019-03-12,000016.XSHG,2730.53,2759.61,2704.69,2719.77,2708.6,6486754400,8.505184295e+10
2019-03-13,000016.XSHG,2731.5,2747.96,2699.98,2723.96,2719.77,5406457100,7.411760273e+10
2019-03-14,000016.XSHG,2720.19,2752.66,2716.27,2729.13,2723.96,4347181300,6.256790956e+10
2019-03-15,000016.XSHG,2736,2783.51,2735.86,2755.81,2729.13,4412309600,6.725845892e+10
2019-03-18,000016.XSHG,2763.23,2827.26,2749.2,2825.18,2755.81,6160523500,8.765520212e+10
2019-03-19,000016.XSHG,2830.24,2842.45,2797.72,2806.9,2825.18,4345905600,6.236267935e+10
2019-03-20,000016.XSHG,2799.32,2831.63,2787.28,2812.92,2806.9,4032224700,5.842904585e+10
2019-03-21,000016.XSHG,2816.45,2822.63,2799.83,2802.96,2812.92,4363138500,6.373139924e+10
2019-03-22,000016.XSHG,2804.72,2813.52,2771.96,2795.39,2802.96,3598807000,5.050904789e+10
2019-03-25,000016.XSHG,2757.81,2765.84,2717.29,2718.18,2795.39,5214091500,6.620796199e+10
2019-03-26,000016.XSHG,2737.37,2739.29,2693.91,2706.15,2718.18,4007395500,5.26127408e+10
2019-03-27,000016.XSHG,2721.14,2751.72,2714.09,2741.59,2706.15,3354201800,5.190087071e+10
2019-03-28,000016.XSHG,2728.04,2742.7,2709.39,2733.97,2741.59,3184030300,4.66318702e+10
2019-03-29,000016.XSHG,2747.54,2845.23,2746.11,2838.51,2733.97,5967666900,9.055041803e+10
2019-04-01,000016.XSHG,2860.14,2906.15,2860.14,2892.62,2838.51,7791214600,1.045138007e+11
2019-04-02,000016.XSHG,2900.63,2903.87,2878.39,2888.53,2892.62,6118746100,7.754094836e+10
2019-04-03,000016.XSHG,2869.85,2923.92,2865.3,2920,2888.53,6472374900,8.156204379e+10
2019-04-04,000016.XSHG,2927.1,2959.59,2921.2,2951.98,2920,7303571600,8.999948924e+10
2019-04-08,000016.XSHG,2978.5,3007.83,2938.65,2962.27,2951.98,7453190900,9.753330862e+10
2019-04-09,000016.XSHG,2968.08,2980.12,2948.31,2967.51,2962.27,5080214200,7.230979781e+10
2019-04-10,000016.XSHG,2957.27,2996.41,2941.35,2979.1,2967.51,4869243800,7.5072996e+10
2019-04-11,000016.XSHG,2982.39,3000.1,2920.19,2928.43,2979.1,4281114400,6.400172156e+10
2019-04-12,000016.XSHG,2920.55,2933.45,2903.27,2920.52,2928.43,3252163300,4.73182411e+10
2019-04-15,000016.XSHG,2973.02,2999.33,2924.6,2924.93,2920.52,5843752800,7.770606853e+10
2019-04-16,000016.XSHG,2914.99,3023.03,2909.66,3023.03,2924.93,7076416300,8.529915629e+10
2019-04-17,000016.XSHG,3017.39,3035.41,2996.76,3017.42,3023.03,4996067500,6.431720904e+10
2019-04-18,000016.XSHG,3014.91,3019.54,2993.27,3004.92,3017.42,3967068400,5.000908203e+10
2019-04-19,000016.XSHG,3013.67,3043.93,2989.55,3042.43,3004.92,3994367200,5.603540484e+10
2019-04-22,000016.XSHG,3047.43,3048.82,2962.36,2970.49,3042.43,5675969700,7.486575421e+10
2019-04-23,000016.XSHG,2968,3007.35,2964.98,2978.85,2970.49,4106545600,5.739871131e+10
2019-04-24,000016.XSHG,2989.96,3001.53,2933.53,2974.85,2978.85,3542572900,5.108127589e+10
2019-04-25,000016.XSHG,2962.74,2973.22,2924.02,2927.99,2974.85,3893448300,5.230255725e+10
2019-04-26,000016.XSHG,2913.77,2930.21,2892.53,2892.86,2927.99,3656219700,5.22618868e+10
2019-04-29,000016.XSHG,2906.47,2968.16,2899.83,2939.41,2892.86,3924935500,6.077263195e+10
2019-04-30,000016.XSHG,2935.24,2955.88,2919.49,2945.24,2939.41,3212798300,4.95351444e+10
2019-05-06,000016.XSHG,2853.88,2867.6,2768.8,2805.04,2945.24,6243606300,9.381654665e+10
2019-05-07,000016.XSHG,2814.47,2833.2,2777.73,2806.26,2805.04,3541817700,5.933429209e+10
2019-05-08,000016.XSHG,2753.61,2796.47,2750.93,2758.24,2806.26,3039877200,4.786785697e+10
2019-05-09,000016.XSHG,2740.35,2748.01,2686.47,2698.78,2758.24,3075868100,5.281787351e+10
2019-05-10,000016.XSHG,2731.58,2798.87,2698.81,2793.76,2698.78,3945327800,6.40038832e+10
2019-05-13,000016.XSHG,2751.76,2767.48,2736.84,2741.11,2793.76,2659097100,4.007613638e+10
2019-05-14,000016.XSHG,2716.73,2754.69,2716.73,2724.73,2741.11,2622201800,4.169081622e+10
2019-05-15,000016.XSHG,2743.78,2797.15,2743.78,2783.54,2724.73,3071892000,4.70086581e+10
2019-05-16,000016.XSHG,2777.85,2793.76,2766.15,2791.41,2783.54,2894630200,3.957359995e+10
2019-05-17,000016.XSHG,2792.08,2792.51,2728.93,2735.21,2791.41,3007206300,4.288148656e+10
2019-05-20,000016.XSHG,2726.07,2746.66,2697.61,2715.43,2735.21,3120264600,4.132062405e+10
2019-05-21,000016.XSHG,2717.87,2764.48,2712.04,2739.79,2715.43,2696905100,3.832265382e+10
2019-05-22,000016.XSHG,2739.11,2745.86,2714.65,2725.73,2739.79,2316872900,3.159420573e+10
2019-05-23,000016.XSHG,2710.57,2713.94,2679.54,2685.93,2725.73,2781015600,3.724202991e+10
2019-05-24,000016.XSHG,2693.88,2722.34,2692.53,2702.03,2685.93,2123707600,2.927223881e+10
2019-05-27,000016.XSHG,2696.26,2731.3,2667.38,2722.33,2702.03,2724384800,3.860291097e+10
2019-05-28,000016.XSHG,2719.06,2759.78,2716.31,2748.8,2722.33,3467005600,5.058399891e+10
2019-05-29,000016.XSHG,2728.44,2780.31,2724.85,2755.81,2748.8,2494085700,4.231270012e+10
2019-05-30,000016.XSHG,2748.43,2752.69,2721.88,2742.96,2755.81,2439840500,3.356387679e+10
2019-05-31,000016.XSHG,2740.3,2762.39,2728.95,2728.95,2742.96,2218815200,3.0748522e+10
2019-06-03,000016.XSHG,2737.81,2762.08,2723.93,2743.06,2728.95,2709222000,3.638274031e+10
2019-06-04,000016.XSHG,2744.7,2746.51,2713.8,2721.31,2743.06,2227583200,3.149730391e+10
2019-06-05,000016.XSHG,2741.94,2747.23,2717.93,2719.59,2721.31,2576625300,3.512672711e+10
2019-06-06,000016.XSHG,2727.7,2727.7,2701.92,2706.76,2719.59,2139031200,2.922645603e+10
2019-06-10,000016.XSHG,2717.91,2752.88,2712.16,2743.37,2706.76,2708808100,3.953624573e+10
2019-06-11,000016.XSHG,2750.54,2816.99,2750.54,2812.9,2743.37,4085031500,6.109905133e+10
2019-06-12,000016.XSHG,2802.53,2805.01,2790.18,2796.73,2812.9,2644523000,3.665547204e+10
2019-06-13,000016.XSHG,2798.02,2804.76,2771.86,2794.54,2796.73,2345288700,3.235859572e+10
2019-06-14,000016.XSHG,2798.4,2816.18,2781.72,2785.61,2794.54,2612483000,3.543268082e+10
2019-06-17,000016.XSHG,2785.47,2813.45,2785.47,2793.7,2785.61,2047785100,2.9172435e+10
2019-06-18,000016.XSHG,2800.83,2809.87,2785.38,2806.45,2793.7,2167640400,2.883369521e+10
2019-06-19,000016.XSHG,2872.07,2879.23,2842.42,2842.74,2806.45,4116011000,6.170081391e+10
2019-06-20,000016.XSHG,2847.32,2954.03,2846.44,2942.63,2842.74,5736036900,8.726486145e+10
2019-06-21,000016.XSHG,2939.65,2958.23,2929.9,2938.77,2942.63,4656020500,6.875172512e+10
2019-06-24,000016.XSHG,2942.51,2958.02,2931.67,2949.52,2938.77,2901601800,4.851796957e+10
2019-06-25,000016.XSHG,2946.02,2946.71,2875.37,2910.12,2949.52,3816559500,6.451097196e+10
2019-06-26,000016.XSHG,2896.76,2915.24,2891,2903.49,2910.12,2402466000,3.67495151e+10
2019-06-27,000016.XSHG,2917.2,2952.91,2914.96,2937.13,2903.49,3347248700,5.40155958e+10
2019-06-28,000016.XSHG,2932.69,2937.29,2911.67,2930.6,2937.13,2370867100,3.734814706e+10
2019-07-01,000016.XSHG,2984.65,3011.91,2978.75,3002.94,2930.6,4262271400,6.7658868e+10
2019-07-02,000016.XSHG,3000.78,3003.88,2988.47,2999.08,3002.94,3462948800,5.020295587e+10
2019-07-03,000016.XSHG,2990.05,2990.05,2953.7,2964.73,2999.08,3391896500,5.294881909e+10
2019-07-04,000016.XSHG,2966.33,2974.8,2939.97,2953.27,2964.73,3292883400,4.924094005e+10
2019-07-05,000016.XSHG,2952.71,2967.98,2937.6,2961.92,2953.27,2384534500,3.797240568e+10
2019-07-08,000016.XSHG,2944.97,2944.97,2877.74,2897.51,2961.92,3373258800,4.893199209e+10
2019-07-09,000016.XSHG,2894.33,2902.14,2872.03,2881.55,2897.51,2137470000,3.305215809e+10
2019-07-10,000016.XSHG,2896.7,2897.58,2870.67,2878.78,2881.55,1891152100,3.056738596e+10
2019-07-11,000016.XSHG,2897.47,2918.94,2879.64,2887.83,2878.78,2115726600,3.705760247e+10
2019-07-12,000016.XSHG,2883.09,2912.9,2878.2,2902.13,2887.83,2145421000,3.610286203e+10
2019-07-15,000016.XSHG,2885.98,2920.16,2850.1,2902.61,2902.13,2819610600,4.551842463e+10
2019-07-16,000016.XSHG,2900.05,2905.11,2881.4,2884.56,2902.61,1741151700,2.962262944e+10
2019-07-17,000016.XSHG,2877.49,2892.34,2866.47,2875.03,2884.56,1809983000,2.923460532e+10
2019-07-18,000016.XSHG,2869.73,2872.24,2859.07,2859.16,2875.03,1954208600,3.07661332e+10
2019-07-19,000016.XSHG,2875.96,2906.55,2875.9,2895.62,2859.16,2245108900,3.695483682e+10
2019-07-22,000016.XSHG,2897.79,2905.35,2872.53,2881.9,2895.62,2360318400,3.345922373e+10
2019-07-23,000016.XSHG,2885.7,2889.39,2871.51,2881.1,2881.9,2044874800,2.952299602e+10
2019-07-24,000016.XSHG,2894.94,2923.4,2894.59,2906.55,2881.1,2601987100,4.04372833e+10
2019-07-25,000016.XSHG,2911.01,2931.18,2903.31,2931.18,2906.55,2293311300,3.499477014e+10
2019-07-26,000016.XSHG,2918.11,2943.07,2918.01,2939.35,2931.18,2352186400,3.301528573e+10
2019-07-29,000016.XSHG,2936.64,2938.73,2922.68,2930.49,2939.35,2237200500,3.123896612e+10
2019-07-30,000016.XSHG,2939.14,2958.3,2938.9,2944.03,2930.49,2269698000,3.440099266e+10
2019-07-31,000016.XSHG,2931.85,2932.65,2906.71,2912.66,2944.03,2388803400,3.606912470e+10
2019-08-01,000016.XSHG,2901.15,2909.47,2880.3,2887.87,2912.66,2427168300,3.465879758e+10
2019-08-02,000016.XSHG,2837.37,2852.12,2831.66,2843.77,2887.87,2994396800,4.276940492e+10
2019-08-05,000016.XSHG,2823.35,2828.48,2785.9,2786.72,2843.77,2835097600,4.086946754e+10
2019-08-06,000016.XSHG,2736.68,2771.79,2718.21,2760.68,2786.72,3694169100,5.524628533e+10
2019-08-07,000016.XSHG,2771.24,2773.94,2747.25,2747.25,2760.68,2458846400,3.513193391e+10
2019-08-08,000016.XSHG,2771.45,2790.14,2768.71,2786.87,2747.25,2940696000,3.875252571e+10
2019-08-09,000016.XSHG,2800.44,2802.81,2767.14,2772.15,2786.87,2538096600,3.410473391e+10
2019-08-12,000016.XSHG,2787.44,2825.09,2782.77,2824.8,2772.15,2213699700,3.86304822e+10
2019-08-13,000016.XSHG,2807.96,2812.49,2787.12,2792.91,2824.8,2146403400,3.12039384e+10
2019-08-14,000016.XSHG,2827.04,2831.34,2803.86,2804.36,2792.91,2610822100,3.900128967e+10
2019-08-15,000016.XSHG,2758.74,2815.15,2756.38,2814.39,2804.36,2528467500,3.596705370e+10
2019-08-16,000016.XSHG,2817.27,2846.26,2805.81,2824.23,2814.39,2414732800,4.045410316e+10
2019-08-19,000016.XSHG,2839.25,2877.47,2823.87,2877.23,2824.23,4191116700,6.008743555e+10
2019-08-20,000016.XSHG,2869.16,2883.55,2864.71,2875.65,2877.23,2981758300,4.161060593e+10
2019-08-21,000016.XSHG,2868.63,2875.01,2864.81,2869.22,2875.65,2163744400,3.169783933e+10
2019-08-22,000016.XSHG,2878.73,2881.06,2862.44,2878,2869.22,2049305700,3.120999592e+10
2019-08-23,000016.XSHG,2880.57,2923.93,2876.02,2917.38,2878,2413805700,4.546408199e+10
2019-08-26,000016.XSHG,2869.46,2882.45,2854.51,2863.48,2917.38,2643657800,4.641240838e+10
2019-08-27,000016.XSHG,2883.42,2915.84,2881,2887.24,2863.48,3574136800,5.718330545e+10
2019-08-28,000016.XSHG,2883.35,2887.85,2860.71,2867.03,2887.24,2361076500,4.158818659e+10
2019-08-29,000016.XSHG,2867.77,2871.63,2843.28,2855.45,2867.03,2238667000,3.74755709e+10
2019-08-30,000016.XSHG,2878.21,2886.35,2856.03,2872.4,2855.45,2592297500,4.382549863e+10
2019-09-02,000016.XSHG,2871.29,2902.41,2866.75,2894.96,2872.4,2975321400,4.588874988e+10
2019-09-03,000016.XSHG,2897.29,2900.76,2878.1,2892.18,2894.96,2590498200,3.997205332e+10
2019-09-04,000016.XSHG,2888.97,2919.68,2887.59,2919.68,2892.18,3764714400,5.364445369e+10
2019-09-05,000016.XSHG,2938.14,2988.21,2938.14,2955.84,2919.68,5285227200,7.927904190e+10
2019-09-06,000016.XSHG,2974.8,2981.24,2955.82,2981.07,2955.84,3146536700,4.925354412e+10
2019-09-09,000016.XSHG,3004.8,3008.67,2974.23,2981.59,2981.07,3869579800,6.001222947e+10
2019-09-10,000016.XSHG,2987.51,2988.06,2958.31,2969.8,2981.59,3603467800,5.134796582e+10
2019-09-11,000016.XSHG,2978.97,2980.66,2946.57,2957.14,2969.8,3519933500,5.742085605e+10
2019-09-12,000016.XSHG,2970.01,3001.23,2963.45,2999.56,2957.14,3182441000,5.226797733e+10
2019-09-16,000016.XSHG,3003.65,3004.88,2972.58,2982.45,2999.56,3253393900,4.800249794e+10
2019-09-17,000016.XSHG,2974.01,2974.01,2929.31,2937.01,2982.45,3072249500,4.565197911e+10
2019-09-18,000016.XSHG,2947.97,2967.86,2947.68,2954.36,2937.01,2335392300,4.168389833e+10
2019-09-19,000016.XSHG,2965.03,2965.11,2941.66,2956.83,2954.36,2094280900,3.48466767e+10
2019-09-20,000016.XSHG,2964.92,2970.72,2956.92,2963.43,2956.83,3023002800,4.77292667e+10
2019-09-23,000016.XSHG,2955.26,2955.26,2916.43,2930.91,2963.43,2378264600,3.923246176e+10
2019-09-24,000016.XSHG,2936.95,2956.29,2929.6,2940.08,2930.91,2273229600,4.026678021e+10
2019-09-25,000016.XSHG,2930.14,2942,2923.15,2928.84,2940.08,2252651200,3.589444965e+10
2019-09-26,000016.XSHG,2939.68,2952.87,2926.54,2927.88,2928.84,3146691800,4.481532482e+10
2019-09-27,000016.XSHG,2929.32,2934.33,2916.07,2929.47,2927.88,2301456100,3.242235545e+10
2019-09-30,000016.XSHG,2917.07,2933.51,2897.68,2897.7,2929.47,1923302100,3.026581322e+10
2019-10-08,000016.XSHG,2898.53,2938.87,2898.53,2922.35,2897.7,2496138800,3.907449953e+10
2019-10-09,000016.XSHG,2908.17,2931.64,2896.26,2922.98,2922.35,2613601800,4.041267058e+10
2019-10-10,000016.XSHG,2917.82,2944.02,2910.35,2940.8,2922.98,2199613300,3.58426523e+10
2019-10-11,000016.XSHG,2952.47,2989.75,2945.01,2983.12,2940.8,3117712300,4.816862143e+10
2019-10-14,000016.XSHG,3007.36,3040.5,2997.66,3013.53,2983.12,4254331500,5.673517197e+10
2019-10-15,000016.XSHG,3018.86,3019.29,3005.87,3015.42,3013.53,2544608300,3.722230078e+10
2019-10-16,000016.XSHG,3015.17,3043.45,2999.38,3004.72,3015.42,2625636700,4.228238814e+10
2019-10-17,000016.XSHG,3009.69,3018.65,2997.84,3011.75,3004.72,1893610700,3.158523733e+10
2019-10-18,000016.XSHG,3020.01,3027.61,2961.13,2963.18,3011.75,2463127100,3.735608021e+10
2019-10-21,000016.XSHG,2957.97,2973.79,2950.3,2968.91,2963.18,2422354300,3.67339753e+10
2019-10-22,000016.XSHG,2983.84,2983.84,2956.9,2973.22,2968.91,2100126200,2.991229665e+10
2019-10-23,000016.XSHG,2969.98,2977.68,2945.84,2954.31,2973.22,2263301200,3.060831503e+10
2019-10-24,000016.XSHG,2963.34,2976.37,2945.68,2959.03,2954.31,2448273900,3.420645058e+10
2019-10-25,000016.XSHG,2955.51,2970.54,2935.06,2967.05,2959.03,2452258300,4.383027335e+10
2019-10-28,000016.XSHG,2967.63,2984.94,2962.4,2981.36,2967.05,2849021300,4.248053408e+10
2019-10-29,000016.XSHG,2982.45,2984.35,2968.21,2968.28,2981.36,2180299300,3.400011768e+10
2019-10-30,000016.XSHG,2966.76,2971.9,2946.97,2952.12,2968.28,2182011500,3.365335358e+10
2019-10-31,000016.XSHG,2964.91,2966.59,2948.33,2954.73,2952.12,2627764700,4.215876556e+10
2019-11-01,000016.XSHG,2953.74,3005.18,2947.6,3002.65,2954.73,2887993900,4.672780242e+10
2019-11-04,000016.XSHG,3012.94,3025.64,3011.2,3022.27,3002.65,3090697200,4.77839552e+10
2019-11-05,000016.XSHG,3024.87,3065.93,3015.8,3039.98,3022.27,3835986200,5.576063046e+10
2019-11-06,000016.XSHG,3041.42,3045.46,3024.75,3032.79,3039.98,2917481600,4.080889808e+10
2019-11-07,000016.XSHG,3034.16,3044.72,3021.69,3033.3,3032.79,2331794600,3.476020278e+10
2019-11-08,000016.XSHG,3052.69,3055.6,3011.37,3012.46,3033.3,2829701200,4.131635758e+10
2019-11-11,000016.XSHG,2995.14,2995.14,2962.68,2965.71,3012.46,2851182700,4.013401977e+10
2019-11-12,000016.XSHG,2973,2978.17,2954.78,2971.36,2965.71,2052769500,3.129782829e+10
2019-11-13,000016.XSHG,2967.62,2976.26,2955.1,2967.67,2971.36,2262181200,3.721194898e+10
2019-11-14,000016.XSHG,2975.48,2980.7,2964.92,2968.57,2967.67,2212354800,3.576860633e+10
2019-11-15,000016.XSHG,2972.48,2976.37,2953.76,2954.7,2968.57,2202956100,3.251969104e+10
2019-11-18,000016.XSHG,2954.78,2985.97,2949.47,2980.95,2954.7,2387630000,3.468592203e+10
2019-11-19,000016.XSHG,2973.57,3000.75,2973.57,3000.75,2980.95,2426587100,3.627406179e+10
2019-11-20,000016.XSHG,2991.42,2996.51,2962.71,2968.12,3000.75,2251169600,3.359133012e+10
2019-11-21,000016.XSHG,2957.07,2957.35,2940.15,2949.34,2968.12,2191445200,3.526379686e+10
2019-11-22,000016.XSHG,2952.77,2967.78,2913.18,2922.27,2949.34,2680202100,4.600498401e+10
2019-11-25,000016.XSHG,2926.15,2951.79,2925.4,2951.25,2922.27,3330221100,4.755984856e+10
2019-11-26,000016.XSHG,2962.37,2965.39,2943.55,2946.57,2951.25,3022543000,4.377602799e+10
2019-11-27,000016.XSHG,2948.34,2953.39,2933.28,2944.32,2946.57,2035937700,3.018255446e+10
2019-11-28,000016.XSHG,2945.34,2952.26,2922.55,2930.48,2944.32,1777334600,2.632095593e+10
2019-11-29,000016.XSHG,2923.45,2927.25,2879.93,2894.72,2930.48,2079015000,4.170031574e+10
2019-12-02,000016.XSHG,2896.51,2913.74,2893.42,2899.44,2894.72,2133463800,3.492013037e+10
2019-12-03,000016.XSHG,2892.42,2909.95,2876.52,2909.62,2899.44,1908833300,3.216249917e+10
2019-12-04,000016.XSHG,2902.13,2903.94,2887.84,2901.07,2909.62,1943816800,2.911465039e+10
2019-12-05,000016.XSHG,2912.94,2927.34,2907.77,2921.95,2901.07,2246451100,3.572256511e+10
2019-12-06,000016.XSHG,2928.36,2939.82,2922.43,2939.82,2921.95,2138357600,3.35929087e+10
2019-12-09,000016.XSHG,2944.16,2945.27,2923.79,2933.04,2939.82,2503409500,3.806110768e+10
2019-12-10,000016.XSHG,2925.95,2937.78,2923.75,2936.99,2933.04,2024609300,3.107384062e+10
2019-12-11,000016.XSHG,2947.54,2953.94,2934.04,2949.65,2936.99,2359299900,3.364181342e+10
2019-12-12,000016.XSHG,2954.4,2954.4,2934,2938.04,2949.65,2068984200,3.295897534e+10
2019-12-13,000016.XSHG,2968.86,3006.31,2967.85,3006.31,2938.04,4189458200,6.664726527e+10
2019-12-16,000016.XSHG,2999.5,2999.53,2983.19,2999.2,3006.31,3342979200,6.196697931e+10
2019-12-17,000016.XSHG,3000.78,3053.83,2991.08,3033.14,2999.2,4734733500,7.691650848e+10
2019-12-18,000016.XSHG,3031.89,3041.83,3020.95,3025.78,3033.14,3249261900,5.390714025e+10
2019-12-19,000016.XSHG,3027.67,3029.7,3009.87,3017.71,3025.78,2692909200,4.204927398e+10
2019-12-20,000016.XSHG,3022.12,3033.56,3009.38,3012.63,3017.71,2509222800,4.255931268e+10
2019-12-23,000016.XSHG,3015.29,3028.56,2982.02,2984.24,3012.63,2745002300,4.614491362e+10
2019-12-24,000016.XSHG,2985.62,2999.08,2982.42,2996.77,2984.24,2227545300,3.302081312e+10
2019-12-25,000016.XSHG,2993.36,2993.56,2976.91,2986,2996.77,2138487600,3.545159566e+10
2019-12-26,000016.XSHG,2986.31,3011.64,2985.53,3011.64,2986,2305582400,3.812746963e+10
2019-12-27,000016.XSHG,3012.03,3047.61,3012.03,3017.78,3011.64,3442027400,5.722045266e+10
2019-12-30,000016.XSHG,3016.2,3065.25,3007.96,3062.75,3017.78,4366664700,7.6973532e+10
2019-12-31,000016.XSHG,3057.3,3065.38,3043.93,3063.22,3062.75,3107404300,5.326697381e+10
2020-01-02,000016.XSHG,3073.93,3107.52,3073.93,3090.83,3063.22,5003639200,9.477372924e+10
2020-01-03,000016.XSHG,3097.25,3097.41,3072.11,3078.28,3090.83,3718549300,7.234678917e+10
2020-01-06,000016.XSHG,3062.28,3090.84,3040.19,3056.84,3078.28,4770782700,7.777038811e+10
2020-01-07,000016.XSHG,3063.75,3080.27,3061.56,3074.02,3056.84,3437178800,5.688657955e+10
2020-01-08,000016.XSHG,3058.36,3058.7,3030.1,3037.85,3074.02,3765377300,5.985484216e+10
2020-01-09,000016.XSHG,3060.77,3071.54,3055.99,3067.55,3037.85,3315051500,5.767681931e+10
2020-01-10,000016.XSHG,3079.08,3081.96,3058.16,3067.88,3067.55,2854238900,5.163492952e+10
2020-01-13,000016.XSHG,3069.68,3090.13,3054.88,3090.13,3067.88,2933083500,5.705224748e+10
2020-01-14,000016.XSHG,3097.72,3108.18,3078.46,3080.6,3090.13,3512901700,5.69614475e+10
2020-01-15,000016.XSHG,3078.25,3086.97,3052.7,3058.01,3080.6,2811608600,4.697157173e+10
2020-01-16,000016.XSHG,3067.95,3068.2,3039.07,3043.09,3058.01,2831231800,4.549774684e+10
2020-01-17,000016.XSHG,3054.04,3067.56,3042.59,3053.17,3043.09,2330451400,4.622460566e+10
2020-01-20,000016.XSHG,3070.67,3072.29,3054.45,3065.99,3053.17,2727484900,5.562320818e+10
2020-01-21,000016.XSHG,3048.95,3050.82,3011.18,3012.11,3065.99,3280129100,5.97402742e+10
2020-01-22,000016.XSHG,2996.81,3023.9,2965.66,3017.88,3012.11,3315976000,6.050915007e+10
2020-01-23,000016.XSHG,2993.77,2993.77,2910.39,2932.49,3017.88,4283935200,7.550661222e+10
2020-02-03,000016.XSHG,2676.01,2755.84,2676.01,2727.09,2932.49,5860918400,9.613124647e+10
2020-02-04,000016.XSHG,2724.13,2796.71,2724.13,2794.66,2727.09,5701636900,9.185601629e+10
2020-02-05,000016.XSHG,2803.74,2833.21,2782.42,2812.9,2794.66,4418207000,7.342200437e+10
2020-02-06,000016.XSHG,2829.51,2866.39,2809.37,2854.89,2812.9,4213425100,7.041728328e+10
2020-02-07,000016.XSHG,2836.8,2851.82,2819.67,2851.71,2854.89,3444362800,5.906509371e+10
2020-02-10,000016.XSHG,2826.8,2854.83,2817.77,2850.06,2851.71,3365493400,5.66482428e+10
2020-02-11,000016.XSHG,2858.92,2893.07,2854.07,2879.86,2850.06,3602824400,5.851942465e+10
2020-02-12,000016.XSHG,2876.67,2895.93,2870.77,2895.59,2879.86,3123075000,5.212694102e+10
2020-02-13,000016.XSHG,2898.4,2906.72,2871.26,2875.48,2895.59,3743476400,5.784493504e+10
2020-02-14,000016.XSHG,2870.71,2900.2,2870.63,2895.06,2875.48,3512599600,5.327050817e+10
2020-02-17,000016.XSHG,2901.69,2950.28,2898.59,2950.07,2895.06,4529653200,7.256731662e+10
2020-02-18,000016.XSHG,2940.65,2944.43,2914.96,2924.4,2950.07,3809899100,6.08750963e+10
2020-02-19,000016.XSHG,2917.12,2942.35,2914.59,2923.76,2924.4,4027025200,6.280819399e+10
2020-02-20,000016.XSHG,2931.37,2981.27,2920.8,2978.18,2923.76,5022984700,8.469354139e+10
2020-02-21,000016.XSHG,2965.6,2991.06,2959.51,2968.14,2978.18,4692015200,8.324162753e+10
2020-02-24,000016.XSHG,2949.98,2953.29,2922.16,2930.03,2968.14,4863757300,8.418787341e+10
2020-02-25,000016.XSHG,2891.98,2912.16,2869.64,2909.32,2930.03,5315794800,8.865294831e+10
2020-02-26,000016.XSHG,2877.46,2930.02,2872.83,2901.67,2909.32,6296502900,9.349114492e+10
2020-02-27,000016.XSHG,2904.87,2927.2,2903.75,2912.04,2901.67,4215225000,7.00164008e+10
2020-02-28,000016.XSHG,2860.28,2880.79,2818.43,2821.04,2912.04,5847996500,9.053623307e+10
2020-03-02,000016.XSHG,2837.77,2922.95,2837.77,2907.89,2821.04,5488477600,8.515177805e+10
2020-03-03,000016.XSHG,2941.68,2948.55,2910.76,2921.44,2907.89,5316139800,8.401721396e+10
2020-03-04,000016.XSHG,2921.07,2949.57,2919.37,2947.57,2921.44,4256954900,7.55555719e+10
2020-03-05,000016.XSHG,2966.69,3023.12,2956.65,3018.07,2947.57,6049796600,1.058858108e+11
2020-03-06,000016.XSHG,2989.76,2999.49,2962.4,2964.83,3018.07,4185528800,6.969606836e+10
2020-03-09,000016.XSHG,2908.63,2908.63,2864.49,2868.83,2964.83,5886474700,8.988330468e+10
2020-03-10,000016.XSHG,2859.87,2935.09,2852.93,2924.22,2868.83,4805053000,7.692229978e+10
2020-03-11,000016.XSHG,2927.83,2927.83,2888.36,2888.36,2924.22,3644206200,5.882155904e+10
2020-03-12,000016.XSHG,2858.51,2866.14,2828.29,2841.98,2888.36,3702363200,6.074492024e+10
2020-03-13,000016.XSHG,2720.61,2826.72,2715.14,2798.77,2841.98,4906135500,8.281450030e+10
2020-03-16,000016.XSHG,2800,2800.18,2689.9,2694.02,2798.77,4697120600,7.6460307e+10
2020-03-17,000016.XSHG,2696.7,2734.8,2629.18,2685.59,2694.02,4153269400,7.008388049e+10
2020-03-18,000016.XSHG,2695.42,2724.3,2625.6,2625.75,2685.59,3768139200,6.618734882e+10
2020-03-19,000016.XSHG,2611.75,2630.05,2517.3,2569.79,2625.75,4952352800,8.364180096e+10
2020-03-20,000016.XSHG,2597.98,2636.14,2580.36,2628.42,2569.79,3723143600,6.188245979e+10
2020-03-23,000016.XSHG,2548.85,2586.11,2548,2559.62,2628.42,3254972100,5.676157858e+10
2020-03-24,000016.XSHG,2608.24,2641.87,2592.61,2639.38,2559.62,3686841400,6.205325597e+10
2020-03-25,000016.XSHG,2700.1,2711.12,2681.09,2700.19,2639.38,3849119400,6.643925395e+10
2020-03-26,000016.XSHG,2676.62,2716.34,2673.44,2689.28,2700.19,2822602100,4.75260678e+10
2020-03-27,000016.XSHG,2722.47,2733.52,2701.44,2701.44,2689.28,3538694500,5.631614342e+10
2020-03-30,000016.XSHG,2667.12,2696.33,2664.72,2690.04,2701.44,3404970700,5.241085749e+10
2020-03-31,000016.XSHG,2713.5,2716.02,2684.21,2689.38,2690.04,3029903800,4.606151361e+10
2020-04-01,000016.XSHG,2684.5,2722.32,2680.08,2682.08,2689.38,2751937300,4.424019462e+10
2020-04-02,000016.XSHG,2667.94,2719.89,2665.81,2719.89,2682.08,2873089300,4.385514249e+10
2020-04-03,000016.XSHG,2707.82,2720.84,2697.83,2708.82,2719.89,2444455900,3.942810456e+10
2020-04-07,000016.XSHG,2756.27,2762.31,2743.16,2757.41,2708.82,3595465100,5.965645301e+10
2020-04-08,000016.XSHG,2742.36,2753.49,2736.09,2743.89,2757.41,2540167600,3.855990364e+10
2020-04-09,000016.XSHG,2754.72,2760.59,2749.42,2752.59,2743.89,2382049700,3.838287685e+10
2020-04-10,000016.XSHG,2755.2,2787.28,2742.52,2749.85,2752.59,2544479400,4.352667466e+10
2020-04-13,000016.XSHG,2740.09,2749.48,2731.03,2739.17,2749.85,1918766200,3.063607311e+10
2020-04-14,000016.XSHG,2756.5,2785.8,2745.99,2785.72,2739.17,2672299500,4.838437074e+10
2020-04-15,000016.XSHG,2783.28,2788.09,2761.44,2764.49,2785.72,2305149500,4.230946174e+10
2020-04-16,000016.XSHG,2751.69,2771.43,2750.29,2768.26,2764.49,2301637900,4.177671441e+10
2020-04-17,000016.XSHG,2790.83,2825.96,2782.71,2809.08,2768.26,3486971900,6.242270325e+10
2020-04-20,000016.XSHG,2812.8,2821.01,2799.92,2819.79,2809.08,2762756400,4.818642431e+10
2020-04-21,000016.XSHG,2808.91,2808.91,2767.27,2784.53,2819.79,2494367600,4.265450006e+10
2020-04-22,000016.XSHG,2774.44,2804.24,2768.4,2804.24,2784.53,2069456300,3.703916244e+10
2020-04-23,000016.XSHG,2813.73,2820.24,2794.46,2797.66,2804.24,2452956300,4.000333863e+10
2020-04-24,000016.XSHG,2789.05,2789.05,2770.34,2776.02,2797.66,1991477400,3.585408901e+10
2020-04-27,000016.XSHG,2786.47,2818.54,2783.17,2805.22,2776.02,2314714000,4.009008831e+10
2020-04-28,000016.XSHG,2814.23,2832.06,2781.15,2825.14,2805.22,2708422800,4.782823890e+10
2020-04-29,000016.XSHG,2814.6,2852.1,2814.07,2844.81,2825.14,2543013400,4.519677596e+10
2020-04-30,000016.XSHG,2851.14,2882.7,2851.14,2861.91,2844.81,3038905300,5.243764061e+10
2020-05-06,000016.XSHG,2823.29,2865.11,2823.27,2863.85,2861.91,3545978100,5.954469424e+10
2020-05-07,000016.XSHG,2860.96,2863.16,2845.66,2854.42,2863.85,2390200000,4.145894362e+10
2020-05-08,000016.XSHG,2864.86,2883.69,2858.11,2873.01,2854.42,2703717900,4.875676066e+10
2020-05-11,000016.XSHG,2876.77,2897.99,2864.96,2871.85,2873.01,2530899800,4.650759688e+10
2020-05-12,000016.XSHG,2871.31,2880.5,2855.02,2869.6,2871.85,2133015000,3.925727518e+10
2020-05-13,000016.XSHG,2860.82,2869.7,2845.34,2867.71,2869.6,1832565100,3.348374742e+10
2020-05-14,000016.XSHG,2854.78,2854.78,2833.95,2834.53,2867.71,1981834300,3.694767525e+10
2020-05-15,000016.XSHG,2845.91,2849.17,2818.37,2819.69,2834.53,1947058000,3.890979405e+10
2020-05-18,000016.XSHG,2821.73,2849.85,2813.26,2837.17,2819.69,2262686600,4.38865963e+10
2020-05-19,000016.XSHG,2869.23,2872.7,2854.89,2860.67,2837.17,2270551600,4.258093971e+10
2020-05-20,000016.XSHG,2861.59,2864.67,2847.26,2856.14,2860.67,1994922900,3.75613485e+10
2020-05-21,000016.XSHG,2866.74,2867.91,2844.14,2846.82,2856.14,1907114500,3.635758664e+10
2020-05-22,000016.XSHG,2840.88,2841.11,2775.31,2775.81,2846.82,2597130200,4.684199157e+10
2020-05-25,000016.XSHG,2784.43,2789.82,2762.3,2789.71,2775.81,1867492300,3.362975236e+10
2020-05-26,000016.XSHG,2806.25,2811.83,2796.85,2808.84,2789.71,1811040900,3.222621013e+10
2020-05-27,000016.XSHG,2810.47,2814.56,2790.84,2795.48,2808.84,1975995300,3.376219293e+10
2020-05-28,000016.XSHG,2797.37,2830.46,2785.32,2809.66,2795.48,2294337200,3.884276621e+10
2020-05-29,000016.XSHG,2791.62,2813.82,2788.87,2806.66,2809.66,2147102600,3.626770857e+10
2020-06-01,000016.XSHG,2832.22,2873.05,2832.22,2870.36,2806.66,2843344300,5.273928875e+10
2020-06-02,000016.XSHG,2864.53,2890.81,2862.68,2885.92,2870.36,2670394300,4.813650177e+10
2020-06-03,000016.XSHG,2900.87,2922.78,2889.08,2889.11,2885.92,2784097500,5.1525906e+10
2020-06-04,000016.XSHG,2900.96,2902.9,2876.44,2883.36,2889.11,2189472900,3.605189506e+10
2020-06-05,000016.XSHG,2886.23,2896.35,2871.87,2896.35,2883.36,2126970100,3.822456511e+10
2020-06-08,000016.XSHG,2907.68,2925.2,2904.03,2909.59,2896.35,2930062900,5.384696556e+10
2020-06-09,000016.XSHG,2911.95,2931.54,2905.84,2928.3,2909.59,2440088000,4.444700197e+10
2020-06-10,000016.XSHG,2925.17,2925.17,2905.21,2908.48,2928.3,2271766600,4.129866921e+10
2020-06-11,000016.XSHG,2899.49,2907.66,2867.2,2876.51,2908.48,2899854300,5.056923235e+10
2020-06-12,000016.XSHG,2840.8,2884.99,2837.55,2884.12,2876.51,3409594400,5.114159656e+10
2020-06-15,000016.XSHG,2862.49,2875.03,2838.61,2838.61,2884.12,2931049700,5.534428114e+10
2020-06-16,000016.XSHG,2867.71,2879.53,2861.01,2878.99,2838.61,2421833300,4.338614521e+10
2020-06-17,000016.XSHG,2879.85,2882.1,2864.16,2881.13,2878.99,2224461300,4.213410273e+10
2020-06-18,000016.XSHG,2872.17,2892.12,2860.5,2888.96,2881.13,2763430400,4.770749542e+10
2020-06-19,000016.XSHG,2891.31,2933.9,2888.92,2925.94,2888.96,3713736100,7.411024809e+10
2020-06-22,000016.XSHG,2921.3,2947.61,2912.49,2921.89,2925.94,3726298500,7.245486432e+10
2020-06-23,000016.XSHG,2913.01,2929.8,2902.12,2925.42,2921.89,2754012800,5.957842668e+10
2020-06-24,000016.XSHG,2928.52,2947.19,2926.84,2943.47,2925.42,3017957300,6.14087374e+10
2020-06-29,000016.XSHG,2935.54,2942.49,2909.45,2925.48,2943.47,3248337700,6.415781635e+10
2020-06-30,000016.XSHG,2933.93,2951.12,2928.68,2942.07,2925.48,2701559800,5.607951295e+10
2020-07-01,000016.XSHG,2950.49,3010.36,2941.38,3009.86,2942.07,4266806900,8.308445601e+10
2020-07-02,000016.XSHG,3005.36,3088.96,3003.78,3084.24,3009.86,6722380600,1.187517047e+11
2020-07-03,000016.XSHG,3101.39,3159.17,3101.26,3159.16,3084.24,7820941600,1.375785898e+11
2020-07-06,000016.XSHG,3198.74,3384.87,3198.74,3374.14,3159.16,1.22167869e+10,2.029176386e+11
2020-07-07,000016.XSHG,3438.86,3465.47,3381.76,3381.76,3374.14,1.08624139e+10,1.991500892e+11
2020-07-08,000016.XSHG,3378.11,3466.63,3371.59,3429.94,3381.76,9145721300,1.675558911e+11
2020-07-09,000016.XSHG,3426.6,3451.93,3403.73,3442.02,3429.95,8493444000,1.535344718e+11
2020-07-10,000016.XSHG,3404,3411.09,3338.59,3351.78,3442.02,7904651800,1.39047237e+11
2020-07-13,000016.XSHG,3338.71,3421.94,3327.7,3390.12,3351.78,8002418600,1.444658707e+11
2020-07-14,000016.XSHG,3374.07,3391.9,3310.89,3348.03,3390.12,7678639500,1.299737874e+11
2020-07-15,000016.XSHG,3363.92,3374.29,3303.15,3313.76,3348.03,7041203100,1.336241367e+11
2020-07-16,000016.XSHG,3313.56,3326.69,3162.03,3162.03,3313.77,7468306800,1.510419273e+11
2020-07-17,000016.XSHG,3181.7,3223.54,3151.22,3185.89,3162.03,4944909900,1.042847594e+11
2020-07-20,000016.XSHG,3219.92,3293.63,3189.47,3287.92,3185.89,6304753600,1.248319095e+11
2020-07-21,000016.XSHG,3302.72,3305.2,3272.47,3286.81,3287.92,4451198100,9.810844125e+10
2020-07-22,000016.XSHG,3278.74,3354.72,3273.81,3291.36,3286.82,5440375100,1.095220966e+11
2020-07-23,000016.XSHG,3263.07,3303.43,3224.51,3284.11,3291.36,5566558300,1.062529443e+11
2020-07-24,000016.XSHG,3265.52,3270.56,3136.64,3158.29,3284.11,6063813600,1.275181617e+11
2020-07-27,000016.XSHG,3178.05,3194.14,3136.03,3163.23,3158.29,3762745600,7.876980651e+10
2020-07-28,000016.XSHG,3188.96,3205.57,3168.9,3185.89,3163.23,3571045100,8.103952193e+10
2020-07-29,000016.XSHG,3184.72,3245.7,3171.04,3243.38,3185.89,4364869100,9.741366484e+10
2020-07-30,000016.XSHG,3252.2,3263.19,3231.36,3231.52,3243.39,3610894500,9.050793767e+10
2020-07-31,000016.XSHG,3226.42,3284.38,3199.91,3249.34,3231.52,4289790500,9.712212054e+10
2020-08-03,000016.XSHG,3271.18,3284.79,3251.82,3281.1,3249.34,4829902600,1.048381812e+11
2020-08-04,000016.XSHG,3293.92,3329.56,3279.14,3312.13,3281.1,6254047700,1.238742929e+11
2020-08-05,000016.XSHG,3298.14,3300.9,3257.29,3292.31,3312.13,4557928400,9.592226658e+10
2020-08-06,000016.XSHG,3295.43,3311.36,3243.65,3292.2,3292.31,4894575300,1.099375794e+11
2020-08-07,000016.XSHG,3277.44,3288.79,3219.42,3263.75,3292.2,4898104900,1.102374247e+11
2020-08-10,000016.XSHG,3250.54,3309.98,3232.09,3285.76,3263.75,5327140300,1.125831301e+11
2020-08-11,000016.XSHG,3291.34,3333.75,3257.37,3262.82,3285.76,5382280200,1.079677596e+11
2020-08-12,000016.XSHG,3255.54,3266.58,3199.55,3249.74,3262.82,5102494700,1.000123491e+11
2020-08-13,000016.XSHG,3261.13,3265.51,3230.17,3241.84,3249.74,3709207100,7.317818189e+10
2020-08-14,000016.XSHG,3236.95,3292.03,3230.21,3288.51,3241.85,3674747700,7.502976527e+10
2020-08-17,000016.XSHG,3300.9,3397.5,3299.21,3368.85,3288.51,7589903100,1.368894301e+11
2020-08-18,000016.XSHG,3369.87,3377.52,3350.78,3367.33,3368.85,4744415700,9.342943254e+10
2020-08-19,000016.XSHG,3361.72,3366.68,3306.33,3307.66,3367.33,4441944700,8.627693499e+10
2020-08-20,000016.XSHG,3285.2,3288.21,3252.18,3264.53,3307.66,3705290000,7.298614148e+10
2020-08-21,000016.XSHG,3287.43,3299.94,3261.55,3284.73,3264.53,2805014200,6.063859505e+10
2020-08-24,000016.XSHG,3306.56,3320.97,3291.66,3298.72,3284.73,2966615100,6.495689988e+10
2020-08-25,000016.XSHG,3312.03,3335.03,3300.2,3310.84,3298.72,2844995500,6.392791226e+10
2020-08-26,000016.XSHG,3308.93,3327.82,3269.09,3277.89,3310.84,3292243700,7.022226427e+10
2020-08-27,000016.XSHG,3286.78,3291.68,3257.57,3290.79,3277.89,2813580000,5.991945318e+10
2020-08-28,000016.XSHG,3296.52,3372.74,3286.14,3368.44,3290.79,3900870000,9.226875464e+10
2020-08-31,000016.XSHG,3386.62,3408.58,3343.21,3343.89,3368.44,4790515600,1.030412168e+11
2020-09-01,000016.XSHG,3333.21,3355.1,3328.12,3355.1,3343.89,3046645000,6.438747008e+10
2020-09-02,000016.XSHG,3371.57,3373.35,3316.5,3347.3,3355.1,3551230800,6.944479258e+10
2020-09-03,000016.XSHG,3349.26,3374.01,3322.9,3334.41,3347.3,3125236400,6.754130503e+10
2020-09-04,000016.XSHG,3293.49,3314.55,3283.31,3309.21,3334.41,2863754700,6.226587932e+10
2020-09-07,000016.XSHG,3303.64,3328.72,3243.43,3253.43,3309.21,3258005400,7.305510274e+10
2020-09-08,000016.XSHG,3267.31,3296.14,3249.25,3289.91,3253.43,3238056300,7.290145741e+10
2020-09-09,000016.XSHG,3253.5,3267.86,3217.15,3235.7,3289.91,3009657700,6.286584095e+10
2020-09-10,000016.XSHG,3264.32,3273.9,3239.58,3245.5,3235.7,2997384800,5.968702613e+10
2020-09-11,000016.XSHG,3238.47,3270.59,3230.32,3265.5,3245.5,2351028000,5.238025099e+10
2020-09-14,000016.XSHG,3283.93,3298.93,3275.3,3294.15,3265.5,2112587600,5.623277045e+10
2020-09-15,000016.XSHG,3291.2,3321.18,3275.06,3317.64,3294.15,2131642000,5.405641103e+10
2020-09-16,000016.XSHG,3314.21,3322.32,3283.88,3295.58,3317.64,2222920600,5.087016105e+10
2020-09-17,000016.XSHG,3286.15,3287.26,3253.52,3264.69,3295.58,2342308200,6.456597045e+10
2020-09-18,000016.XSHG,3267.63,3347.78,3264.33,3347.78,3264.69,4457796200,9.442729331e+10
2020-09-21,000016.XSHG,3359.23,3360.92,3311.11,3311.59,3347.78,2979959900,6.448209515e+10
2020-09-22,000016.XSHG,3285.77,3319.95,3260.49,3270.52,3311.59,2682006000,5.777249035e+10
2020-09-23,000016.XSHG,3271.47,3284.4,3256.18,3275.74,3270.52,2046780700,5.218372827e+10
2020-09-24,000016.XSHG,3259.12,3264.83,3214.7,3218.72,3275.74,2564758700,5.670404344e+10
2020-09-25,000016.XSHG,3232.69,3244.03,3219.31,3229.78,3218.72,2091022000,4.585582619e+10
2020-09-28,000016.XSHG,3237.3,3268.26,3237.3,3250.5,3229.78,2097437300,4.432712246e+10
2020-09-29,000016.XSHG,3266.01,3266.94,3241.32,3241.32,3250.5,1902774300,4.294605523e+10
2020-09-30,000016.XSHG,3252.59,3269.31,3218.55,3232.42,3241.32,2269494600,4.663638443e+10
2020-10-09,000016.XSHG,3281.46,3296.67,3274.19,3286.86,3232.42,2462439400,6.407938234e+10
2020-10-12,000016.XSHG,3302.98,3388.6,3302.62,3387.88,3286.86,3977357200,8.499619887e+10
2020-10-13,000016.XSHG,3381.64,3391.99,3363.98,3386.89,3387.89,2792826200,6.0770639e+10
2020-10-14,000016.XSHG,3380.56,3380.56,3359.62,3369.5,3386.89,2582262800,5.985181452e+10
2020-10-15,000016.XSHG,3369.72,3392.93,3363.81,3371.4,3369.5,2738516800,6.001692063e+10
2020-10-16,000016.XSHG,3374.17,3400.42,3362.18,3380.17,3371.4,3493234500,6.18387978e+10
2020-10-19,000016.XSHG,3398.75,3430.56,3349.16,3354.31,3380.17,4126470400,7.521413198e+10
2020-10-20,000016.XSHG,3352.03,3365.18,3340.84,3363.5,3354.31,2639252700,5.209123705e+10
2020-10-21,000016.XSHG,3372.69,3380.05,3351.72,3377.42,3363.5,3132950400,5.665646668e+10
2020-10-22,000016.XSHG,3370.08,3378.65,3328.32,3369.53,3377.43,2739885900,5.825409822e+10
2020-10-23,000016.XSHG,3364.6,3395.41,3346.61,3346.61,3369.53,3391157200,6.429624166e+10
2020-10-26,000016.XSHG,3320.03,3328.68,3288.58,3304.7,3346.61,3465014400,6.739689706e+10
2020-10-27,000016.XSHG,3298.06,3305.61,3281.62,3294.09,3304.7,2557950900,5.462745149e+10
2020-10-28,000016.XSHG,3295.44,3324.8,3285.04,3313.23,3294.09,2827984400,6.393639632e+10
2020-10-29,000016.XSHG,3278.98,3351.12,3277.57,3324.44,3313.23,3021895400,6.97270414e+10
2020-10-30,000016.XSHG,3321.94,3332.87,3271.27,3280.38,3324.44,3573711100,7.462594346e+10
2020-11-02,000016.XSHG,3280.62,3298.08,3249.96,3265.9,3280.38,3466539800,7.730772799e+10
2020-11-03,000016.XSHG,3284.04,3324.41,3282.55,3307.48,3265.9,3408546600,6.896542455e+10
2020-11-04,000016.XSHG,3311.54,3340.53,3301.32,3332.19,3307.49,2834493000,6.007316765e+10
2020-11-05,000016.XSHG,3366.4,3386.98,3345.2,3369.5,3332.19,3127710800,6.818405797e+10
2020-11-06,000016.XSHG,3380.2,3380.2,3339.47,3359.12,3369.5,3503194400,7.250349098e+10
2020-11-09,000016.XSHG,3382.8,3428.13,3382.8,3418.28,3359.12,4391814200,9.390027793e+10
2020-11-10,000016.XSHG,3439.36,3440.56,3402.38,3416.14,3418.28,4176163300,9.227034948e+10
2020-11-11,000016.XSHG,3415.88,3432.27,3407.84,3411.23,3416.14,4041518900,8.213052168e+10
2020-11-12,000016.XSHG,3413.21,3420.65,3387.33,3397.35,3411.23,2709848200,6.354901868e+10
2020-11-13,000016.XSHG,3376.91,3377.16,3318.45,3338.31,3397.35,3451369600,7.371643209e+10
2020-11-16,000016.XSHG,3352.69,3377.11,3344.4,3377.11,3338.31,3232489300,6.569522807e+10
2020-11-17,000016.XSHG,3376.87,3388.96,3362.5,3379.27,3377.11,3307422900,6.969928227e+10
2020-11-18,000016.XSHG,3377.84,3408.3,3373,3387.04,3379.27,4360586400,8.825154935e+10
2020-11-19,000016.XSHG,3377.23,3415.86,3372.84,3410.09,3387.05,3260615000,6.574254717e+10
2020-11-20,000016.XSHG,3407.73,3415.25,3398.79,3411.93,3410.09,2972074800,5.420065992e+10
2020-11-23,000016.XSHG,3427.78,3485.89,3426.78,3469.8,3411.93,4925155500,9.261978184e+10
2020-11-24,000016.XSHG,3461.43,3470.91,3437.73,3442.72,3469.81,3424010900,6.54686158e+10
2020-11-25,000016.XSHG,3461.48,3475.25,3420.29,3420.29,3442.72,4066377900,7.506995759e+10
2020-11-26,000016.XSHG,3418.56,3447.61,3414.06,3445.74,3420.29,3346527100,6.507785542e+10
2020-11-27,000016.XSHG,3453.31,3498.66,3447.61,3498.66,3445.74,5390124800,7.824923787e+10
2020-11-30,000016.XSHG,3509.66,3570.22,3469.42,3469.42,3498.66,8429298300,1.239679265e+11
2020-12-01,000016.XSHG,3480.56,3559.07,3476.94,3554.01,3469.42,5248868900,9.12003521e+10
2020-12-02,000016.XSHG,3555.6,3568.72,3527.12,3545.34,3554.01,3944280600,7.135228981e+10
2020-12-03,000016.XSHG,3545.28,3550.1,3519.43,3536.81,3545.34,3586787100,6.465004933e+10
2020-12-04,000016.XSHG,3535.94,3546.71,3504.43,3541.52,3536.81,3323861700,6.884848966e+10
2020-12-07,000016.XSHG,3547.93,3548.78,3495.65,3509.94,3541.52,3545074500,7.423425017e+10
2020-12-08,000016.XSHG,3512.86,3529.35,3490.89,3499.06,3509.94,2893594100,6.432995245e+10
2020-12-09,000016.XSHG,3511.76,3517.92,3468,3468.53,3499.06,3065472700,6.138248494e+10
2020-12-10,000016.XSHG,3464.94,3478.91,3442.15,3459.03,3468.53,2922844300,5.728374167e+10
2020-12-11,000016.XSHG,3473.87,3477.47,3404.93,3427.86,3459.04,3890638700,7.453329705e+10
2020-12-14,000016.XSHG,3443.03,3472.12,3435.31,3467.77,3427.86,2498221800,6.96268604e+10
2020-12-15,000016.XSHG,3466.49,3476.88,3443.86,3468.83,3467.77,2615418200,7.066698144e+10
2020-12-16,000016.XSHG,3480.93,3494.65,3469.55,3485.4,3468.83,2246253000,6.216216511e+10
2020-12-17,000016.XSHG,3497.39,3543.73,3491.92,3539.54,3485.41,2709120100,7.977802545e+10
2020-12-18,000016.XSHG,3529.02,3538.57,3493.3,3507.97,3539.54,2627780000,7.163394239e+10
2020-12-21,000016.XSHG,3505.91,3531.42,3481.26,3522.26,3507.97,2671759500,7.872694469e+10
2020-12-22,000016.XSHG,3519.05,3526.11,3467.53,3470.9,3522.26,3487845900,9.555457523e+10
2020-12-23,000016.XSHG,3483.19,3516.02,3473.1,3494.59,3470.9,2723877500,8.071705753e+10
2020-12-24,000016.XSHG,3495.85,3521.04,3474.02,3489.27,3494.59,2011957100,6.434468634e+10
2020-12-25,000016.XSHG,3476.55,3514.51,3468.4,3512.49,3489.27,2105465600,6.566128708e+10
2020-12-28,000016.XSHG,3514.71,3548.53,3503.97,3523.84,3512.49,2641329900,7.567032961e+10
2020-12-29,000016.XSHG,3533.13,3539.67,3513.66,3517.35,3523.84,2601459000,7.329561048e+10
2020-12-30,000016.XSHG,3513.79,3574.21,3512.31,3574.13,3517.35,2678723400,7.725218488e+10
2020-12-31,000016.XSHG,3581.45,3646.75,3581.36,3640.64,3574.13,3657484600,1.007462035e+11
2021-01-04,000016.XSHG,3632.69,3659.17,3608.34,3643.36,3640.64,4354664400,1.169960983e+11
2021-01-05,000016.XSHG,3627.65,3683.36,3620.56,3683.36,3643.36,4723374300,1.302337965e+11
2021-01-06,000016.XSHG,3688.95,3736.65,3670.54,3736.65,3683.36,4516610600,1.253682819e+11
2021-01-07,000016.XSHG,3750.88,3808.07,3729.99,3808.07,3736.65,4291806300,1.271008767e+11
2021-01-08,000016.XSHG,3815.57,3833.86,3752.09,3788.32,3808.07,4158564400,1.294771918e+11
2021-01-11,000016.XSHG,3794.83,3849.68,3763.15,3776.53,3788.32,4745100000,1.334635365e+11
2021-01-12,000016.XSHG,3764.65,3906.12,3764.65,3906.12,3776.53,4817586700,1.404503948e+11
2021-01-13,000016.XSHG,3914,3931.95,3844.28,3873.23,3906.12,5527384900,1.477475487e+11
2021-01-14,000016.XSHG,3863.1,3866.95,3800.79,3811.22,3873.23,5086885900,1.418109091e+11
2021-01-15,000016.XSHG,3825.54,3866.01,3789.48,3817.93,3811.22,5563524300,1.44481908e+11
2021-01-18,000016.XSHG,3807.99,3873.45,3796.43,3849.4,3817.94,4224838400,1.212272398e+11
2021-01-19,000016.XSHG,3855.75,3862.11,3792.59,3808.69,3849.4,4274705600,1.234165063e+11
2021-01-20,000016.XSHG,3813.91,3838.31,3790.54,3814.65,3808.69,3437234300,1.052859574e+11
2021-01-21,000016.XSHG,3833.78,3874.67,3812.81,3850.06,3814.65,3673022900,1.197769066e+11
2021-01-22,000016.XSHG,3851.13,3862.89,3823.33,3846.39,3850.06,3825948000,1.191987725e+11
2021-01-25,000016.XSHG,3843.49,3903.19,3828.75,3898.15,3846.4,3733650100,1.363407152e+11
2021-01-26,000016.XSHG,3878.25,3878.25,3809.66,3813.29,3898.15,2958442000,1.005322886e+11
2021-01-27,000016.XSHG,3818.42,3831.62,3790.81,3818.27,3813.29,2870605400,9.21271659e+10
2021-01-28,000016.XSHG,3771.79,3779.41,3720.12,3735.03,3818.27,3004120600,9.478080452e+10
2021-01-29,000016.XSHG,3758.89,3767.01,3675.49,3713.25,3735.03,3274233000,1.040878905e+11
2021-02-01,000016.XSHG,3712.78,3747.73,3699.2,3746.37,3713.25,2948901600,8.697185997e+10
2021-02-02,000016.XSHG,3751.74,3774.06,3731.52,3771.47,3746.37,2885874800,9.371592822e+10
2021-02-03,000016.XSHG,3768.71,3796.43,3747.38,3775.72,3771.47,3160919300,1.066378858e+11
2021-02-04,000016.XSHG,3764.43,3820.34,3759.43,3801.62,3775.72,3316378000,1.147883172e+11
2021-02-05,000016.XSHG,3819.8,3876.68,3808.17,3840.77,3801.62,4158374600,1.062774958e+11
2021-02-08,000016.XSHG,3856.94,3896.54,3835.1,3890.47,3840.77,3333989300,9.81963863e+10
2021-02-09,000016.XSHG,3900.86,3952.94,3871.79,3952.83,3890.47,3274005900,9.773805995e+10
2021-02-10,000016.XSHG,3967.68,4039.23,3967.36,4028.53,3952.83,3895860300,1.085718435e+11
2021-02-18,000016.XSHG,4097.87,4110.18,3996.63,4014.32,4028.53,5120308500,1.413659482e+11
2021-02-19,000016.XSHG,3994.83,4023.88,3956.98,4014.46,4014.32,4289972600,1.23149831e+11
2021-02-22,000016.XSHG,4020.01,4020.01,3879.48,3881.87,4014.46,5872642700,1.469675689e+11
2021-02-23,000016.XSHG,3854.16,3942.09,3854.16,3897.72,3881.87,4345561200,1.089621123e+11
2021-02-24,000016.XSHG,3902.36,3910.01,3766.6,3805.47,3897.72,3934393100,1.235955282e+11
2021-02-25,000016.XSHG,3844.62,3878.21,3818.71,3851.03,3805.47,4668898600,1.189070874e+11
2021-02-26,000016.XSHG,3768.9,3819.04,3753.44,3756.86,3851.03,4157310200,1.137105935e+11
2021-03-01,000016.XSHG,3793.37,3795.05,3747.58,3787.87,3756.86,3365770700,9.843937549e+10
2021-03-02,000016.XSHG,3812.35,3812.35,3689.01,3718.77,3787.87,3521619700,1.054702702e+11
2021-03-03,000016.XSHG,3710.26,3818.07,3708.23,3817.41,3718.77,3657957900,9.51883234e+10
2021-03-04,000016.XSHG,3769.97,3781.28,3686.09,3708.66,3817.41,3637371800,1.058141258e+11
2021-03-05,000016.XSHG,3655.91,3721.28,3627.29,3688.68,3708.66,3613758200,9.387049943e+10
2021-03-08,000016.XSHG,3713.46,3732.78,3571.42,3573.43,3688.68,4175297800,1.090853237e+11
2021-03-09,000016.XSHG,3570.26,3595.19,3489.97,3509.61,3573.43,4234406100,1.157824418e+11
2021-03-10,000016.XSHG,3563.56,3572.37,3528.32,3532.05,3509.61,2809628700,8.169893368e+10
2021-03-11,000016.XSHG,3554.68,3633.77,3554.68,3625.31,3532.05,3105623000,8.751228876e+10
2021-03-12,000016.XSHG,3647.51,3647.51,3600.39,3632.58,3625.31,3513969900,8.435791151e+10
2021-03-15,000016.XSHG,3620.04,3627.31,3539.49,3566.88,3632.58,3748883200,9.227841178e+10
2021-03-16,000016.XSHG,3579.01,3608.11,3556.62,3599.16,3566.88,2839404100,7.20236607e+10
2021-03-17,000016.XSHG,3588.23,3616.94,3552.49,3590.83,3599.17,2622956500,7.177153497e+10
2021-03-18,000016.XSHG,3598.85,3619.33,3586.5,3605.6,3590.83,2340686900,6.511379763e+10
2021-03-19,000016.XSHG,3565.09,3573.06,3496.38,3512.02,3605.61,3468129800,7.724896034e+10
2021-03-22,000016.XSHG,3516.66,3558.94,3511.72,3538.43,3512.02,2639342300,6.648200222e+10
2021-03-23,000016.XSHG,3541.33,3542.82,3482.59,3516.36,3538.43,2531091500,6.238022091e+10
2021-03-24,000016.XSHG,3507.55,3528.73,3457.44,3466.04,3516.36,2563980400,6.475030769e+10
2021-03-25,000016.XSHG,3454.46,3479.13,3439.51,3463.87,3466.04,2326182800,5.697795537e+10
2021-03-26,000016.XSHG,3483.69,3539.23,3480.33,3529.73,3463.87,2481084700,7.26813225e+10
2021-03-29,000016.XSHG,3543.25,3563.4,3510.41,3537.71,3529.73,2820582800,7.338496955e+10
2021-03-30,000016.XSHG,3541.38,3582.02,3531.63,3577.24,3537.71,2577895500,6.975508556e+10
2021-03-31,000016.XSHG,3573.86,3573.86,3518.17,3539.37,3577.24,2998529900,7.272100018e+10
2021-04-01,000016.XSHG,3547.46,3586.36,3545.09,3582.65,3539.37,2135773900,5.593223396e+10
2021-04-02,000016.XSHG,3592.88,3616.8,3583.04,3616.76,3582.65,2339673500,6.665966296e+10
2021-04-06,000016.XSHG,3624.8,3624.8,3581.76,3594.71,3616.76,1797446900,5.645131776e+10
2021-04-07,000016.XSHG,3593.17,3593.17,3537.06,3558.47,3594.71,2280001300,6.223878133e+10
2021-04-08,000016.XSHG,3541.06,3582.91,3533.32,3573.04,3558.47,1947345400,5.387485316e+10
2021-04-09,000016.XSHG,3564.66,3565.22,3504.49,3514.11,3573.04,1968586000,5.580681938e+10
2021-04-12,000016.XSHG,3505.71,3520.73,3465.65,3477.07,3514.11,2485500600,6.736043171e+10
2021-04-13,000016.XSHG,3483.01,3505.39,3448.57,3461.46,3477.07,2107433100,5.898049516e+10
2021-04-14,000016.XSHG,3469.4,3484.06,3442.23,3469.17,3461.46,1950031300,6.023540556e+10
2021-04-15,000016.XSHG,3456.55,3456.55,3399.76,3431.49,3469.17,2126270100,6.430825088e+10
2021-04-16,000016.XSHG,3445.09,3456.72,3411.1,3448.1,3431.49,1868805600,5.486264993e+10
2021-04-19,000016.XSHG,3449.05,3515.88,3426.82,3513.4,3448.1,2719346500,7.759156948e+10
2021-04-20,000016.XSHG,3496.81,3532.79,3491.89,3510.12,3513.4,2117662100,6.663394693e+10
2021-04-21,000016.XSHG,3493.79,3524.54,3488.49,3516.1,3510.12,2075010200,5.996686153e+10
2021-04-22,000016.XSHG,3521.98,3524.71,3477.06,3487.43,3516.1,2267914100,5.81206955e+10
2021-04-23,000016.XSHG,3487.12,3533.23,3482.86,3524.02,3487.43,2055236700,6.488823383e+10
2021-04-26,000016.XSHG,3540.53,3548.21,3462.16,3467.66,3524.02,2586322700,8.049026038e+10
2021-04-27,000016.XSHG,3469.98,3482.6,3450.02,3476.3,3467.66,2080416600,6.135372240e+10
2021-04-28,000016.XSHG,3457.17,3473.04,3440.2,3473.04,3476.3,2245125900,7.751644479e+10
2021-04-29,000016.XSHG,3483.1,3519.83,3468.62,3517.21,3473.04,3148052500,8.371372942e+10
2021-04-30,000016.XSHG,3518.86,3522.61,3471.38,3491.19,3517.21,3402655400,8.647376325e+10
2021-05-06,000016.XSHG,3475.05,3510.4,3443.31,3449.94,3491.19,2993342900,9.004746899e+10
2021-05-07,000016.XSHG,3457.91,3470.52,3402.08,3406.31,3449.94,3009252800,8.212226226e+10
2021-05-10,000016.XSHG,3410.01,3416.03,3371.13,3399.98,3406.31,2804888900,6.875041533e+10
2021-05-11,000016.XSHG,3380.63,3443.36,3371.47,3437.71,3399.99,2493574100,7.127150887e+10
2021-05-12,000016.XSHG,3423.42,3456.07,3421.66,3447.86,3437.71,2368968000,5.956657601e+10
2021-05-13,000016.XSHG,3418.58,3435.45,3395.81,3413.89,3447.86,2188266800,6.067000853e+10
2021-05-14,000016.XSHG,3426.43,3504.65,3406.71,3503.04,3413.89,3452724800,9.53237008e+10
2021-05-17,000016.XSHG,3502.74,3556.49,3502.21,3539.91,3503.04,3016509100,9.243118386e+10
2021-05-18,000016.XSHG,3543.11,3550.08,3520.67,3537.7,3539.91,2378258700,5.721305829e+10
2021-05-19,000016.XSHG,3531.79,3531.79,3501.38,3511.47,3537.7,2380663300,6.055228295e+10
2021-05-20,000016.XSHG,3514.43,3530.49,3496.52,3522.45,3511.47,2382719600,6.320844758e+10
2021-05-21,000016.XSHG,3532.87,3544.27,3475.26,3481.86,3522.45,2064464400,6.117673426e+10
2021-05-24,000016.XSHG,3482.99,3499.45,3457.29,3497.75,3481.86,2298654300,6.453226766e+10
2021-05-25,000016.XSHG,3505.81,3645.07,3505.63,3641.29,3497.75,4418286500,1.257364325e+11
2021-05-26,000016.XSHG,3656.34,3678.07,3643.98,3657.19,3641.29,3455939600,9.658565945e+10
2021-05-27,000016.XSHG,3645.48,3709,3628.96,3664.94,3657.19,2987912000,8.51469959e+10
2021-05-28,000016.XSHG,3663.88,3689.25,3630.57,3659.3,3664.94,2868284600,8.046882804e+10
2021-05-31,000016.XSHG,3652.89,3652.89,3615.42,3650.22,3659.3,2632840100,7.791792518e+10
2021-06-01,000016.XSHG,3641.97,3652.95,3608.2,3650.9,3650.22,2816154700,8.285056793e+10
2021-06-02,000016.XSHG,3661.94,3665.92,3604.78,3622.4,3650.9,2797539200,7.430980217e+10
2021-06-03,000016.XSHG,3620.79,3637,3589.23,3591.16,3622.4,2602014600,6.785742746e+10
2021-06-04,000016.XSHG,3574.3,3655.92,3573.7,3612.7,3591.16,2885758100,7.783932101e+10
2021-06-07,000016.XSHG,3610.89,3613.28,3579.01,3601.11,3612.7,2569817900,6.978532434e+10
2021-06-08,000016.XSHG,3597.94,3634.82,3558.46,3580.28,3601.11,2607966900,7.17106661e+10
2021-06-09,000016.XSHG,3575.49,3599.62,3572.36,3587.53,3580.28,2729685900,6.435986774e+10
2021-06-10,000016.XSHG,3588.14,3634.92,3582.16,3607.68,3587.53,2865759200,8.22883306e+10
2021-06-11,000016.XSHG,3610.14,3611.25,3564.65,3576.78,3607.68,4072974500,9.900200525e+10
2021-06-15,000016.XSHG,3570.4,3579.09,3513.13,3528.67,3576.78,3754748900,1.028927644e+11
2021-06-16,000016.XSHG,3525.75,3532.85,3480.41,3486.29,3528.67,3162933300,8.650396335e+10
2021-06-17,000016.XSHG,3477.47,3503.55,3467.58,3481.6,3486.29,2944641900,7.828835368e+10
2021-06-18,000016.XSHG,3475.55,3488.26,3426.03,3454.59,3481.6,3611934200,1.112811058e+11
2021-06-21,000016.XSHG,3440.74,3455.56,3410.4,3431.25,3454.59,3045691500,9.298975561e+10
2021-06-22,000016.XSHG,3444.75,3469.81,3437.95,3464.71,3431.25,3262588500,9.298102923e+10
2021-06-23,000016.XSHG,3469.28,3496.44,3460.69,3471.34,3464.71,2956453300,9.966419375e+10
2021-06-24,000016.XSHG,3476.68,3487.27,3452.61,3483.91,3471.34,2876918300,8.753854114e+10
2021-06-25,000016.XSHG,3483.16,3545.43,3479.74,3535.02,3483.91,3602721100,1.050682246e+11
2021-06-28,000016.XSHG,3541.1,3543.7,3502.78,3520.74,3535.02,2970171700,9.148857374e+10
2021-06-29,000016.XSHG,3514.32,3517.36,3475.44,3482.73,3520.74,2881460800,9.179024762e+10
2021-06-30,000016.XSHG,3477.38,3504.96,3477.38,3498.65,3482.73,2493278600,7.998808357e+10
2021-07-01,000016.XSHG,3510.56,3535.33,3479.52,3535.25,3498.65,2955315700,9.750870619e+10
2021-07-02,000016.XSHG,3495.6,3495.6,3403.8,3408.24,3535.25,3471086200,1.094131402e+11
2021-07-05,000016.XSHG,3402.11,3415.56,3376.84,3404.79,3408.24,3092679300,9.860579707e+10
2021-07-06,000016.XSHG,3405.47,3406.76,3368.14,3405.28,3404.79,2921183300,1.019323108e+11
2021-07-07,000016.XSHG,3384.57,3433.73,3382.24,3424.39,3405.28,2691945900,9.138639387e+10
2021-07-08,000016.XSHG,3432.89,3434.15,3365.53,3373.26,3424.39,3386245300,1.057948252e+11
2021-07-09,000016.XSHG,3359.2,3373.14,3329.74,3361.59,3373.26,3163660600,9.153095013e+10
2021-07-12,000016.XSHG,3385.12,3413.35,3357.13,3384.51,3361.59,3841631900,1.111038728e+11
2021-07-13,000016.XSHG,3384.75,3409.79,3377.2,3391.74,3384.51,3140767500,9.290132771e+10
2021-07-14,000016.XSHG,3385.39,3385.39,3328.88,3339.38,3391.74,3473367600,9.47233368e+10
2021-07-15,000016.XSHG,3335.05,3414.42,3332.78,3411.29,3339.38,3195519300,9.848535895e+10
2021-07-16,000016.XSHG,3405.4,3413.27,3365.95,3369.9,3411.29,2722985500,8.968021869e+10
2021-07-19,000016.XSHG,3362.58,3390.27,3322.32,3385.37,3369.9,2981703700,8.394910146e+10
2021-07-20,000016.XSHG,3364.31,3382.09,3357.75,3378.63,3385.37,2586536200,7.693702657e+10
2021-07-21,000016.XSHG,3385.14,3410.82,3375.63,3388.52,3378.63,3349058200,1.105508464e+11
2021-07-22,000016.XSHG,3386.91,3410.63,3378.12,3392.72,3388.52,3695544300,1.16416573e+11
2021-07-23,000016.XSHG,3389.4,3389.43,3353.04,3357.45,3392.72,3684790700,1.123348652e+11
2021-07-26,000016.XSHG,3339.86,3339.86,3195.62,3228.37,3357.45,4433959400,1.421895655e+11
2021-07-27,000016.XSHG,3228.44,3238.39,3117.61,3126.38,3228.37,4984873200,1.491684821e+11
2021-07-28,000016.XSHG,3107.12,3171.08,3098.02,3154.64,3126.38,4051963700,1.207079917e+11
2021-07-29,000016.XSHG,3206.44,3207.9,3159.77,3182.8,3154.64,3564991500,1.171002058e+11
2021-07-30,000016.XSHG,3160.47,3160.47,3114.51,3132.82,3182.8,3238885100,1.158995575e+11
2021-08-02,000016.XSHG,3112.3,3217.81,3082.83,3211.14,3132.82,4557498400,1.458053823e+11
2021-08-03,000016.XSHG,3197.89,3235.4,3181.76,3223.83,3211.14,3889518500,1.254404255e+11
2021-08-04,000016.XSHG,3219.4,3242.39,3211.4,3233.1,3223.83,3364954200,1.219785916e+11
2021-08-05,000016.XSHG,3214.47,3266.3,3198.37,3227.36,3233.1,3184362600,1.106152581e+11
2021-08-06,000016.XSHG,3211.64,3213.1,3181.38,3195.7,3227.36,2990772300,1.016107714e+11
2021-08-09,000016.XSHG,3171.1,3253.08,3169.19,3235.21,3195.7,3874285800,1.211400738e+11
2021-08-10,000016.XSHG,3231.15,3290.25,3193.96,3288.65,3235.21,3246484200,1.150803079e+11
2021-08-11,000016.XSHG,3280.81,3298.41,3259.53,3262.58,3288.65,4006631800,1.004063558e+11
2021-08-12,000016.XSHG,3247.8,3262.9,3222.69,3226.11,3262.58,3226328300,9.817468484e+10
2021-08-13,000016.XSHG,3212.33,3242.31,3199.86,3217.84,3226.11,2820957300,8.731437044e+10
2021-08-16,000016.XSHG,3212.66,3246.93,3205.53,3222.62,3217.84,3254956200,8.798732177e+10
2021-08-17,000016.XSHG,3219.83,3240.33,3141.66,3149.88,3222.62,3978466900,1.12131108e+11
2021-08-18,000016.XSHG,3148.38,3204.87,3133.88,3190.55,3149.88,4550028900,1.195325831e+11
2021-08-19,000016.XSHG,3179.93,3185.73,3130.47,3144.37,3190.55,4519962300,1.123263796e+11
2021-08-20,000016.XSHG,3105.16,3118.7,3044.88,3072.75,3144.37,3853661800,1.152734986e+11
2021-08-23,000016.XSHG,3079.29,3109.99,3069.53,3099.89,3072.75,3166401500,1.026866469e+11
2021-08-24,000016.XSHG,3106.23,3160.56,3104.97,3147.77,3099.89,3820824500,1.197764616e+11
2021-08-25,000016.XSHG,3160.74,3173.37,3138.22,3159.8,3147.77,3366680000,1.053328311e+11
2021-08-26,000016.XSHG,3156.91,3156.91,3087.3,3088.83,3159.8,3159988800,9.289714071e+10
2021-08-27,000016.XSHG,3086.05,3145.98,3084.31,3123.05,3088.83,3261342600,9.766647111e+10
2021-08-30,000016.XSHG,3141.12,3141.76,3092.83,3112.7,3123.05,4520878800,1.300549514e+11
2021-08-31,000016.XSHG,3099.47,3122.91,3056.7,3097.06,3112.7,5160766900,1.386343163e+11
2021-09-01,000016.XSHG,3087.26,3185.82,3064.5,3165.04,3097.06,7304135800,1.770689676e+11
2021-09-02,000016.XSHG,3166.27,3189.25,3149.25,3167.1,3165.04,5178647200,1.253611478e+11
2021-09-03,000016.XSHG,3172.5,3203.32,3137.88,3175.88,3167.1,5276918600,1.287146593e+11
2021-09-06,000016.XSHG,3175.88,3228.95,3166.62,3211.2,3175.88,4575531200,1.24124425e+11
2021-09-07,000016.XSHG,3210.27,3259.92,3192.02,3248.05,3211.2,4618544600,1.062660373e+11
2021-09-08,000016.XSHG,3241,3254.1,3203.28,3213.26,3248.05,4206310000,1.001520586e+11
2021-09-09,000016.XSHG,3195.99,3208.63,3183.21,3204.28,3213.26,5235507300,1.007062249e+11
2021-09-10,000016.XSHG,3203.06,3268.73,3201.74,3252.32,3204.28,6146535000,1.278733924e+11
2021-09-13,000016.XSHG,3246.86,3271.1,3222.22,3242.04,3252.32,5146173700,1.158471746e+11
2021-09-14,000016.XSHG,3243.68,3257.62,3182.2,3188.26,3242.04,5692556900,1.145058739e+11
2021-09-15,000016.XSHG,3180.55,3180.55,3130.97,3146.63,3188.26,4282133900,9.511544862e+10
2021-09-16,000016.XSHG,3145.44,3157.9,3113.04,3128.59,3146.63,4552637400,9.819398401e+10
2021-09-17,000016.XSHG,3117.93,3162.05,3110.03,3161.92,3128.59,4002869400,9.380531102e+10
2021-09-22,000016.XSHG,3100.39,3129.78,3096.03,3122.34,3161.92,4058164000,8.097835655e+10
2021-09-23,000016.XSHG,3135.75,3159.97,3116.56,3127.82,3122.34,3779774000,8.49871924e+10
2021-09-24,000016.XSHG,3120.43,3173.05,3120.43,3145.11,3127.82,3538273300,9.350968407e+10
2021-09-27,000016.XSHG,3162.43,3218.88,3162.43,3199.97,3145.11,4229347300,1.206616419e+11
2021-09-28,000016.XSHG,3197.04,3224.57,3173.85,3211.15,3199.97,3810590300,8.458529206e+10
2021-09-29,000016.XSHG,3186.12,3222.28,3160.39,3199.23,3211.15,4081216500,8.532953352e+10
2021-09-30,000016.XSHG,3202.02,3213.56,3189.18,3196.99,3199.23,2969816000,7.384496158e+10
2021-10-08,000016.XSHG,3229.07,3263.93,3215.56,3256.26,3196.99,3892310800,1.050474677e+11
2021-10-11,000016.XSHG,3264.72,3318.15,3263.16,3276.41,3256.26,3842253200,9.503507769e+10
2021-10-12,000016.XSHG,3266.02,3280.06,3232.32,3259.38,3276.41,3498337100,8.10948149e+10
2021-10-13,000016.XSHG,3257.4,3307.23,3243.61,3292.76,3259.38,2877853700,7.868331898e+10
2021-10-14,000016.XSHG,3289.98,3301.91,3264.25,3270.69,3292.76,2411163200,6.37781744e+10
2021-10-15,000016.XSHG,3258.57,3301.15,3251.1,3294.83,3270.69,3261920300,8.05698543e+10
2021-10-18,000016.XSHG,3289.32,3289.32,3213.24,3229.63,3294.83,3243351200,8.85843361e+10
2021-10-19,000016.XSHG,3227.01,3265.51,3226.07,3256.67,3229.63,2912722500,8.01701767e+10
2021-10-20,000016.XSHG,3264.47,3282.57,3242.1,3255,3256.67,2758482300,7.69618756e+10
2021-10-21,000016.XSHG,3256.61,3294.05,3253.57,3278.54,3255,3130680700,8.06534994e+10
2021-10-22,000016.XSHG,3287.93,3336.73,3282.88,3318.13,3278.54,3129766200,8.23547116e+10
2021-10-25,000016.XSHG,3295.25,3316.57,3284.89,3312.3,3318.13,2834601400,7.896714816e+10
2021-10-26,000016.XSHG,3312.3,3327.66,3285.23,3290.04,3312.3,2598345400,7.001506067e+10
2021-10-27,000016.XSHG,3282.26,3282.26,3236.15,3247.1,3290.04,2804493600,7.446649844e+10
2021-10-28,000016.XSHG,3240.54,3252.73,3223.72,3239.61,3247.1,2992402000,8.268243634e+10
2021-10-29,000016.XSHG,3241.91,3267.25,3239.08,3267.25,3239.61,3477475100,1.128656204e+11
2021-11-01,000016.XSHG,3239.89,3262.49,3223.87,3250.92,3267.25,3343144300,1.032939621e+11
2021-11-02,000016.XSHG,3245.04,3267.76,3187.35,3212.03,3250.92,3974412300,1.137710869e+11
2021-11-03,000016.XSHG,3207.74,3220.34,3173.33,3181.45,3212.03,2726038700,8.612421859e+10
2021-11-04,000016.XSHG,3194.47,3216.23,3187.95,3207.26,3181.45,2663500800,8.53886679e+10
2021-11-05,000016.XSHG,3197.61,3229.97,3189.68,3201.55,3207.26,2644968800,7.964579379e+10
2021-11-08,000016.XSHG,3198.69,3214.33,3185.94,3196.27,3201.55,2577310300,7.240945729e+10
2021-11-09,000016.XSHG,3206.29,3214.89,3172.09,3186.96,3196.27,2363506800,7.090328709e+10
2021-11-10,000016.XSHG,3177.61,3182.26,3125.29,3170.4,3186.96,3085177300,8.75005195e+10
2021-11-11,000016.XSHG,3169.01,3233.59,3164.94,3233.37,3170.4,3806182200,9.40250185e+10
2021-11-12,000016.XSHG,3239.35,3241.13,3213.75,3220.55,3233.37,2576431200,6.75663603e+10
2021-11-15,000016.XSHG,3228.02,3241.92,3209.48,3221.69,3220.55,2220424000,6.574496619e+10
2021-11-16,000016.XSHG,3222.51,3243.45,3212.21,3222.17,3221.69,2424140300,7.154819991e+10
2021-11-17,000016.XSHG,3217.1,3226.11,3202.56,3208.78,3222.17,1980082400,5.977623196e+10
2021-11-18,000016.XSHG,3199.21,3199.21,3164.7,3173.38,3208.78,2004218200,5.744722991e+10
2021-11-19,000016.XSHG,3170.79,3217.82,3168.3,3212.91,3173.38,2570957800,6.603133037e+10
2021-11-22,000016.XSHG,3217.33,3228.29,3209.42,3212.15,3212.91,2625728600,7.775872155e+10
2021-11-23,000016.XSHG,3206.94,3237.65,3206.43,3224.15,3212.15,2648181200,7.592174577e+10
2021-11-24,000016.XSHG,3226.02,3247.78,3214.09,3231.84,3224.15,2321025300,7.512028372e+10
2021-11-25,000016.XSHG,3233.26,3236.26,3212.73,3218.05,3231.84,2101052600,6.908417514e+10
2021-11-26,000016.XSHG,3213.63,3214.05,3181.14,3187.36,3218.05,2303656800,6.547427371e+10
2021-11-29,000016.XSHG,3170.69,3188.11,3163.96,3187.05,3187.36,2718079300,7.738494518e+10
2021-11-30,000016.XSHG,3186.25,3196.04,3153.63,3165.35,3187.05,2341928200,6.504977755e+10
2021-12-01,000016.XSHG,3166.61,3182.38,3165.7,3180.42,3165.35,2500413500,7.0578361e+10
2021-12-02,000016.XSHG,3179.99,3198.03,3169.02,3190.87,3180.42,2741773700,7.257192517e+10
2021-12-03,000016.XSHG,3191.17,3221.42,3191.17,3221.42,3190.87,2726907900,8.653720876e+10
2021-12-06,000016.XSHG,3234.43,3257.19,3223.21,3228.14,3221.42,3541274300,9.281843992e+10
2021-12-07,000016.XSHG,3255.56,3262.08,3237.16,3254.5,3228.14,3778374300,9.253733625e+10
2021-12-08,000016.XSHG,3263.26,3306.97,3247.33,3304.71,3254.5,3274665800,9.474632824e+10
2021-12-09,000016.XSHG,3312.33,3393.16,3309.95,3360.18,3304.71,4255631300,1.1930818e+11
2021-12-10,000016.XSHG,3339.24,3353.63,3332.99,3353.63,3360.18,3939067800,9.647004597e+10
2021-12-13,000016.XSHG,3391.62,3428.74,3363.69,3366.07,3353.63,3974870500,1.172726498e+11
2021-12-14,000016.XSHG,3353.03,3364.52,3342.12,3350.5,3366.07,3146983300,8.37561193e+10
2021-12-15,000016.XSHG,3340.75,3359.67,3318.41,3318.98,3350.5,2482180700,6.910674183e+10
2021-12-16,000016.XSHG,3312.7,3330.86,3304.53,3330.86,3318.98,2533735800,7.6775716e+10
2021-12-17,000016.XSHG,3321.67,3330.23,3278.12,3278.9,3330.86,2633376700,8.056122575e+10
2021-12-20,000016.XSHG,3264.1,3294.13,3247.3,3255.35,3278.9,2784848500,7.408892276e+10
2021-12-21,000016.XSHG,3253.29,3277.37,3251.96,3273.03,3255.35,2453674100,6.077373604e+10
2021-12-22,000016.XSHG,3280.69,3287.76,3257.01,3260.57,3273.03,2234285700,5.73443825e+10
2021-12-23,000016.XSHG,3265.71,3287.19,3246.24,3287.19,3260.57,2141772600,5.896028355e+10
2021-12-24,000016.XSHG,3293.3,3306.91,3278.2,3290.24,3287.19,2180618400,6.900855558e+10
2021-12-27,000016.XSHG,3286.11,3291.98,3264.02,3278.44,3290.24,1967563600,6.025673809e+10
2021-12-28,000016.XSHG,3282.6,3307.79,3280.27,3303.4,3278.44,2600226200,7.178077858e+10
2021-12-29,000016.XSHG,3308.21,3308.23,3240.85,3240.85,3303.4,2009854100,7.242672887e+10
2021-12-30,000016.XSHG,3240.26,3277,3236.16,3261.79,3240.85,2228503200,7.00576079e+10
2021-12-31,000016.XSHG,3269.61,3282.68,3261.84,3274.32,3261.79,2054996100,6.56321495e+10
2022-01-04,000016.XSHG,3277.67,3281.74,3224.34,3264.07,3274.32,2998263700,8.24220209e+10
2022-01-05,000016.XSHG,3259.21,3289.16,3244.21,3254.28,3264.07,3706405000,9.285389350e+10
2022-01-06,000016.XSHG,3242.53,3251.12,3194.95,3210.39,3254.28,3173040300,8.553837329e+10
2022-01-07,000016.XSHG,3213.26,3240.74,3213.26,3223.27,3210.39,4069472400,8.449462795e+10
2022-01-10,000016.XSHG,3217.35,3237.22,3197.9,3236.12,3223.27,3338280400,7.55729553e+10
2022-01-11,000016.XSHG,3229.46,3247.9,3210.4,3214.53,3236.12,3066642000,7.28869593e+10
2022-01-12,000016.XSHG,3220.19,3244.23,3211.28,3236.31,3214.53,3244169300,7.24527696e+10
2022-01-13,000016.XSHG,3243.05,3247.82,3182.85,3184.11,3236.31,3478230400,7.75519566e+10
2022-01-14,000016.XSHG,3173.85,3173.85,3136.99,3139.05,3184.11,3451703200,7.31620634e+10
2022-01-17,000016.XSHG,3139.41,3159.19,3134.08,3147.7,3139.05,2703608500,6.77866283e+10
2022-01-18,000016.XSHG,3147.85,3198.47,3137.11,3187.52,3147.7,3505729400,7.36852092e+10
2022-01-19,000016.XSHG,3194.92,3201.94,3172.26,3187.19,3187.52,3099126700,6.84674922e+10
2022-01-20,000016.XSHG,3188.14,3251.22,3187.61,3233.7,3187.19,4026112700,8.46996151e+10
2022-01-21,000016.XSHG,3227.2,3234.47,3202.73,3218.74,3233.7,3233270900,8.04023552e+10
2022-01-24,000016.XSHG,3204.18,3218.98,3185.52,3209.74,3218.74,2827422900,6.39845446e+10
2022-01-25,000016.XSHG,3192.12,3198.11,3144.73,3144.95,3209.74,3031000600,6.62173315e+10
2022-01-26,000016.XSHG,3156.65,3169.53,3126.55,3163.67,3144.95,2418172700,5.9873017e+10
2022-01-27,000016.XSHG,3168.14,3168.76,3115.86,3119.24,3163.67,3110144200,7.40728026e+10
2022-01-28,000016.XSHG,3127.18,3140.29,3048.33,3054.02,3119.24,3355530500,7.87745529e+10
2022-02-07,000016.XSHG,3102.62,3129.19,3096.69,3114.26,3054.02,3647509700,7.5016344e+10
2022-02-08,000016.XSHG,3107.89,3118.58,3061.22,3116.5,3114.26,4036531200,7.55514741e+10
2022-02-09,000016.XSHG,3118.97,3148.23,3110.88,3139.56,3116.5,3914440300,7.50348418e+10
2022-02-10,000016.XSHG,3145.33,3146.96,3125.11,3145.11,3139.56,3650563200,7.65767869e+10
2022-02-11,000016.XSHG,3133.8,3172.09,3130.69,3142.91,3145.11,4359771100,9.41129513e+10
2022-02-14,000016.XSHG,3131.39,3131.84,3093.64,3104,3142.91,3892574500,7.72448473e+10
2022-02-15,000016.XSHG,3101.36,3126.42,3097.08,3119.93,3104,2931343800,6.79522493e+10
2022-02-16,000016.XSHG,3134.88,3150.86,3129.04,3136.08,3119.93,2483496300,5.42151373e+10
2022-02-17,000016.XSHG,3138.77,3156.87,3132.09,3139.18,3136.08,2546109500,5.57715003e+10
2022-02-18,000016.XSHG,3126.28,3162.82,3121.95,3162.82,3139.18,2387899300,4.97970867e+10
2022-02-21,000016.XSHG,3155.32,3155.88,3128.59,3144.86,3162.82,2635931000,4.89398412e+10
2022-02-22,000016.XSHG,3122.04,3122.29,3082.39,3102.32,3144.86,3155638900,6.93477504e+10
2022-02-23,000016.XSHG,3108.9,3120.34,3094.21,3118.04,3102.32,2968900600,6.45153889e+10
2022-02-24,000016.XSHG,3098.14,3104.7,3038.35,3059.64,3118.04,4707185000,9.74261371e+10
2022-02-25,000016.XSHG,3076.8,3104.87,3068.18,3075.59,3059.64,3563301800,7.26060297e+10
2022-02-28,000016.XSHG,3069.1,3081.36,3049.56,3080.78,3075.59,3066536900,6.56955776e+10
2022-03-01,000016.XSHG,3093.93,3129.26,3093.93,3125.69,3080.78,2763798100,6.9462496e+10
2022-03-02,000016.XSHG,3108.62,3113.35,3097.89,3107.24,3125.69,2774565200,5.62426516e+10
2022-03-03,000016.XSHG,3117.65,3124.89,3090.2,3097.09,3107.24,3705587700,6.68637902e+10
2022-03-04,000016.XSHG,3068.4,3079.47,3052.69,3062.38,3097.09,3091675000,6.78009415e+10
2022-03-07,000016.XSHG,3042.02,3042.02,2965.22,2974.68,3062.38,4265843700,8.88302905e+10
2022-03-08,000016.XSHG,2983.05,3005.56,2920.97,2933.16,2974.68,4105561100,8.83234197e+10
2022-03-09,000016.XSHG,2949.33,2965.57,2809.99,2907.18,2933.16,4727191800,9.7616289e+10
2022-03-10,000016.XSHG,2969.49,2973.61,2931.09,2933.46,2907.18,3422380000,8.35980771e+10
2022-03-11,000016.XSHG,2897.34,2944.25,2852.79,2935.68,2933.46,3645774600,8.18360777e+10
2022-03-14,000016.XSHG,2889.83,2920.71,2851.86,2851.88,2935.68,3237405400,7.93244206e+10
2022-03-15,000016.XSHG,2808.73,2825.55,2702.85,2702.85,2851.88,5215842000,1.06705027e+11
2022-03-16,000016.XSHG,2746.15,2836.85,2688.7,2827.75,2702.85,4811657400,1.086897479e+11
2022-03-17,000016.XSHG,2888.24,2918.54,2861.24,2877.22,2827.75,4322726300,1.086770392e+11
2022-03-18,000016.XSHG,2869.7,2925.72,2853.77,2913.19,2877.22,4130299600,8.45184718e+10
2022-03-21,000016.XSHG,2919.26,2919.26,2868.4,2892.11,2913.19,3048465700,7.03160612e+10
2022-03-22,000016.XSHG,2893.57,2921.73,2885.02,2900.77,2892.11,3074521000,6.39196263e+10
2022-03-23,000016.XSHG,2908.97,2928.44,2890.49,2916.51,2900.77,3004670000,7.04118084e+10
2022-03-24,000016.XSHG,2898.14,2918.3,2885.37,2903.62,2916.51,2773392700,6.57348314e+10
2022-03-25,000016.XSHG,2898.49,2910.92,2855.33,2856.43,2903.62,2676999900,6.20893614e+10
2022-03-28,000016.XSHG,2817.26,2866.07,2798.7,2853.18,2856.43,3213623900,6.68340198e+10
2022-03-29,000016.XSHG,2854.8,2873.61,2837.7,2842.15,2853.18,2365905500,5.55813487e+10
2022-03-30,000016.XSHG,2864.24,2915.49,2861.55,2915.49,2842.15,3400523200,7.63937862e+10
2022-03-31,000016.XSHG,2901.07,2915.51,2892.11,2898.83,2915.49,3316818000,6.75098664e+10
2022-04-01,000016.XSHG,2886.36,2954.51,2877.07,2943.24,2898.83,3396884700,7.52593087e+10
2022-04-06,000016.XSHG,2918.5,2941.05,2910.02,2931.2,2943.24,4339490800,8.07994946e+10
2022-04-07,000016.XSHG,2916.8,2943.24,2896.73,2902.48,2931.2,3282274200,6.01852142e+10
2022-04-08,000016.XSHG,2903.24,2929.89,2889.2,2925.49,2902.48,3623532000,6.61203278e+10
2022-04-11,000016.XSHG,2908.54,2908.54,2839.56,2846.38,2925.49,3591882300,7.47146475e+10
2022-04-12,000016.XSHG,2854.29,2895.53,2827.63,2894.26,2846.38,3399392600,7.01116438e+10
2022-04-13,000016.XSHG,2881.74,2914.2,2871.05,2882.28,2894.26,3114819000,6.29287473e+10
2022-04-14,000016.XSHG,2905.77,2947.45,2897.05,2928.6,2882.28,2866772700,6.53685816e+10
2022-04-15,000016.XSHG,2911.14,2943.6,2908.56,2930.58,2928.6,2958959500,5.8519092e+10
2022-04-18,000016.XSHG,2902.44,2902.44,2875.96,2887.72,2930.58,2910085900,6.22533636e+10
2022-04-19,000016.XSHG,2881.9,2899.26,2843.65,2861.57,2887.72,2842842300,6.32571332e+10
2022-04-20,000016.XSHG,2859.6,2868.57,2828.21,2835.35,2861.57,2926854100,6.04044718e+10
2022-04-21,000016.XSHG,2821.36,2848.82,2784.56,2797.53,2835.35,3285548000,6.41051293e+10
2022-04-22,000016.XSHG,2773.37,2826.68,2769.67,2814.13,2797.53,3084168500,5.90241765e+10
2022-04-25,000016.XSHG,2750.56,2772.55,2682.52,2683.41,2814.13,4428581300,8.71017664e+10
2022-04-26,000016.XSHG,2685.27,2729.19,2667.91,2681.03,2683.41,4030079900,8.0852213e+10
2022-04-27,000016.XSHG,2674.46,2737.03,2674.18,2734.54,2681.03,4208586100,8.54638274e+10
2022-04-28,000016.XSHG,2725.63,2775.06,2722.24,2769.71,2734.54,3783453000,7.70014204e+10
2022-04-29,000016.XSHG,2772.95,2820.55,2742.97,2805.34,2769.71,4141487500,8.31341278e+10
2022-05-05,000016.XSHG,2806.04,2824.54,2799.72,2800.93,2805.34,3523176000,7.15074395e+10
2022-05-06,000016.XSHG,2754.97,2760.44,2716.17,2719.76,2800.93,2747984600,5.49146608e+10
2022-05-09,000016.XSHG,2706.42,2716.66,2679.31,2695.13,2719.76,2189333500,4.62852281e+10
2022-05-10,000016.XSHG,2653.99,2733.11,2644.87,2718.37,2695.13,3433016100,6.619682e+10
2022-05-11,000016.XSHG,2714.68,2769.48,2713.86,2741.23,2718.37,3813222000,7.78719524e+10
2022-05-12,000016.XSHG,2723.41,2740.52,2711.35,2721.77,2741.23,2583563500,5.2554276e+10
2022-05-13,000016.XSHG,2741.77,2760.43,2729.58,2748.24,2721.77,2726297700,5.23740831e+10
2022-05-16,000016.XSHG,2764.39,2765.9,2710.57,2720.41,2748.24,2727873900,5.46783095e+10
2022-05-17,000016.XSHG,2730.42,2756.74,2723.7,2756.74,2720.41,2836239400,5.56061527e+10
2022-05-18,000016.XSHG,2765.28,2765.28,2720.92,2745.53,2756.74,2531908300,5.70590427e+10
2022-05-19,000016.XSHG,2711.45,2748.3,2708.81,2744.55,2745.53,2597853900,5.80867224e+10
2022-05-20,000016.XSHG,2759.83,2807.98,2759.83,2807.94,2744.55,3466762100,7.64037942e+10
2022-05-23,000016.XSHG,2813.93,2813.93,2769.7,2782.55,2807.94,2848875300,5.99780397e+10
2022-05-24,000016.XSHG,2784.65,2786.54,2733.7,2734.19,2782.55,3260985000,6.38335417e+10
2022-05-25,000016.XSHG,2737.64,2749.07,2727.49,2743.42,2734.19,2377273800,4.87959373e+10
2022-05-26,000016.XSHG,2749.99,2760.8,2717.74,2744.9,2743.42,2844144400,6.06057256e+10
2022-05-27,000016.XSHG,2766.32,2789.24,2753.78,2763.07,2744.9,2918524700,6.10318915e+10
2022-05-30,000016.XSHG,2777.85,2788.98,2767.09,2778.45,2763.07,2767430700,5.85896731e+10
2022-05-31,000016.XSHG,2780.56,2817.49,2769.56,2813.22,2778.45,3251868800,7.30835302e+10
2022-06-01,000016.XSHG,2811.15,2812.78,2783.61,2798.07,2813.22,2624483700,5.40137406e+10
2022-06-02,000016.XSHG,2786.08,2794.1,2776.73,2790.32,2798.07,2526837300,5.57697682e+10
2022-06-06,000016.XSHG,2792.44,2826.6,2762.96,2825.65,2790.32,4339136800,8.67628984e+10
2022-06-07,000016.XSHG,2828.16,2863.14,2819.82,2846.81,2825.65,3667886300,8.59562044e+10
2022-06-08,000016.XSHG,2857.69,2888.67,2849.26,2879.31,2846.81,3529928800,8.34638501e+10
2022-06-09,000016.XSHG,2877.88,2896.74,2857.82,2868.42,2879.31,3931963100,7.72782664e+10
2022-06-10,000016.XSHG,2843.58,2902.48,2836.86,2899.58,2868.42,4360883700,8.58453537e+10
2022-06-13,000016.XSHG,2862.9,2868.62,2826.98,2844.72,2899.58,4742483000,9.29324634e+10
2022-06-14,000016.XSHG,2814.82,2884.47,2808.98,2882.7,2844.72,4986870200,9.18759952e+10
2022-06-15,000016.XSHG,2882.15,2971.36,2882.15,2923.99,2882.7,6794505200,1.35234883e+11
2022-06-16,000016.XSHG,2927.16,2936.47,2888.74,2891.34,2923.99,4708186800,9.0668012e+10
2022-06-17,000016.XSHG,2876.51,2943.32,2876.51,2936.2,2891.34,4039392900,9.31156769e+10
2022-06-20,000016.XSHG,2935.22,2951.07,2904.38,2924.92,2936.2,4561041800,9.27286184e+10
2022-06-21,000016.XSHG,2924.15,2945.7,2902.38,2926.48,2924.92,5588918300,9.09882642e+10
2022-06-22,000016.XSHG,2932.06,2932.06,2890.76,2892.29,2926.48,5659816100,8.40845499e+10
2022-06-23,000016.XSHG,2896.72,2936.64,2896.72,2935.88,2892.29,6285940400,9.2505279e+10
2022-06-24,000016.XSHG,2945.29,2983.61,2944.19,2974.75,2935.88,6300014300,1.08034464e+11
2022-06-27,000016.XSHG,2991.1,3034.69,2991.1,3013.95,2974.75,6141922500,1.14054584e+11
2022-06-28,000016.XSHG,3012.62,3044.54,2991.54,3039.41,3013.95,5479232600,1.003249312e+11
2022-06-29,000016.XSHG,3029.38,3050.45,3001.28,3009.24,3039.41,5072538500,1.012797099e+11
2022-06-30,000016.XSHG,3001.81,3085.22,3001.81,3058.4,3009.24,4387491900,1.001365204e+11
2022-07-01,000016.XSHG,3066.59,3072.85,3033.6,3045.27,3058.4,4568476300,8.76370313e+10
2022-07-04,000016.XSHG,3031.06,3051.06,3011.33,3050.15,3045.27,4090379800,9.74663314e+10
2022-07-05,000016.XSHG,3058.43,3078.4,3018.19,3052.11,3050.15,4599256700,9.91853069e+10
2022-07-06,000016.XSHG,3041.49,3041.49,2979.33,2996.73,3052.11,4420669300,9.45085284e+10
2022-07-07,000016.XSHG,2994.36,3005,2968.35,2989.21,2996.73,3600641100,7.98297168e+10
2022-07-08,000016.XSHG,3012.88,3022.35,2992.63,2993.31,2989.21,3445529700,7.77366619e+10
2022-07-11,000016.XSHG,2974.36,2974.36,2930.1,2942.3,2993.31,4421239100,8.28103215e+10
2022-07-12,000016.XSHG,2942.52,2953.7,2910.45,2922,2942.3,3827040000,7.49961815e+10
2022-07-13,000016.XSHG,2918.35,2930.39,2902.66,2914.29,2922,4158447500,7.42136089e+10
2022-07-14,000016.XSHG,2906.48,2916.18,2882.57,2895.3,2914.29,4785324900,8.49928757e+10
2022-07-15,000016.XSHG,2873.81,2912.32,2839.39,2839.39,2895.3,4668847800,8.76982494e+10
2022-07-18,000016.XSHG,2849.99,2880.75,2826.13,2878.64,2839.39,3704412800,7.38086196e+10
2022-07-19,000016.XSHG,2876.32,2876.4,2839.06,2865.6,2878.64,3183718300,6.068623e+10
2022-07-20,000016.XSHG,2883.52,2887.94,2867.59,2874.08,2865.6,2543596000,5.43091223e+10
2022-07-21,000016.XSHG,2862.87,2866.31,2836.24,2836.66,2874.08,3197566600,5.95448147e+10
2022-07-22,000016.XSHG,2845.92,2869.36,2828.65,2848.44,2836.66,2768592400,5.82846008e+10
2022-07-25,000016.XSHG,2846.83,2846.98,2829.24,2837.26,2848.44,2159877200,4.67821682e+10
2022-07-26,000016.XSHG,2845.14,2864.46,2843,2854.64,2837.26,2543163500,5.47992488e+10
2022-07-27,000016.XSHG,2847.01,2847.86,2825.62,2829.92,2854.64,2285126500,5.40400512e+10
2022-07-28,000016.XSHG,2839.25,2861.52,2826.53,2827.11,2829.92,2846646000,6.43584626e+10
2022-07-29,000016.XSHG,2827.47,2849.25,2784.57,2792.33,2827.11,3356866800,6.72905654e+10
2022-08-01,000016.XSHG,2785.69,2794.18,2763.58,2781.68,2792.33,2800376500,5.98763538e+10
2022-08-02,000016.XSHG,2757.19,2757.19,2705.73,2730.76,2781.68,3854856800,7.24476517e+10
2022-08-03,000016.XSHG,2735.16,2755.68,2705.95,2710.72,2730.76,3084380300,6.9889918e+10
2022-08-04,000016.XSHG,2724.8,2743.62,2717.79,2741.09,2710.72,2697448900,6.10324172e+10
2022-08-05,000016.XSHG,2748.65,2777.11,2738.14,2774.34,2741.09,2824229400,6.23419878e+10
2022-08-08,000016.XSHG,2762.32,2771.36,2751.36,2761.16,2774.34,2384618200,5.45670252e+10
2022-08-09,000016.XSHG,2760.24,2769.73,2752.49,2764.07,2761.16,2190369500,5.10851663e+10
2022-08-10,000016.XSHG,2762.36,2770.5,2719.61,2730.96,2764.07,2293691000,5.3349296e+10
2022-08-11,000016.XSHG,2744.68,2787.37,2737.88,2787.06,2730.96,2947238500,6.6652795e+10
2022-08-12,000016.XSHG,2780.05,2802.58,2774.96,2796.89,2787.06,2666247700,5.4831015e+10
2022-08-15,000016.XSHG,2787.51,2811.24,2779.63,2782.67,2796.89,2645829000,5.55914792e+10
2022-08-16,000016.XSHG,2785.94,2793.27,2764.66,2769.26,2782.67,2347749400,5.51026944e+10
2022-08-17,000016.XSHG,2773.39,2791.71,2751.02,2785.85,2769.26,2803054800,5.47668268e+10
2022-08-18,000016.XSHG,2778.13,2783.76,2751.48,2759.29,2785.85,2258313200,5.17999858e+10
2022-08-19,000016.XSHG,2755.09,2772.22,2750.06,2750.63,2759.29,2818665800,6.52399097e+10
2022-08-22,000016.XSHG,2737.4,2767.28,2736.13,2756.37,2750.63,2912813600,6.90879129e+10
2022-08-23,000016.XSHG,2754.63,2759.69,2727.74,2735.67,2756.37,2490853800,6.25589263e+10
2022-08-24,000016.XSHG,2738.38,2750.87,2706.15,2708.09,2735.67,3092530600,6.47353986e+10
2022-08-25,000016.XSHG,2715.64,2756.94,2707.46,2752.56,2708.09,3196400900,6.69069461e+10
2022-08-26,000016.XSHG,2758.51,2763.64,2745.52,2751.59,2752.56,2603134700,5.91528834e+10
2022-08-29,000016.XSHG,2721.86,2736.6,2718.97,2732.21,2751.59,2489050700,4.93377084e+10
2022-08-30,000016.XSHG,2731.98,2741.6,2705.05,2726.66,2732.21,2593052200,4.99738397e+10
2022-08-31,000016.XSHG,2713.29,2779.62,2713.29,2761.78,2726.66,3988639500,8.44956951e+10
2022-09-01,000016.XSHG,2750.03,2757.88,2731.7,2732.4,2761.78,2542247900,5.38923027e+10
2022-09-02,000016.XSHG,2737.2,2740.66,2698.33,2711.26,2732.4,2278133500,4.62939737e+10
2022-09-05,000016.XSHG,2700.11,2706.96,2676.6,2697.77,2711.26,2493869000,5.35536374e+10
2022-09-06,000016.XSHG,2706.1,2726.72,2704,2724.5,2697.77,2912444800,5.93501572e+10
2022-09-07,000016.XSHG,2709.77,2718.17,2703.08,2710.69,2724.5,2345475400,5.2204053e+10
2022-09-08,000016.XSHG,2714.03,2725.25,2707.47,2708.28,2710.69,2420902200,4.55686244e+10
2022-09-09,000016.XSHG,2719.01,2763.17,2710.77,2757.57,2708.28,3248564000,6.68481602e+10
2022-09-13,000016.XSHG,2769.41,2781.4,2751.09,2769.23,2757.57,2992899200,6.24675919e+10
2022-09-14,000016.XSHG,2734.91,2760.4,2732.78,2745.43,2769.23,2484849900,4.61512771e+10
2022-09-15,000016.XSHG,2753.13,2769.46,2728.84,2743.79,2745.43,3369886100,6.52246949e+10
2022-09-16,000016.XSHG,2731.96,2738.65,2678.03,2678.03,2743.79,3844177400,6.55001961e+10
2022-09-19,000016.XSHG,2677.33,2695.4,2669.09,2679.59,2678.03,2726037900,4.69746193e+10
2022-09-20,000016.XSHG,2688.17,2691.55,2666.66,2673.88,2679.59,2375139400,4.34368186e+10
2022-09-21,000016.XSHG,2667.17,2670.06,2641.72,2652.21,2673.88,2396014700,4.56056e+10
2022-09-22,000016.XSHG,2632,2645.57,2621.82,2629.37,2652.21,2422923600,4.34560285e+10
2022-09-23,000016.XSHG,2625.25,2649.81,2618.94,2629.81,2629.37,3027793400,4.63557584e+10
2022-09-26,000016.XSHG,2612.67,2650.25,2611.53,2614.9,2629.81,3438453300,5.57926748e+10
2022-09-27,000016.XSHG,2616.05,2645.74,2605.24,2642.92,2614.9,2614497000,5.0215186e+10
2022-09-28,000016.XSHG,2635.26,2637.02,2608.64,2611.98,2642.92,2473208600,4.77251042e+10
2022-09-29,000016.XSHG,2633.07,2644.07,2596.96,2608.98,2611.98,2596901700,5.2847177e+10
2022-09-30,000016.XSHG,2618.08,2631.78,2604.93,2610.12,2608.98,2324446400,4.36469435e+10
2022-10-10,000016.XSHG,2610.76,2611.05,2542.01,2545.05,2610.12,3371835800,5.97955861e+10
2022-10-11,000016.XSHG,2552.17,2553.21,2532.28,2539.95,2545.05,2421649600,4.29926475e+10
2022-10-12,000016.XSHG,2537.81,2556.52,2482.55,2555.02,2539.95,2863560600,5.90947552e+10
2022-10-13,000016.XSHG,2534.51,2541.16,2517.44,2523.63,2555.02,2862722300,6.12414259e+10
2022-10-14,000016.XSHG,2544.24,2599.14,2541.38,2584.68,2523.63,3344961900,7.32661056e+10
2022-10-17,000016.XSHG,2572.61,2588.34,2561.24,2585.5,2584.68,2682674200,5.78297567e+10
2022-10-18,000016.XSHG,2594.7,2598.21,2565.04,2569.97,2585.5,2097505000,4.62315903e+10
2022-10-19,000016.XSHG,2562.54,2572.3,2519.9,2519.9,2569.97,2159068300,5.25421017e+10
2022-10-20,000016.XSHG,2495.02,2535.39,2494.29,2501.5,2519.9,2383318200,5.68518495e+10
2022-10-21,000016.XSHG,2503.11,2510.6,2473.2,2487.22,2501.5,2725154900,5.28149779e+10
2022-10-24,000016.XSHG,2468.7,2493.06,2386.54,2392.6,2487.22,3980191500,8.93570861e+10
2022-10-25,000016.XSHG,2386.85,2427.32,2376.16,2394.92,2392.6,2843940900,6.38652875e+10
2022-10-26,000016.XSHG,2395.87,2438.69,2392.74,2400.52,2394.92,3658010900,6.91808724e+10
2022-10-27,000016.XSHG,2413.02,2432.15,2379.06,2381.26,2400.52,3551725200,7.54109924e+10
2022-10-28,000016.XSHG,2364.75,2377.91,2322.64,2326.94,2381.26,3245822300,7.07297066e+10
2022-10-31,000016.XSHG,2300.88,2327.06,2288.01,2295.92,2326.94,4152062500,7.58914311e+10
2022-11-01,000016.XSHG,2306.43,2397,2306.43,2396.63,2295.92,5009886700,9.69147756e+10
2022-11-02,000016.XSHG,2385.71,2437.95,2375.51,2418.32,2396.63,4229089000,8.77153828e+10
2022-11-03,000016.XSHG,2396.47,2409.14,2376.07,2387.45,2418.32,2865275600,6.10432663e+10
2022-11-04,000016.XSHG,2383.96,2479.23,2383.96,2468.28,2387.45,4062206800,8.70293225e+10
2022-11-07,000016.XSHG,2452.01,2490.32,2449.63,2477.77,2468.28,4044196100,7.17571318e+10
2022-11-08,000016.XSHG,2476.65,2482.58,2442.92,2459.09,2477.77,2729935200,5.15568482e+10
2022-11-09,000016.XSHG,2460.24,2470.41,2435.02,2440.35,2459.09,2512532500,4.52432062e+10
2022-11-10,000016.XSHG,2422.01,2451.47,2414.35,2440.32,2440.35,3820402100,5.02155918e+10
2022-11-11,000016.XSHG,2511.78,2546.09,2482.11,2518.05,2440.32,6150088100,1.046491745e+11
2022-11-14,000016.XSHG,2550.97,2577.2,2532.55,2538.3,2518.05,5034200000,9.42284721e+10
2022-11-15,000016.XSHG,2535.28,2594.27,2526.62,2583.72,2538.3,3658090100,7.89091463e+10
2022-11-16,000016.XSHG,2581.93,2595.3,2568.38,2572.89,2583.72,2883615500,6.44191856e+10
2022-11-17,000016.XSHG,2566.28,2569.43,2531.3,2560.02,2572.89,2748370300,6.15560875e+10
2022-11-18,000016.XSHG,2563.27,2572.71,2544.84,2546.72,2560.02,2845696200,5.55937637e+10
2022-11-21,000016.XSHG,2523.05,2523.05,2489.44,2514.85,2546.72,2553077900,5.4296498e+10
2022-11-22,000016.XSHG,2516.7,2555.79,2508.86,2531.34,2514.85,3729538100,5.65441062e+10
2022-11-23,000016.XSHG,2524.18,2554.76,2520.83,2535.52,2531.34,3596386100,5.24658632e+10
2022-11-24,000016.XSHG,2550.3,2562.08,2517.18,2520.56,2535.52,2231919200,3.89229952e+10
2022-11-25,000016.XSHG,2518.88,2554.54,2512.88,2544.61,2520.56,4129528800,5.37245964e+10
2022-11-28,000016.XSHG,2489.47,2507.78,2458.87,2503.62,2544.61,3277473700,5.77214671e+10
2022-11-29,000016.XSHG,2538.61,2611.75,2538.61,2607.75,2503.62,4908325000,9.16048489e+10
2022-11-30,000016.XSHG,2595.23,2623.85,2593.51,2606.54,2607.75,4055544000,6.77177359e+10
2022-12-01,000016.XSHG,2661.18,2678.34,2629.89,2631.21,2606.54,4415753300,8.37232215e+10
2022-12-02,000016.XSHG,2628.11,2630.26,2609.51,2614.61,2631.21,2931479400,5.50638328e+10
2022-12-05,000016.XSHG,2647.46,2676.42,2635.75,2676.14,2614.61,5462980300,8.48090791e+10
2022-12-06,000016.XSHG,2663.11,2704.9,2658.16,2684.85,2676.14,3625603300,7.07403344e+10
2022-12-07,000016.XSHG,2678.64,2705.24,2661.25,2670.65,2684.85,3453257800,6.41781415e+10
2022-12-08,000016.XSHG,2667.36,2681.65,2661.75,2672.9,2670.65,2633491900,5.12412773e+10
2022-12-09,000016.XSHG,2676.71,2712.88,2663.6,2706.74,2672.9,3834628300,7.38265232e+10
2022-12-12,000016.XSHG,2689.57,2700.4,2670.2,2673.94,2706.74,3163207900,6.48827168e+10
2022-12-13,000016.XSHG,2673.54,2688.22,2668.48,2676.9,2673.94,2852129800,4.99213774e+10
2022-12-14,000016.XSHG,2678.47,2698.01,2663.78,2686.37,2676.9,2596693300,5.60479694e+10
2022-12-15,000016.XSHG,2689.57,2697.42,2661.85,2675.19,2686.37,2315916300,4.83829397e+10
2022-12-16,000016.XSHG,2662.48,2691.19,2662.48,2688.29,2675.19,2496106800,5.07019825e+10
2022-12-19,000016.XSHG,2688.12,2696.93,2635.19,2646.18,2688.29,2635463300,4.78773552e+10
2022-12-20,000016.XSHG,2636.08,2640.01,2580.87,2599.49,2646.18,2172397100,4.72849072e+10
2022-12-21,000016.XSHG,2608.87,2617.92,2602.61,2607.42,2599.49,1573883000,3.37381711e+10
2022-12-22,000016.XSHG,2632.2,2645.73,2608.44,2619.76,2607.42,2106950300,4.57680489e+10
2022-12-23,000016.XSHG,2602.41,2628.39,2595.85,2615.88,2619.76,1592901400,3.44431926e+10
2022-12-26,000016.XSHG,2617.18,2625.88,2604.9,2607.52,2615.88,1981241700,4.1566452e+10
2022-12-27,000016.XSHG,2623.17,2640.74,2616.93,2632.45,2607.52,2181466100,3.98527086e+10
2022-12-28,000016.XSHG,2629.98,2646.71,2620.12,2638.31,2632.45,2317118900,4.16566559e+10
2022-12-29,000016.XSHG,2622.19,2627.43,2605.05,2622.07,2638.31,2277666700,4.12514958e+10
2022-12-30,000016.XSHG,2633.16,2648.41,2631.85,2635.25,2622.07,2388975700,4.18382754e+10
2023-01-03,000016.XSHG,2628.67,2645.99,2603.72,2641.42,2635.25,3023010000,5.47469661e+10
2023-01-04,000016.XSHG,2644.29,2659.54,2637.72,2651.01,2641.42,2806552100,5.179384e+10
2023-01-05,000016.XSHG,2670.46,2705.74,2668.15,2700.31,2651.01,2771489400,6.57542335e+10
2023-01-06,000016.XSHG,2704.24,2721.93,2698.91,2713.63,2700.31,2836725900,6.11902936e+10
2023-01-09,000016.XSHG,2731,2747.61,2722.15,2742.2,2713.63,2968289700,6.13584968e+10
2023-01-10,000016.XSHG,2742.7,2748.64,2731.82,2733.62,2742.2,2421291500,5.52513927e+10
2023-01-11,000016.XSHG,2739.94,2760.1,2733.43,2740.19,2733.62,2474804500,5.47466996e+10
2023-01-12,000016.XSHG,2749.69,2752.12,2732.83,2741.95,2740.19,2225790300,4.78880792e+10
2023-01-13,000016.XSHG,2751.58,2787.36,2747.36,2787.36,2741.95,2465201500,5.64441425e+10
2023-01-16,000016.XSHG,2789.87,2864.88,2787.95,2834.29,2787.36,3927658400,9.3451913e+10
2023-01-17,000016.XSHG,2833.74,2837.59,2813.72,2827.03,2834.29,2496952600,5.83940509e+10
2023-01-18,000016.XSHG,2829.79,2838.83,2807.55,2810.09,2827.03,2056246800,4.69765588e+10
2023-01-19,000016.XSHG,2807.56,2823.11,2786.08,2820.81,2810.09,2393665200,5.60707955e+10
2023-01-20,000016.XSHG,2831.68,2847.31,2822.69,2836.81,2820.81,3441054600,6.43272529e+10
2023-01-30,000016.XSHG,2895.35,2895.35,2835.65,2839.12,2836.81,4202651800,9.1628151e+10
2023-01-31,000016.XSHG,2842.52,2853.9,2804.98,2807.95,2839.12,3003290000,6.71830345e+10
2023-02-01,000016.XSHG,2819.18,2820.87,2780.89,2820.87,2807.95,3755598700,7.19883157e+10
2023-02-02,000016.XSHG,2828.53,2828.53,2798.35,2811.85,2820.87,3406447500,7.07940927e+10
2023-02-03,000016.XSHG,2795.11,2795.11,2753.06,2774.8,2811.85,3100746000,6.54130674e+10
2023-02-06,000016.XSHG,2744.7,2744.7,2716.73,2735,2774.8,2630430000,5.96547577e+10
2023-02-07,000016.XSHG,2744.7,2752.79,2730.83,2740.44,2735,2070821000,4.27908632e+10
2023-02-08,000016.XSHG,2744.49,2758.04,2727.77,2731.25,2740.44,2011526100,3.80284875e+10
2023-02-09,000016.XSHG,2725.2,2765.62,2723.56,2761.87,2731.25,1982508100,4.87914683e+10
2023-02-10,000016.XSHG,2757.53,2757.53,2738.61,2746.72,2761.87,1851016700,4.07476263e+10
2023-02-13,000016.XSHG,2739.72,2772.05,2733.21,2767.79,2746.72,3010436400,6.3989469e+10
2023-02-14,000016.XSHG,2770.24,2776.98,2760.59,2776.98,2767.79,2229484000,4.95315339e+10
2023-02-15,000016.XSHG,2776.01,2780.59,2746.28,2752.34,2776.98,2391906700,4.86135273e+10
2023-02-16,000016.XSHG,2754.95,2787.16,2725.84,2742.8,2752.34,3259397400,6.4225693e+10
2023-02-17,000016.XSHG,2737.01,2759.52,2712.5,2714.29,2742.8,2701408300,5.28737704e+10
2023-02-20,000016.XSHG,2720.05,2790.98,2717.5,2788.4,2714.29,3854566600,7.05672588e+10
2023-02-21,000016.XSHG,2785.99,2805.71,2779.18,2802.14,2788.4,3558722600,6.38006089e+10
2023-02-22,000016.XSHG,2786.72,2795.24,2766.36,2769.34,2802.14,2131012300,4.53440548e+10
2023-02-23,000016.XSHG,2770.72,2790.89,2757.49,2767.54,2769.34,2312096100,4.94639668e+10
2023-02-24,000016.XSHG,2762.79,2764.65,2722.18,2727.59,2767.54,2506208500,4.9608202e+10
2023-02-27,000016.XSHG,2713.43,2738.12,2712.79,2723.58,2727.59,2228827600,4.49257793e+10
2023-02-28,000016.XSHG,2730.52,2740.22,2703.26,2737.15,2723.58,2417089600,4.56015104e+10
2023-03-01,000016.XSHG,2736.05,2783.32,2729.8,2773.65,2737.15,3589395200,5.98598989e+10
2023-03-02,000016.XSHG,2766.08,2782.79,2762.11,2769.11,2773.65,3374775200,5.28170377e+10
2023-03-03,000016.XSHG,2778.89,2784.13,2757.69,2774.51,2769.11,4042899200,5.33086308e+10
2023-03-06,000016.XSHG,2773.27,2774,2734.96,2744.14,2774.51,3830167500,6.72389229e+10
2023-03-07,000016.XSHG,2741.79,2761.35,2711.25,2713.17,2744.14,5514611100,7.34437308e+10
2023-03-08,000016.XSHG,2698.59,2699.88,2679.17,2691.93,2713.17,2953930800,4.76886851e+10
2023-03-09,000016.XSHG,2694.15,2697.25,2660.62,2671.84,2691.93,2725121400,4.70630415e+10
2023-03-10,000016.XSHG,2648.81,2667.96,2636.01,2636.39,2671.84,2877869200,4.75197032e+10
2023-03-13,000016.XSHG,2637.82,2672.01,2637.71,2664.04,2636.39,3416432900,5.37571208e+10
2023-03-14,000016.XSHG,2658.28,2658.28,2627,2645.11,2664.04,3304226600,5.48322295e+10
2023-03-15,000016.XSHG,2666.94,2674.08,2647.96,2648.39,2645.11,3334592600,4.98415311e+10
2023-03-16,000016.XSHG,2627.04,2647.53,2621.72,2622.82,2648.39,3947851600,5.73712051e+10
2023-03-17,000016.XSHG,2644.95,2672.29,2620.43,2628.59,2622.82,4371773200,6.86529795e+10
2023-03-20,000016.XSHG,2632.25,2644.83,2614.28,2616.75,2628.59,4291607800,6.24062579e+10
2023-03-21,000016.XSHG,2623.58,2648.05,2622.85,2643.36,2616.75,3116169000,5.38341718e+10
2023-03-22,000016.XSHG,2652.71,2666.7,2643.12,2651.53,2643.36,2614351300,4.8176488e+10
2023-03-23,000016.XSHG,2641.82,2668.67,2641.07,2668.67,2651.53,2876718200,5.35632662e+10
2023-03-24,000016.XSHG,2664.53,2664.53,2648.34,2653.29,2668.67,3071161200,5.35081709e+10
2023-03-27,000016.XSHG,2652.79,2652.79,2626.58,2639.62,2653.29,3404535900,5.64551837e+10
2023-03-28,000016.XSHG,2646.98,2653.57,2633.92,2638.74,2639.62,2721578100,4.76125161e+10
2023-03-29,000016.XSHG,2655.41,2658.13,2632.84,2636.22,2638.74,2688867900,4.74307089e+10
2023-03-30,000016.XSHG,2639.36,2665.34,2628.1,2664.21,2636.22,3361247100,5.91767917e+10
2023-03-31,000016.XSHG,2670.95,2681.82,2657.77,2661.92,2664.21,2888885900,5.64144317e+10
2023-04-03,000016.XSHG,2667.18,2673.66,2655.07,2665.72,2661.92,3526983500,6.81744749e+10
2023-04-04,000016.XSHG,2668.4,2676.06,2657.86,2675.92,2665.72,3949734300,7.03013015e+10
2023-04-06,000016.XSHG,2668.13,2672.72,2659.91,2666.45,2675.92,2960554100,5.84703883e+10
2023-04-07,000016.XSHG,2667.14,2692.51,2663.61,2684.86,2666.45,2416104200,5.57797495e+10
2023-04-10,000016.XSHG,2690.43,2690.43,2671.52,2684.91,2684.86,3226643000,6.9540603e+10
2023-04-11,000016.XSHG,2690.63,2694.32,2671.95,2680.04,2684.91,3411483400,7.01968137e+10
2023-04-12,000016.XSHG,2684.05,2684.44,2663.2,2665.77,2680.04,3496272600,7.1006118e+10
2023-04-13,000016.XSHG,2659.94,2675,2652.96,2670.01,2665.77,3609958700,6.98592149e+10
2023-04-14,000016.XSHG,2679.13,2692.46,2668.81,2679.01,2670.01,3089633800,6.7304124e+10
2023-04-17,000016.XSHG,2680.63,2732.97,2678.14,2732.97,2679.01,4536613900,8.48447091e+10
2023-04-18,000016.XSHG,2724.49,2753.81,2722.61,2744.45,2732.97,3961595500,7.59790825e+10
2023-04-19,000016.XSHG,2746.06,2746.06,2716.75,2720.72,2744.45,3290309400,6.21635066e+10
2023-04-20,000016.XSHG,2718.24,2721.2,2693.26,2704.86,2720.72,3586716700,6.57816034e+10
2023-04-21,000016.XSHG,2703.4,2703.4,2652.26,2654.21,2704.86,3732568800,6.91575597e+10
2023-04-24,000016.XSHG,2655.08,2656.67,2611.38,2618.48,2654.21,3741050200,6.7028084e+10
2023-04-25,000016.XSHG,2621.02,2629.73,2596.56,2619.23,2618.48,3951624200,6.71357495e+10
2023-04-26,000016.XSHG,2614.96,2627.58,2605.18,2617.98,2619.23,3696134800,6.43298204e+10
2023-04-27,000016.XSHG,2618.46,2658.78,2612.92,2650.57,2617.98,3617482600,7.46381479e+10
2023-04-28,000016.XSHG,2653.14,2683.47,2653.14,2677.76,2650.57,4054877900,8.23329786e+10
2023-05-04,000016.XSHG,2663.45,2696.59,2654.23,2692.69,2677.76,5405592900,8.85834817e+10
2023-05-05,000016.XSHG,2698.59,2706.33,2672.03,2685.17,2692.69,4679769400,7.54249959e+10
2023-05-08,000016.XSHG,2694.57,2727.73,2685.52,2720.32,2685.17,6388254700,9.46565727e+10
2023-05-09,000016.XSHG,2723.19,2751.44,2702.77,2703.94,2720.32,6880796700,1.04858707e+11
2023-05-10,000016.XSHG,2698.77,2706.2,2669.73,2673.91,2703.94,5452477700,7.68872824e+10
2023-05-11,000016.XSHG,2682.38,2688.69,2663.54,2666.06,2673.91,3299201000,5.42147831e+10
2023-05-12,000016.XSHG,2662.8,2668.88,2630.29,2630.95,2666.06,3491286300,5.6724793e+10
2023-05-15,000016.XSHG,2628.46,2677.26,2619.56,2677.04,2630.95,4455321600,6.71508597e+10
2023-05-16,000016.XSHG,2681.39,2685.58,2661.95,2670.45,2677.04,3387999800,5.7784757e+10
2023-05-17,000016.XSHG,2666.04,2673.02,2642.63,2649.36,2670.45,2624992700,4.78199609e+10
2023-05-18,000016.XSHG,2653.01,2665.28,2634.61,2644.22,2649.36,3196736100,4.87968651e+10
2023-05-19,000016.XSHG,2632.59,2649.69,2614.96,2633.39,2644.22,2981386000,5.12027809e+10
2023-05-22,000016.XSHG,2630.11,2669.23,2628.76,2658.79,2633.39,2809853300,5.51989147e+10
2023-05-23,000016.XSHG,2657.92,2662.39,2617.54,2617.54,2658.79,3051396200,5.00370969e+10
2023-05-24,000016.XSHG,2615.57,2615.57,2576.83,2577.34,2617.54,3691243400,5.61224231e+10
2023-05-25,000016.XSHG,2567.45,2572.19,2544.27,2564.5,2577.34,3177204900,5.18864734e+10
2023-05-26,000016.XSHG,2562.55,2569.23,2536.26,2559.61,2564.5,2404861600,4.29816914e+10
2023-05-29,000016.XSHG,2565.59,2566.83,2537,2548.29,2559.61,2943982100,5.06382535e+10
2023-05-30,000016.XSHG,2546.17,2553.95,2508.29,2535.14,2548.29,3187403700,5.44856965e+10
2023-05-31,000016.XSHG,2524.79,2525.11,2485.86,2493.35,2535.14,3075485800,5.88445022e+10
2023-06-01,000016.XSHG,2487.76,2522.86,2487.76,2500.34,2493.35,3249022100,5.36691689e+10
2023-06-02,000016.XSHG,2511.69,2547.09,2511.33,2543.58,2500.34,3041823100,5.44657447e+10
2023-06-05,000016.XSHG,2540.02,2542.48,2522.71,2528.4,2543.58,2973441700,4.46212757e+10
2023-06-06,000016.XSHG,2528.17,2560.06,2516.47,2519.19,2528.4,3083059600,5.05650802e+10
2023-06-07,000016.XSHG,2528.85,2537.23,2506.2,2511.39,2519.19,2347939000,4.00357507e+10
2023-06-08,000016.XSHG,2512.45,2549.32,2504.1,2540.06,2511.39,2903328100,4.53111343e+10
2023-06-09,000016.XSHG,2541.03,2550.59,2536.18,2543.93,2540.06,2963860000,5.20272862e+10
2023-06-12,000016.XSHG,2536.38,2553.99,2524.31,2542.2,2543.93,3623516100,5.74201258e+10
2023-06-13,000016.XSHG,2535.99,2547.85,2523.97,2544.95,2542.2,2933167400,4.72446414e+10
2023-06-14,000016.XSHG,2549.67,2564.34,2540.58,2541.81,2544.95,3388306600,5.78390599e+10
2023-06-15,000016.XSHG,2547.49,2576.74,2546.21,2576.74,2541.81,3252079500,6.43844842e+10
2023-06-16,000016.XSHG,2581.97,2604.63,2581.77,2600.92,2576.74,3586129900,6.77288235e+10
2023-06-19,000016.XSHG,2591.33,2591.33,2556.89,2560.53,2600.92,3647335000,6.03836619e+10
2023-06-20,000016.XSHG,2558.1,2564.54,2544.05,2547.25,2560.53,2871367000,4.81018312e+10
2023-06-21,000016.XSHG,2536.95,2548.93,2519.08,2519.08,2547.25,3239175700,5.123542e+10
2023-06-26,000016.XSHG,2500.85,2503.11,2482.61,2488.74,2519.08,3187947100,5.0260728e+10
2023-06-27,000016.XSHG,2490.98,2513.98,2481.75,2506.6,2488.74,3244820900,4.66240602e+10
2023-06-28,000016.XSHG,2501.16,2511.62,2491.25,2510.72,2506.6,2791063600,4.569551e+10
2023-06-29,000016.XSHG,2510.89,2513.55,2490.64,2490.9,2510.72,2426959300,4.30222674e+10
2023-06-30,000016.XSHG,2484.65,2508.25,2482.49,2492.1,2490.9,2410424700,4.21352829e+10
2023-07-03,000016.XSHG,2496.92,2537.69,2496.43,2534.47,2492.1,3462487500,5.71322594e+10
2023-07-04,000016.XSHG,2532.59,2539.82,2525.38,2537.6,2534.47,3128696600,5.21260551e+10
2023-07-05,000016.XSHG,2533.19,2537.19,2514.09,2520.18,2537.6,3081395300,4.55500216e+10
2023-07-06,000016.XSHG,2513.43,2525.56,2495.91,2501.32,2520.18,2648765800,4.10172494e+10
2023-07-07,000016.XSHG,2493.49,2500.58,2484.89,2489.54,2501.32,2402585300,3.89389321e+10
2023-07-10,000016.XSHG,2501.53,2520.15,2495.87,2503.28,2489.54,2453913100,4.96654376e+10
2023-07-11,000016.XSHG,2513.71,2521.05,2504.2,2518.53,2503.28,2281569100,4.2603359e+10
2023-07-12,000016.XSHG,2516.68,2529.53,2510.16,2513.42,2518.53,3032302100,5.49346206e+10
2023-07-13,000016.XSHG,2519.38,2547.78,2519.38,2546.38,2513.42,3437478900,6.26474709e+10
2023-07-14,000016.XSHG,2554.64,2556.85,2543.18,2547.94,2546.38,3635319500,5.30841776e+10
2023-07-17,000016.XSHG,2535.64,2535.64,2511.36,2520.79,2547.94,3173539500,4.23157714e+10
2023-07-18,000016.XSHG,2520.62,2520.62,2503.52,2511.64,2520.79,2668199600,3.94207964e+10
2023-07-19,000016.XSHG,2506.42,2518.9,2503.34,2517.11,2511.64,2211909700,3.74152093e+10
2023-07-20,000016.XSHG,2523.27,2535.61,2503.48,2506.86,2517.11,2454900000,4.26100445e+10
2023-07-21,000016.XSHG,2501.4,2527.28,2496.81,2509.29,2506.86,2241300500,4.50523921e+10
2023-07-24,000016.XSHG,2492.22,2509.78,2492.19,2500,2509.29,1906578900,3.48562602e+10
2023-07-25,000016.XSHG,2539.48,2578.96,2539.48,2578.35,2500,4035765300,7.90081477e+10
2023-07-26,000016.XSHG,2574.81,2581.25,2564.89,2576.39,2578.35,2607063500,4.47882604e+10
2023-07-27,000016.XSHG,2580.24,2596.33,2569.1,2575.36,2576.39,2976257200,4.90601628e+10
2023-07-28,000016.XSHG,2564.87,2653.26,2563.16,2647.03,2575.36,4856652800,8.67268762e+10
2023-07-31,000016.XSHG,2666.49,2700.74,2644.09,2653.37,2647.03,5174480600,9.94506134e+10
2023-08-01,000016.XSHG,2652.24,2670.25,2636.15,2645.89,2653.37,3917887500,6.80524766e+10
2023-08-02,000016.XSHG,2635.55,2651.18,2612.35,2620.68,2645.89,3712302900,5.65986184e+10
2023-08-03,000016.XSHG,2617.79,2647.36,2612.4,2645.15,2620.68,3404230400,6.3279356e+10
2023-08-04,000016.XSHG,2664.59,2680.74,2646.15,2648.84,2645.15,4820363400,8.4194648e+10
2023-08-07,000016.XSHG,2635.78,2636.69,2622.67,2634.58,2648.84,3174860900,5.51085822e+10
2023-08-08,000016.XSHG,2625.67,2646.6,2610.81,2631.38,2634.58,2736648600,5.08369042e+10
2023-08-09,000016.XSHG,2623.15,2638.09,2622.06,2628.7,2631.38,2398730700,4.30248018e+10
2023-08-10,000016.XSHG,2623.8,2632.57,2609.82,2629.44,2628.7,2462832500,4.25385133e+10
2023-08-11,000016.XSHG,2630.99,2631.8,2568.9,2568.9,2629.44,3599680200,5.61932413e+10
2023-08-14,000016.XSHG,2538.85,2554.39,2526.07,2549.28,2568.9,3354409800,5.19388674e+10
2023-08-15,000016.XSHG,2550.94,2556,2522.24,2546.44,2549.28,2788849100,4.60651166e+10
2023-08-16,000016.XSHG,2533.9,2549.94,2529.43,2530.81,2546.44,2562980600,4.47569461e+10
2023-08-17,000016.XSHG,2516.75,2540.54,2507.9,2536.49,2530.81,2478354400,4.41953562e+10
2023-08-18,000016.XSHG,2537.14,2545.8,2507.58,2507.58,2536.49,2630578100,4.40991715e+10
2023-08-21,000016.XSHG,2498.13,2508.96,2475.09,2475.09,2507.58,2864364700,4.75088777e+10
2023-08-22,000016.XSHG,2485.56,2505.03,2464.28,2493.76,2475.09,4126152000,5.8477808e+10
2023-08-23,000016.XSHG,2491.37,2498.32,2459.33,2461.19,2493.76,2965461700,4.33792652e+10
2023-08-24,000016.XSHG,2468.32,2497.19,2466.86,2480.75,2461.19,3666582000,5.1892679e+10
2023-08-25,000016.XSHG,2468.74,2502.19,2466.55,2485.33,2480.75,3008535300,4.53002982e+10
2023-08-28,000016.XSHG,2612.31,2612.98,2507.98,2518.19,2485.33,5452723900,9.44060298e+10
2023-08-29,000016.XSHG,2512.32,2546.69,2511.79,2529.22,2518.19,3990953400,6.40061345e+10
2023-08-30,000016.XSHG,2540.84,2540.84,2518.66,2522.54,2529.22,3581796200,5.51906818e+10
2023-08-31,000016.XSHG,2526.69,2532.17,2505.83,2510.46,2522.54,2968520200,4.62428374e+10
2023-09-01,000016.XSHG,2520.7,2544.05,2520.7,2532.25,2510.46,2908210400,4.63333994e+10
2023-09-04,000016.XSHG,2550.17,2583.67,2547.59,2577.47,2532.25,4065693600,6.76131301e+10
2023-09-05,000016.XSHG,2569.76,2569.76,2557.97,2561.79,2577.47,2668467300,4.76275919e+10
2023-09-06,000016.XSHG,2553.59,2564.43,2544.6,2559.36,2561.79,2386205400,4.15786037e+10
2023-09-07,000016.XSHG,2552.36,2552.86,2531.1,2534.16,2559.36,2524243200,4.04268444e+10
2023-09-08,000016.XSHG,2527.46,2529.85,2512.41,2519.97,2534.16,1804262900,2.86095932e+10
2023-09-11,000016.XSHG,2519.3,2550.01,2519.3,2536.17,2519.97,2445402400,4.25166321e+10
2023-09-12,000016.XSHG,2533.6,2538.69,2527.34,2531.83,2536.17,2058490500,3.19969534e+10
2023-09-13,000016.XSHG,2536.39,2543.12,2510.09,2524.54,2531.83,2419965600,3.72055444e+10
2023-09-14,000016.XSHG,2529.19,2539.67,2519.4,2530.98,2524.54,3121548900,4.1657845e+10
2023-09-15,000016.XSHG,2538.26,2546.42,2508.24,2514.98,2530.98,3366639900,5.31883476e+10
2023-09-18,000016.XSHG,2509.15,2532.43,2503.02,2531.9,2514.98,2542094200,4.36003343e+10
2023-09-19,000016.XSHG,2529.48,2533.79,2517.4,2532.28,2531.9,2294070400,3.47560934e+10
2023-09-20,000016.XSHG,2527.75,2529.02,2519.13,2521.56,2532.28,2288247300,3.09490269e+10
2023-09-21,000016.XSHG,2515.47,2519.91,2495.74,2495.74,2521.56,2389141700,3.50843791e+10
2023-09-22,000016.XSHG,2498.24,2550.98,2489.32,2550.98,2495.74,3297857500,5.38224845e+10
2023-09-25,000016.XSHG,2548.89,2548.89,2526.07,2529.15,2550.98,2556988100,4.10220345e+10
2023-09-26,000016.XSHG,2526.35,2534.2,2512.03,2513.41,2529.15,2334196400,3.38024116e+10
2023-09-27,000016.XSHG,2515.82,2538.68,2514.23,2520.14,2513.41,2754083200,4.66350135e+10
2023-09-28,000016.XSHG,2530.23,2531.07,2504.21,2507.09,2520.14,2491669100,4.1444248e+10
2023-10-09,000016.XSHG,2497.47,2504.02,2474.81,2499.57,2507.09,2760836000,4.50525158e+10
2023-10-10,000016.XSHG,2510.51,2513.85,2481.39,2482.53,2499.57,2870204000,4.09965517e+10
2023-10-11,000016.XSHG,2497.56,2502.63,2486.37,2490.86,2482.53,2637228700,4.36932824e+10
2023-10-12,000016.XSHG,2518.83,2524.2,2504.37,2514.39,2490.86,3366137200,4.61377334e+10
2023-10-13,000016.XSHG,2495.15,2499.07,2482.89,2489.13,2514.39,2579237400,3.97050903e+10
2023-10-16,000016.XSHG,2490.92,2491.62,2461.38,2468.44,2489.13,2508081200,4.0453214e+10
2023-10-17,000016.XSHG,2474.12,2480.94,2462.37,2478.9,2468.44,2348854800,3.56682589e+10
2023-10-18,000016.XSHG,2471.59,2478.68,2463.66,2467.19,2478.9,2459189400,3.55660805e+10
2023-10-19,000016.XSHG,2450.17,2450.18,2400.19,2401.93,2467.19,3114968500,5.3932887e+10
2023-10-20,000016.XSHG,2394.62,2402.79,2379.74,2389.22,2401.93,2792940900,4.44398085e+10
2023-10-23,000016.XSHG,2380.3,2390.8,2351.45,2369.93,2389.22,2646995600,3.81904715e+10
2023-10-24,000016.XSHG,2374.87,2382.73,2355.59,2378.44,2369.93,3145228600,4.33206431e+10
2023-10-25,000016.XSHG,2402.75,2408.89,2383.1,2386.3,2378.44,3999164900,5.2062705e+10
2023-10-26,000016.XSHG,2375.04,2394.99,2372.54,2393.73,2386.3,2846266600,4.13627725e+10
2023-10-27,000016.XSHG,2383.99,2426.8,2380.34,2414.91,2393.73,3164753600,5.69347942e+10
2023-10-30,000016.XSHG,2406.95,2420.98,2403.27,2414.16,2414.91,3970669700,6.22844818e+10
2023-10-31,000016.XSHG,2409.89,2416.57,2400.26,2411.48,2414.16,3139368100,5.33296758e+10
2023-11-01,000016.XSHG,2456.38,2456.38,2416.68,2420.73,2411.48,2595050600,5.71254653e+10
2023-11-02,000016.XSHG,2429.72,2440.34,2416.66,2417.46,2420.73,2531333000,4.07722194e+10
2023-11-03,000016.XSHG,2419.69,2443.3,2418.92,2436.94,2417.46,2443024900,4.23300723e+10
2023-11-06,000016.XSHG,2452.84,2460.76,2443.39,2456.77,2436.94,3944849300,6.34901783e+10
2023-11-07,000016.XSHG,2450.27,2450.38,2436.38,2443.97,2456.77,2540951200,4.3645744e+10
2023-11-08,000016.XSHG,2436.87,2448.87,2426.2,2436.7,2443.97,2541617100,4.5724472e+10
2023-11-09,000016.XSHG,2428.51,2444.35,2427.64,2436.23,2436.7,2842391400,4.89165925e+10
2023-11-10,000016.XSHG,2424.49,2428.12,2409.04,2414.02,2436.23,2447768500,3.90706131e+10
2023-11-13,000016.XSHG,2415.96,2421.17,2396.31,2407.59,2414.02,2345548200,3.76839614e+10
2023-11-14,000016.XSHG,2410.48,2419.22,2397.18,2406.4,2407.59,2342180200,3.7907956e+10
2023-11-15,000016.XSHG,2428.82,2431.83,2419.64,2427.12,2406.4,2462213100,4.32822318e+10
2023-11-16,000016.XSHG,2422.85,2425.3,2402.11,2404.32,2427.12,2220015700,3.34799067e+10
2023-11-17,000016.XSHG,2396.59,2401.79,2379.33,2398.2,2404.32,2230109300,3.39448655e+10
2023-11-20,000016.XSHG,2399.76,2413.31,2383.56,2404.77,2398.2,2123867300,3.48140506e+10
2023-11-21,000016.XSHG,2415.13,2432.77,2412.01,2416.24,2404.77,2646261600,4.26292142e+10
2023-11-22,000016.XSHG,2408.98,2414.24,2396.9,2396.9,2416.24,2172445500,3.03012685e+10
2023-11-23,000016.XSHG,2393.49,2407.2,2386.58,2405.17,2396.9,1980160100,2.99663181e+10
2023-11-24,000016.XSHG,2403.92,2403.92,2390.17,2391.02,2405.17,2023420300,2.94719775e+10
2023-11-27,000016.XSHG,2387.98,2387.98,2357.09,2370.72,2391.02,2682100100,4.05687385e+10
2023-11-28,000016.XSHG,2368.92,2374.97,2361.74,2371.21,2370.72,2006451400,3.21017977e+10
2023-11-29,000016.XSHG,2374.03,2374.36,2351.1,2358.12,2371.21,2573910400,3.86047095e+10
2023-11-30,000016.XSHG,2358.21,2370.95,2354.69,2366,2358.12,2564201900,3.73418176e+10
2023-12-01,000016.XSHG,2362.63,2362.63,2330.74,2352,2366,2835755000,4.53260813e+10
2023-12-04,000016.XSHG,2351.31,2353,2332.85,2333.88,2352,2300455000,3.84470581e+10
2023-12-05,000016.XSHG,2327.34,2327.34,2285.96,2286.58,2333.88,2519387400,4.21969128e+10
2023-12-06,000016.XSHG,2281.73,2298.3,2275.28,2284.06,2286.58,3067773100,4.17287766e+10
2023-12-07,000016.XSHG,2280.09,2284.94,2259.82,2274.83,2284.06,2595956000,3.81195409e+10
2023-12-08,000016.XSHG,2274.18,2287.09,2269.28,2281.65,2274.83,3351291000,4.52121589e+10
2023-12-11,000016.XSHG,2264.99,2299.66,2244.28,2292.68,2281.65,3501008200,5.62576278e+10
2023-12-12,000016.XSHG,2285.21,2306.04,2282.09,2305.14,2292.68,2884871400,4.24832033e+10
2023-12-13,000016.XSHG,2298.27,2298.27,2260.6,2261.02,2305.14,2486634600,4.55591383e+10
2023-12-14,000016.XSHG,2274.25,2280.85,2249.39,2249.94,2261.02,2062691400,3.97523882e+10
2023-12-15,000016.XSHG,2262.04,2283.54,2244.8,2245.29,2249.94,2745867800,4.74391825e+10
2023-12-18,000016.XSHG,2237.01,2260.35,2227.98,2251.23,2245.29,2588191500,3.79980355e+10
2023-12-19,000016.XSHG,2248.45,2264.29,2238.87,2257.21,2251.23,2211956000,3.52567546e+10
2023-12-20,000016.XSHG,2253.68,2258.49,2236.88,2237.58,2257.21,2497942000,3.73762239e+10
2023-12-21,000016.XSHG,2228.77,2266.77,2227.97,2261.38,2237.58,2872694400,4.90330601e+10
2023-12-22,000016.XSHG,2262.16,2282.77,2251.45,2270.5,2261.38,2959618100,4.58712644e+10
2023-12-25,000016.XSHG,2266.39,2276.13,2263.6,2272.96,2270.5,1943456100,3.14799085e+10
2023-12-26,000016.XSHG,2273.05,2273.05,2255.35,2262.21,2272.96,1989912700,3.0599004e+10
2023-12-27,000016.XSHG,2263.49,2271.23,2250.01,2266.54,2262.21,2676112500,3.76383081e+10
2023-12-28,000016.XSHG,2267.06,2322.05,2265.23,2317.7,2266.54,4292256600,6.92740737e+10
2023-12-29,000016.XSHG,2314.07,2327.68,2309.43,2326.17,2317.7,3036234300,5.14797088e+10
2024-01-02,000016.XSHG,2316.43,2316.74,2292.23,2292.23,2326.17,3137547700,5.06224062e+10
2024-01-03,000016.XSHG,2287.76,2299.68,2283.59,2294.84,2292.23,2931437500,4.42171051e+10
2024-01-04,000016.XSHG,2293.46,2296.12,2260.35,2279.04,2294.84,3212578800,4.89055278e+10
2024-01-05,000016.XSHG,2272.94,2295.6,2256.6,2268.54,2279.04,3558937200,5.19732526e+10
2024-01-08,000016.XSHG,2265.24,2272.04,2240.56,2243.84,2268.54,3150065600,4.76322683e+10
2024-01-09,000016.XSHG,2243.41,2251.54,2234.91,2245.62,2243.84,3026932800,4.8702067e+10
2024-01-10,000016.XSHG,2239.03,2257.85,2233.18,2235.21,2245.62,2571329800,4.18682602e+10
2024-01-11,000016.XSHG,2234.82,2251.08,2226.28,2240.11,2235.21,3052442500,4.55735029e+10
2024-01-12,000016.XSHG,2231.29,2250.73,2229.59,2237.21,2240.11,2589377800,3.91217314e+10
2024-01-15,000016.XSHG,2227.36,2256.8,2225.24,2238.5,2237.21,2371509500,3.9317045e+10
2024-01-16,000016.XSHG,2231.82,2249.05,2223.44,2248.98,2238.5,2878223700,4.63479483e+10
2024-01-17,000016.XSHG,2241.02,2242.61,2199.26,2199.26,2248.98,3062829200,5.19228384e+10
2024-01-18,000016.XSHG,2191.89,2242.33,2163.87,2238.46,2199.26,5494474100,8.30925617e+10
2024-01-19,000016.XSHG,2227.73,2250.61,2218.17,2243.54,2238.46,3586511400,5.94776387e+10
2024-01-22,000016.XSHG,2237.77,2257.59,2206.76,2230.61,2243.54,4478620900,7.04582968e+10
2024-01-23,000016.XSHG,2220.5,2239.65,2204.37,2226.37,2230.61,3401531100,5.40063268e+10
2024-01-24,000016.XSHG,2238.33,2264.52,2209.51,2260.56,2226.37,4419803300,6.19867779e+10
2024-01-25,000016.XSHG,2264.02,2314.5,2261.37,2312.85,2260.56,6194537700,7.94322043e+10
2024-01-26,000016.XSHG,2303.32,2323.35,2295.96,2314.37,2312.85,5831629900,7.33114594e+10
2024-01-29,000016.XSHG,2312.7,2327.36,2304.44,2304.44,2314.37,5954904300,7.781010728e+10
2024-01-30,000016.XSHG,2292.22,2303.72,2270.98,2270.98,2304.44,4326759800,6.123773236e+10
2024-01-31,000016.XSHG,2261.12,2273.1,2243.9,2254.3,2270.98,4292875700,6.300928053e+10
2024-02-01,000016.XSHG,2245.48,2270.07,2238.71,2248.27,2254.3,3989013800,5.926404417e+10
2024-02-02,000016.XSHG,2252.65,2264.06,2184.77,2229.01,2248.27,5063711900,7.260130761e+10
2024-02-05,000016.XSHG,2221.94,2270.37,2203.07,2255.28,2229.01,5931402200,8.742281034e+10
2024-02-06,000016.XSHG,2250.11,2321.45,2246.82,2318.84,2255.28,5838507600,8.830322439e+10
2024-02-07,000016.XSHG,2323.12,2344.79,2305.51,2344.15,2318.84,6478409900,9.543074499e+10
2024-02-08,000016.XSHG,2345.08,2355.77,2330.83,2352.58,2344.15,5048620100,7.937543356e+10
2024-02-19,000016.XSHG,2368.45,2371.55,2348.41,2371.55,2352.58,5216022500,7.885689858e+10
2024-02-20,000016.XSHG,2367.92,2372.86,2353.97,2369.08,2371.55,3748607900,6.054615137e+10
2024-02-21,000016.XSHG,2359.18,2439.21,2355.4,2410.23,2369.08,5000538200,8.624926922e+10
2024-02-22,000016.XSHG,2403.88,2433.23,2403,2433.08,2410.23,3755541100,6.005074845e+10
2024-02-23,000016.XSHG,2431.87,2447.8,2424.17,2433.41,2433.08,4006307200,6.25725236e+10
2024-02-26,000016.XSHG,2427.23,2430.97,2388.39,2393.55,2433.41,4132834000,6.329828185e+10
2024-02-27,000016.XSHG,2383.14,2405.06,2381.57,2405.06,2393.55,3360096000,5.732452805e+10
2024-02-28,000016.XSHG,2405.88,2417.33,2385.61,2385.61,2405.06,4476390700,7.657563313e+10
2024-02-29,000016.XSHG,2378.14,2413.14,2378.14,2413.14,2385.61,3519252800,6.36820179e+10
2024-03-01,000016.XSHG,2408.3,2420.38,2397.64,2414.84,2413.14,3443500700,6.026951072e+10
2024-03-04,000016.XSHG,2412.08,2422.82,2404.92,2418.58,2414.84,4029811300,7.192471217e+10
2024-03-05,000016.XSHG,2410.46,2450.06,2407.05,2446.42,2418.58,4395609300,7.681728857e+10
2024-03-06,000016.XSHG,2443.85,2450.43,2433.07,2434.12,2446.42,3875397500,6.24907159e+10
2024-03-07,000016.XSHG,2430.42,2446.3,2418.13,2426.97,2434.12,3833578600,6.707286544e+10
2024-03-08,000016.XSHG,2423.14,2433.33,2410.15,2426.17,2426.97,3491125700,5.749630419e+10
2024-03-11,000016.XSHG,2426.73,2443.11,2418.34,2443.11,2426.17,3915214500,6.955984642e+10
2024-03-12,000016.XSHG,2443.23,2458.92,2436.08,2450.47,2443.11,5057728500,9.33415773e+10
2024-03-13,000016.XSHG,2445.8,2445.8,2419.45,2427.6,2450.47,3694867300,6.742474363e+10
2024-03-14,000016.XSHG,2431.77,2446.88,2415.06,2423.86,2427.6,3688224600,6.977588212e+10
2024-03-15,000016.XSHG,2417.57,2430.59,2409.61,2427.2,2423.86,3300750900,6.267301581e+10
2024-03-18,000016.XSHG,2424.92,2438.83,2419.88,2438.19,2427.2,3704725200,7.059640372e+10
2024-03-19,000016.XSHG,2430.3,2441.6,2416.03,2416.83,2438.19,3433251500,6.426240465e+10
2024-03-20,000016.XSHG,2412.61,2430.72,2408.48,2426.46,2416.83,3083861000,5.11006375e+10
2024-03-21,000016.XSHG,2432.93,2441.27,2424.88,2427.1,2426.46,2920841500,5.411242403e+10
2024-03-22,000016.XSHG,2417.94,2420.77,2386.2,2403.2,2427.1,3407355500,6.318950788e+10
2024-03-25,000016.XSHG,2398.32,2418.31,2393.06,2401.21,2403.2,3438373100,6.04410593e+10
2024-03-26,000016.XSHG,2404.21,2415.71,2398.6,2413.74,2401.21,3136249800,5.778073886e+10
2024-03-27,000016.XSHG,2408.91,2421.13,2398.94,2398.94,2413.74,3207291600,5.256529567e+10
2024-03-28,000016.XSHG,2395.22,2424.77,2387.42,2401.99,2398.94,3687080000,5.954301916e+10
2024-03-29,000016.XSHG,2399.46,2418.56,2399.28,2414.92,2401.99,3413358600,5.169211086e+10
2024-04-01,000016.XSHG,2422.73,2448.88,2422.73,2441.57,2414.92,3621001300,6.316179814e+10
2024-04-02,000016.XSHG,2441.49,2447.37,2428.03,2435.76,2441.57,3572642800,5.991735201e+10
2024-04-03,000016.XSHG,2439.43,2441.67,2423.88,2430.17,2435.76,3195998600,6.009748895e+10
2024-04-08,000016.XSHG,2419.03,2431.41,2407.36,2414.09,2430.17,3987359600,7.34034774e+10
2024-04-09,000016.XSHG,2411.78,2418.6,2399.28,2404.61,2414.09,3562286700,5.731546894e+10
2024-04-10,000016.XSHG,2403.73,2412.59,2388.68,2396.74,2404.61,3361270700,5.870288092e+10
2024-04-11,000016.XSHG,2383.7,2402.75,2380.51,2394.87,2396.74,3128803600,5.631302054e+10
2024-04-12,000016.XSHG,2397.28,2402.64,2370.28,2374.05,2394.87,3236375800,5.960011911e+10
2024-04-15,000016.XSHG,2367.86,2424.93,2367.76,2424.02,2374.05,5013050200,7.598459302e+10
2024-04-16,000016.XSHG,2414.76,2429.39,2398.43,2412.32,2424.02,4695248200,6.837013690e+10
2024-04-17,000016.XSHG,2407.96,2440.58,2397.44,2439.86,2412.32,4594460200,6.900989005e+10
2024-04-18,000016.XSHG,2430.7,2468.36,2429.63,2445.2,2439.86,4662446200,7.407678859e+10
2024-04-19,000016.XSHG,2433.98,2444.02,2424.17,2430.58,2445.2,3888469000,6.377912547e+10
2024-04-22,000016.XSHG,2433.18,2450.26,2422.77,2424.75,2430.58,4036806100,6.584798378e+10
2024-04-23,000016.XSHG,2420.62,2426.89,2409.95,2413.74,2424.75,3793205500,6.057732043e+10
2024-04-24,000016.XSHG,2422.63,2426.96,2406.88,2424.12,2413.74,2938685900,5.087945933e+10
2024-04-25,000016.XSHG,2419.5,2437.31,2411.57,2431.62,2424.12,2831781800,4.960448298e+10
2024-04-26,000016.XSHG,2432.76,2467.27,2432.76,2461.86,2431.62,4783802900,7.972858363e+10
2024-04-29,000016.XSHG,2458.18,2492.93,2453.48,2474.34,2461.86,5340119700,9.206335022e+10
2024-04-30,000016.XSHG,2473.51,2484.1,2464.24,2464.24,2474.34,4681437000,7.51906755e+10
2024-05-06,000016.XSHG,2495.47,2505.6,2487.32,2495.76,2464.24,5600781100,9.634918757e+10
2024-05-07,000016.XSHG,2496.02,2504.03,2489.37,2499.77,2495.76,3804263100,6.286444773e+10
2024-05-08,000016.XSHG,2495.62,2497.15,2484.38,2486.02,2499.77,3230611100,5.155148077e+10
2024-05-09,000016.XSHG,2483.66,2506.28,2483.66,2501.73,2486.02,3766211100,6.431111571e+10
2024-05-10,000016.XSHG,2508.06,2515.02,2492.36,2508.58,2501.73,4052864200,6.69492597e+10
2024-05-13,000016.XSHG,2499.69,2512.24,2487.65,2506.46,2508.58,4103674800,7.405615388e+10
2024-05-14,000016.XSHG,2507.2,2510.42,2491.25,2496.74,2506.46,3388568700,6.107763574e+10
2024-05-15,000016.XSHG,2494.76,2498.95,2475.96,2477.39,2496.74,2945728800,5.049814634e+10
2024-05-16,000016.XSHG,2484.27,2498.89,2475.84,2489.41,2477.39,3919933900,6.828239624e+10
2024-05-17,000016.XSHG,2492.57,2524.18,2485.82,2524.17,2489.41,4421856300,7.654747311e+10
2024-05-20,000016.XSHG,2529.92,2544.52,2524.19,2532.82,2524.17,4669198500,8.148053123e+10
2024-05-21,000016.XSHG,2526.94,2531.63,2518.27,2525.23,2532.82,3311864500,5.464470309e+10
2024-05-22,000016.XSHG,2524.69,2535.06,2519.03,2529.04,2525.23,3807604800,6.577703088e+10
2024-05-23,000016.XSHG,2518.14,2519.07,2495.16,2500.82,2529.04,3504800300,5.966890762e+10
2024-05-24,000016.XSHG,2494.37,2504.41,2473.23,2474.43,2500.82,3129424200,5.376657454e+10
2024-05-27,000016.XSHG,2478.26,2500.11,2478.26,2497.6,2474.43,3577089700,6.079717436e+10
2024-05-28,000016.XSHG,2498.03,2505.79,2486.1,2490.16,2497.6,3300357300,5.418404126e+10
2024-05-29,000016.XSHG,2489.52,2510.07,2486.58,2493.17,2490.16,3178511100,5.157683382e+10
2024-05-30,000016.XSHG,2488.32,2500.31,2468.26,2473.76,2493.17,3434998300,6.026564122e+10
2024-05-31,000016.XSHG,2480.21,2487.13,2462.18,2462.18,2473.76,2859317000,5.038397842e+10
2024-06-03,000016.XSHG,2461.35,2476.8,2454.98,2469.02,2462.18,3293523400,5.821185191e+10
2024-06-04,000016.XSHG,2465.61,2488.75,2462.67,2483.32,2469.02,3190318300,5.66228827e+10
2024-06-05,000016.XSHG,2477.31,2483.33,2467.46,2468.19,2483.32,2945385700,5.134119799e+10
2024-06-06,000016.XSHG,2474.23,2492.05,2462.13,2467.89,2468.19,3689726300,6.448823305e+10
2024-06-07,000016.XSHG,2473.17,2476.46,2444.93,2457.26,2467.89,3643610500,5.86481814e+10
2024-06-11,000016.XSHG,2444.55,2449.65,2415.11,2423.62,2457.26,4140154900,7.015268763e+10
2024-06-12,000016.XSHG,2420.9,2427.84,2412.99,2423.61,2423.62,3794960400,6.327416377e+10
2024-06-13,000016.XSHG,2425.92,2426.33,2406.99,2412.07,2423.61,3085107100,5.736816622e+10
2024-06-14,000016.XSHG,2405.79,2433.05,2399.99,2426.51,2412.07,4127796600,7.82465833e+10
2024-06-17,000016.XSHG,2412.09,2418.94,2408.87,2416.34,2426.51,3749595700,6.184176953e+10
2024-06-18,000016.XSHG,2412.55,2424.93,2408.29,2415.43,2416.34,3533834700,5.946609488e+10
2024-06-19,000016.XSHG,2410.47,2418.74,2402.96,2413.97,2415.43,3277529100,5.62405513e+10
2024-06-20,000016.XSHG,2413.39,2422.7,2405.4,2408.34,2413.97,3201302400,5.626151962e+10
2024-06-21,000016.XSHG,2406.22,2411.53,2386.48,2398.96,2408.34,3320203900,5.886483994e+10
2024-06-24,000016.XSHG,2383.87,2418.92,2381.28,2404.08,2398.96,3467133100,6.225230289e+10
2024-06-25,000016.XSHG,2403.73,2410.14,2384.2,2394.22,2404.08,3491913500,5.873972818e+10
2024-06-26,000016.XSHG,2388.5,2404.46,2383.15,2398.26,2394.22,2985950200,4.673237207e+10
2024-06-27,000016.XSHG,2391.69,2395.81,2376.66,2388.56,2398.26,3699057000,5.457719665e+10
2024-06-28,000016.XSHG,2382.12,2406.36,2381.39,2394.87,2388.56,3989864400,6.266004175e+10
2024-07-01,000016.XSHG,2395.2,2407.05,2387.62,2405.47,2394.87,3628124700,5.635778934e+10
2024-07-02,000016.XSHG,2400.17,2421.75,2399.52,2416.68,2405.47,3686694900,5.99191308e+10
2024-07-03,000016.XSHG,2417.18,2421.08,2405.84,2414.87,2416.68,3299160000,5.511842806e+10
2024-07-04,000016.XSHG,2417.28,2428.94,2407.13,2407.9,2414.87,3051157900,4.992913528e+10
2024-07-05,000016.XSHG,2405.61,2411.93,2367.02,2386,2407.9,3936343900,6.362326046e+10
2024-07-08,000016.XSHG,2375.68,2387.89,2368.17,2371.69,2386,3561756200,5.89878932e+10
2024-07-09,000016.XSHG,2365.93,2396.18,2352.77,2389.38,2371.69,3750447700,6.256722769e+10
2024-07-10,000016.XSHG,2378.8,2392.88,2378.54,2381.83,2389.38,3484625800,5.647378415e+10
2024-07-11,000016.XSHG,2387.67,2400.23,2378.15,2396.41,2381.83,3829559200,6.341345504e+10
2024-07-12,000016.XSHG,2397.73,2414.76,2396.53,2412.62,2396.41,3815709800,5.98122385e+10
2024-07-15,000016.XSHG,2405.92,2424.41,2405.52,2420.52,2412.62,3451860700,5.034738402e+10
2024-07-16,000016.XSHG,2412.26,2426.59,2406.25,2424.76,2420.52,3568839500,5.590117613e+10
2024-07-17,000016.XSHG,2422.88,2439.32,2419.98,2432.83,2424.76,3775036900,6.496855044e+10
2024-07-18,000016.XSHG,2426.34,2446.77,2421.49,2444.51,2432.83,3481404600,6.099558468e+10
2024-07-19,000016.XSHG,2429.8,2462.74,2417.46,2456.79,2444.51,4131548000,7.169522279e+10
2024-07-22,000016.XSHG,2454.24,2454.5,2416.2,2432.55,2456.79,4182968300,6.949270044e+10
2024-07-23,000016.XSHG,2429.09,2431.27,2396.67,2396.67,2432.55,4134068100,6.38542639e+10
2024-07-24,000016.XSHG,2393.23,2407.11,2383,2390.95,2396.67,3929666800,5.635346524e+10
2024-07-25,000016.XSHG,2384.63,2387.89,2358.54,2369.72,2390.95,4084689400,6.067943137e+10
2024-07-26,000016.XSHG,2364.91,2368.27,2341.45,2355.32,2369.72,4049401600,5.824032054e+10
2024-07-29,000016.XSHG,2352.51,2359.98,2343.4,2348.48,2355.32,3367131200,5.028597941e+10
2024-07-30,000016.XSHG,2341.91,2341.91,2321.5,2335.31,2348.48,3243289100,5.414720511e+10
2024-07-31,000016.XSHG,2332.65,2378.88,2331.56,2375.39,2335.31,5006664200,7.782352864e+10
2024-08-01,000016.XSHG,2373.47,2375.79,2360.05,2360.42,2375.39,3913415200,5.836702419e+10
2024-08-02,000016.XSHG,2344.42,2360.41,2337.64,2343.72,2360.42,3182747400,4.977553075e+10
2024-08-05,000016.XSHG,2334.59,2362.31,2327.75,2328.92,2343.72,3945745800,6.31043608e+10
2024-08-06,000016.XSHG,2342.84,2346.3,2296.71,2313.34,2328.92,3487371300,5.489937359e+10
2024-08-07,000016.XSHG,2311.91,2330.15,2307.08,2314.43,2313.34,2714599100,4.271308546e+10
2024-08-08,000016.XSHG,2310.96,2334.46,2305.89,2320.42,2314.43,2252893600,4.004120943e+10
2024-08-09,000016.XSHG,2332.67,2338.24,2317.99,2317.99,2320.42,2598880500,4.276397687e+10
2024-08-12,000016.XSHG,2314.26,2323.42,2312.58,2316.91,2317.99,2219498400,3.234788442e+10
2024-08-13,000016.XSHG,2318.97,2321.54,2304.6,2317.65,2316.91,2510921800,3.605604212e+10
2024-08-14,000016.XSHG,2317.89,2317.89,2305.47,2306.12,2317.65,2204993000,3.469178084e+10
2024-08-15,000016.XSHG,2300.48,2343.21,2295.75,2335.94,2306.12,2931562000,4.663060282e+10
2024-08-16,000016.XSHG,2335.04,2348.15,2331.08,2345.05,2335.94,3048157800,3.961734095e+10
2024-08-19,000016.XSHG,2345.64,2367.41,2345.12,2357.03,2345.05,3088515000,4.130462024e+10
2024-08-20,000016.XSHG,2361.18,2361.3,2337.51,2346.64,2357.03,2989810800,4.047432631e+10
2024-08-21,000016.XSHG,2341.81,2345.97,2324.71,2339.07,2346.64,2655089900,3.703669061e+10
2024-08-22,000016.XSHG,2340.15,2344.99,2332.36,2341.15,2339.07,3111291200,4.415938196e+10
2024-08-23,000016.XSHG,2338.66,2361.06,2338.32,2355.38,2341.15,2790004700,4.365187017e+10
2024-08-26,000016.XSHG,2356.79,2361.88,2341.23,2352.27,2355.38,2690047600,3.937973707e+10
2024-08-27,000016.XSHG,2348.54,2355.57,2345.3,2350.41,2352.27,3095252400,4.032356366e+10
2024-08-28,000016.XSHG,2349.52,2352.7,2327.92,2336.15,2350.41,3009226200,4.489837477e+10
2024-08-29,000016.XSHG,2329.66,2335.67,2315.49,2317.66,2336.15,4424629500,5.454417974e+10
2024-08-30,000016.XSHG,2313.61,2354.63,2311.23,2335.21,2317.66,6378604600,8.731958589e+10
2024-09-02,000016.XSHG,2321.15,2326.08,2299.17,2299.93,2335.21,4549928700,6.179968986e+10
2024-09-03,000016.XSHG,2299.34,2301.69,2286.02,2291.18,2299.93,4415887700,5.029483578e+10
2024-09-04,000016.XSHG,2279.48,2289.39,2268.21,2271.81,2291.18,3548246900,4.280180236e+10
2024-09-05,000016.XSHG,2272.98,2281.53,2267.33,2275.12,2271.81,3035256100,3.914553309e+10
2024-09-06,000016.XSHG,2276.54,2288.93,2263.32,2263.56,2275.12,2588600400,3.4524515e+10
2024-09-09,000016.XSHG,2252.3,2256,2226.63,2232.96,2263.56,3425068800,4.779836892e+10
2024-09-10,000016.XSHG,2232.83,2240.59,2223.9,2235.69,2232.96,3018400500,4.019074762e+10
2024-09-11,000016.XSHG,2228.83,2228.83,2213.82,2220.8,2235.69,3461552900,4.523699342e+10
2024-09-12,000016.XSHG,2220.9,2227.73,2208.25,2209.56,2220.8,2809530100,4.226920197e+10
2024-09-13,000016.XSHG,2211.15,2222.56,2204.86,2205.81,2209.56,2709850000,4.410612032e+10
2024-09-18,000016.XSHG,2206.85,2225.91,2203.98,2218.66,2205.81,2605462000,4.065005623e+10
2024-09-19,000016.XSHG,2224.26,2239.98,2199.45,2229.81,2218.66,3496837900,5.831826534e+10
2024-09-20,000016.XSHG,2227.35,2237.98,2212.52,2233.26,2229.81,3690208700,5.556673587e+10
2024-09-23,000016.XSHG,2233.86,2254.16,2232.28,2243.02,2233.26,2720725700,4.57002939e+10
2024-09-24,000016.XSHG,2270.36,2352.32,2257.29,2352.14,2243.02,6015910500,1.010504902e+11
2024-09-25,000016.XSHG,2391.28,2426.69,2380.59,2386.32,2352.14,6840310200,1.121779554e+11
2024-09-26,000016.XSHG,2389.27,2498.32,2383.51,2498.18,2386.32,6774296300,1.192320165e+11
2024-09-27,000016.XSHG,2553.6,2571.08,2512.82,2571.08,2498.18,6480077600,1.141908423e+11
2024-09-30,000016.XSHG,2657.55,2778.29,2621.7,2755.4,2571.08,1.53324458e+10,2.692847122e+11
2024-10-08,000016.XSHG,3016.87,3016.87,2780.03,2853.14,2755.4,1.65973235e+10,3.322534117e+11
2024-10-09,000016.XSHG,2813.96,2825.74,2674.25,2680.71,2853.14,1.24653375e+10,2.913869746e+11
2024-10-10,000016.XSHG,2697.29,2801.12,2675.44,2739.05,2680.71,1.15891754e+10,2.190287346e+11
2024-10-11,000016.XSHG,2718.25,2737.08,2653.62,2680.39,2739.05,7537801900,1.379371871e+11
2024-10-14,000016.XSHG,2699.71,2737.27,2672.81,2723.18,2680.39,8065500100,1.433739844e+11
2024-10-15,000016.XSHG,2711.67,2726.99,2655.12,2655.12,2723.18,5831414400,1.137062654e+11
2024-10-16,000016.XSHG,2629.24,2677.22,2628.95,2650.18,2655.12,5625971300,1.022043848e+11
2024-10-17,000016.XSHG,2666.37,2680.06,2610.47,2610.47,2650.18,4979685400,9.435394657e+10
2024-10-18,000016.XSHG,2606.38,2722.65,2583.49,2681.91,2610.47,7019820700,1.558445883e+11
2024-10-21,000016.XSHG,2694.97,2701.36,2659.67,2681.06,2681.91,7204222600,1.579540928e+11
2024-10-22,000016.XSHG,2672.85,2704.35,2672.45,2692.66,2681.06,5220816700,1.15193657e+11
2024-10-23,000016.XSHG,2691.13,2728.26,2682.94,2708.05,2692.66,5607679700,1.199494003e+11
2024-10-24,000016.XSHG,2695.38,2699,2669.71,2680.7,2708.05,4225333500,9.0076501e+10
2024-10-25,000016.XSHG,2679.35,2705.33,2671.04,2683.32,2680.7,4686145300,1.026408458e+11
2024-10-28,000016.XSHG,2681.51,2686.29,2656.32,2686.29,2683.32,5347497200,1.052685577e+11
2024-10-29,000016.XSHG,2689.92,2712.28,2665.42,2667.94,2686.29,5008428600,1.121738969e+11
2024-10-30,000016.XSHG,2658.26,2674.37,2624,2634.74,2667.94,4445068800,9.854835658e+10
2024-10-31,000016.XSHG,2637.21,2654.65,2613.25,2633.12,2634.74,5452962300,1.19295772e+11
2024-11-01,000016.XSHG,2629.04,2674.25,2629.04,2651.53,2633.12,6084439200,1.126560932e+11
2024-11-04,000016.XSHG,2657.31,2675.77,2636.58,2675.77,2651.53,4301567100,8.574326454e+10
2024-11-05,000016.XSHG,2666.86,2727.67,2659.17,2727.67,2675.77,5564248400,1.296717648e+11
2024-11-06,000016.XSHG,2730.46,2743.13,2691.73,2706.61,2727.67,5994081800,1.393949227e+11
2024-11-07,000016.XSHG,2684.81,2800.61,2683.32,2797.86,2706.61,6701724400,1.541193194e+11
2024-11-08,000016.XSHG,2825.91,2833.07,2758.21,2765.54,2797.86,6786175700,1.678222976e+11
2024-11-11,000016.XSHG,2736.84,2754.97,2711.76,2753.74,2765.54,6133865800,1.4646663e+11
2024-11-12,000016.XSHG,2744.95,2778.89,2701.61,2712.27,2753.74,6011485400,1.431270994e+11
2024-11-13,000016.XSHG,2697.19,2737.5,2696.69,2728.23,2712.27,6264407700,1.198990205e+11
2024-11-14,000016.XSHG,2719.46,2743.75,2700.2,2704.15,2728.23,6046957100,1.098967625e+11
2024-11-15,000016.XSHG,2696.96,2712.88,2671.45,2671.45,2704.15,7004026200,1.184045511e+11
2024-11-18,000016.XSHG,2683.49,2725.3,2668.06,2678.27,2671.45,9104571000,1.279859826e+11
2024-11-19,000016.XSHG,2679.55,2683.37,2637.85,2671.19,2678.27,6700301800,1.021083641e+11
2024-11-20,000016.XSHG,2667.45,2686.38,2657.58,2676.21,2671.19,4501762200,8.120674841e+10
2024-11-21,000016.XSHG,2674.43,2686.31,2666.57,2680.8,2676.21,3720238400,7.275485982e+10
2024-11-22,000016.XSHG,2679.65,2683.74,2601.55,2601.56,2680.8,4855176400,9.685239006e+10
2024-11-25,000016.XSHG,2610.96,2620.03,2568.95,2582.05,2601.56,4559353000,8.654288524e+10
2024-11-26,000016.XSHG,2576.81,2607.12,2573.97,2592.74,2582.05,3993165300,6.483013293e+10
2024-11-27,000016.XSHG,2588.8885,2626.3255,2583.4665,2625.7605,2592.7374,4107905400,7.560228298e+10
2024-11-28,000016.XSHG,2625.5067,2630.8034,2598.7484,2610.1214,2625.7605,3430873900,6.368595894e+10
2024-11-29,000016.XSHG,2612.2337,2660.3932,2610.7148,2624.9558,2610.1214,4300156100,8.682661631e+10
2024-12-02,000016.XSHG,2621.1436,2643.8665,2613.6159,2639.0408,2624.9558,4460883600,8.457083162e+10
2024-12-03,000016.XSHG,2638.8056,2658.1522,2626.208,2652.8982,2639.0408,4737315600,8.286313822e+10
2024-12-04,000016.XSHG,2651.785,2660.8018,2638.113,2648.7554,2652.8982,4808817100,8.438110567e+10
2024-12-05,000016.XSHG,2637.627,2647.9841,2629.6309,2635.5615,2648.7554,3367652100,6.031506735e+10
2024-12-06,000016.XSHG,2636.6066,2682.6891,2636.6066,2665.4281,2635.5615,4389449100,8.542706137e+10
2024-12-09,000016.XSHG,2666.2892,2686.5153,2658.4311,2667.5924,2665.4281,4592635300,7.945914611e+10
2024-12-10,000016.XSHG,2741.7509,2747.0734,2684.7165,2689.3292,2667.5924,5944389900,1.241619954e+11
2024-12-11,000016.XSHG,2684.5906,2696.0071,2671.5218,2676.5518,2689.3292,4080238700,7.48406666e+10
2024-12-12,000016.XSHG,2673.9435,2704.0286,2667.637,2702.2681,2676.5518,4127383100,8.131818341e+10
2024-12-13,000016.XSHG,2684.2932,2684.4109,2636.9729,2638.0266,2702.2681,6159770500,1.204594784e+11
2024-12-16,000016.XSHG,2637.7401,2647.6977,2635.2467,2641.5604,2638.0266,5409812000,9.365880869e+10
2024-12-17,000016.XSHG,2637.3498,2672.9552,2637.3498,2652.3455,2641.5604,4427923400,8.301981388e+10
2024-12-18,000016.XSHG,2662.0322,2681.1212,2661.8983,2671.3461,2652.3455,4425905600,8.050600192e+10
2024-12-19,000016.XSHG,2652.1949,2672.5807,2642.6831,2661.7224,2671.3461,4021414000,7.639056828e+10
2024-12-20,000016.XSHG,2654.8486,2670.3177,2644.8364,2648.4609,2661.7224,4249351000,9.32069521e+10
2024-12-23,000016.XSHG,2648.9188,2688.8864,2648.9188,2671.2025,2648.4609,5662909900,1.066255761e+11
2024-12-24,000016.XSHG,2671.9088,2704.5775,2666.3412,2702.282,2671.2025,4646919800,8.72858377e+10
2024-12-25,000016.XSHG,2706.5666,2726.1403,2700.6812,2710.1649,2702.282,5101038100,8.841565967e+10
2024-12-26,000016.XSHG,2709.5915,2709.5915,2692.8677,2702.5952,2710.1649,4177073600,8.121147171e+10
2024-12-27,000016.XSHG,2701.2086,2713.8405,2686.5011,2701.7031,2702.5952,4489485500,9.161018488e+10
2024-12-30,000016.XSHG,2700.2245,2724.7263,2700.2245,2718.7486,2701.7031,4499476300,8.881200564e+10
2024-12-31,000016.XSHG,2715.2066,2725.7876,2684.7706,2684.7706,2718.7486,5074555400,9.834513382e+10
2025-01-02,000016.XSHG,2682.4157,2684.2467,2595.3991,2610.342,2684.7706,6116098400,1.139302757e+11
2025-01-03,000016.XSHG,2615.3507,2620.6463,2579.439,2587.1316,2610.342,5080485800,8.722413402e+10
2025-01-06,000016.XSHG,2589.3354,2591.8944,2555.9276,2579.9632,2587.1316,4448640200,7.851100526e+10
2025-01-07,000016.XSHG,2576.6772,2595.6633,2566.6785,2593.9654,2579.9632,3921859800,7.610491641e+10
2025-01-08,000016.XSHG,2587.5267,2611.1528,2565.5989,2597.4459,2593.9654,4625746300,8.662318332e+10
2025-01-09,000016.XSHG,2595.6918,2597.0557,2574.603,2579.5751,2597.4459,3435650600,6.647579092e+10
2025-01-10,000016.XSHG,2585.1998,2593.0872,2560.2497,2560.2497,2579.5751,3616687800,7.757864582e+10
2025-01-13,000016.XSHG,2545.3785,2561.2408,2533.3131,2553.3593,2560.2497,3969949500,7.491372177e+10
2025-01-14,000016.XSHG,2556.4221,2606.0889,2549.1691,2598.8068,2553.3593,4268818400,9.336586619e+10
2025-01-15,000016.XSHG,2592.3164,2606.0658,2587.4642,2591.5027,2598.8068,4121351100,8.283978323e+10
2025-01-16,000016.XSHG,2601.1234,2614.6006,2572.1092,2580.1177,2591.5027,3898711000,9.176485133e+10
2025-01-17,000016.XSHG,2572.966,2595.1637,2561.9682,2582.4859,2580.1177,3425023200,7.442262387e+10
2025-01-20,000016.XSHG,2595.3248,2609.6517,2585.1266,2589.0685,2582.4859,3626121600,7.845829184e+10
2025-01-21,000016.XSHG,2598.8309,2599.8866,2579.6677,2584.8889,2589.0685,3436658700,7.1219861e+10
2025-01-22,000016.XSHG,2580.1051,2580.1864,2544.2599,2551.3535,2584.8889,3984615800,7.822418831e+10
2025-01-23,000016.XSHG,2571.8276,2605.8648,2564.7506,2567.4765,2551.3535,5132399500,9.102016934e+10
2025-01-24,000016.XSHG,2562.8655,2594.5812,2559.4923,2579.096,2567.4765,3766363300,7.479326262e+10
2025-01-27,000016.XSHG,2582.8389,2597.351,2582.0869,2583.6516,2579.096,3919676400,7.448396942e+10
2025-02-05,000016.XSHG,2604.1391,2604.3161,2556.4832,2561.9419,2583.6516,4353546500,9.563398943e+10
2025-02-06,000016.XSHG,2559.8268,2585.2885,2554.4754,2580.4257,2561.9419,3989533600,8.683317556e+10
2025-02-07,000016.XSHG,2578.6829,2624.675,2570.1805,2608.0888,2580.4257,5833741100,1.190247684e+11
2025-02-10,000016.XSHG,2612.0607,2628.391,2606.2946,2621.0404,2608.0888,5606320700,1.007355873e+11
2025-02-11,000016.XSHG,2625.1833,2626.1749,2607.2438,2614.3218,2621.0404,5171276900,9.193666083e+10
2025-02-12,000016.XSHG,2611.962,2641.7287,2607.2684,2640.0458,2614.3218,4430140900,9.226344895e+10
2025-02-13,000016.XSHG,2638.9805,2663.7852,2635.449,2641.1305,2640.0458,4634408100,1.004296162e+11
2025-02-14,000016.XSHG,2638.2075,2662.2921,2633.707,2660.8549,2641.1305,5637142600,1.009824182e+11
2025-02-17,000016.XSHG,2665.545,2672.0299,2647.4516,2664.475,2660.8549,6941059400,1.180216379e+11
2025-02-18,000016.XSHG,2659.0877,2679.8226,2644.2945,2651.1117,2664.475,6509496300,1.106204184e+11
2025-02-19,000016.XSHG,2648.3564,2673.5192,2643.9559,2663.6032,2651.1117,5621433000,1.026997936e+11
2025-02-20,000016.XSHG,2659.1258,2659.6002,2641.9103,2648.1665,2663.6032,4809942900,9.487365894e+10
2025-02-21,000016.XSHG,2657.8014,2686.3343,2649.2005,2682.2385,2648.1665,6848862300,1.458694364e+11
2025-02-24,000016.XSHG,2674.6908,2692.8077,2661.3214,2674.1169,2682.2385,6852148100,1.306333727e+11
2025-02-25,000016.XSHG,2654.1336,2664.1569,2636.903,2643.2325,2674.1169,5332716800,1.095881421e+11
2025-02-26,000016.XSHG,2649.9011,2667.0244,2645.9912,2666.6563,2643.2325,5192303900,1.063257703e+11
2025-02-27,000016.XSHG,2664.319,2681.5068,2655.0014,2679.0768,2666.6563,5367300400,1.132266752e+11
2025-02-28,000016.XSHG,2670.4263,2691.2942,2638.9574,2638.9574,2679.0768,5633522900,1.193684997e+11
2025-03-03,000016.XSHG,2645.0108,2655.3109,2619.1936,2628.5236,2638.9574,4969281100,9.576297345e+10
2025-03-04,000016.XSHG,2617.9203,2629.6666,2609.3373,2621.2168,2628.5236,4185128000,7.660927188e+10
2025-03-05,000016.XSHG,2623.7171,2644.7537,2619.7901,2641.4462,2621.2168,4839750000,8.328749704e+10
2025-03-06,000016.XSHG,2655.5378,2689.454,2655.5378,2683.9491,2641.4462,5771422600,1.181919208e+11
2025-03-07,000016.XSHG,2677.5744,2695.3774,2675.418,2682.0161,2683.9491,4431739300,8.96535975e+10
2025-03-10,000016.XSHG,2682.8829,2683.6054,2653.0271,2668.8062,2682.0161,5083862300,9.283953679e+10
2025-03-11,000016.XSHG,2644.8189,2682.223,2644.0821,2682.223,2668.8062,4219446100,8.238012153e+10
2025-03-12,000016.XSHG,2684.7199,2686.7821,2666.4884,2669.0146,2682.223,4344953300,8.309555108e+10
2025-03-13,000016.XSHG,2670.9931,2684.1246,2655.3327,2664.6173,2669.0146,4249506800,8.226152305e+10
2025-03-14,000016.XSHG,2674.4949,2748.1031,2674.0264,2740.5066,2664.6173,6548515200,1.386769181e+11
2025-03-17,000016.XSHG,2755.4898,2755.9438,2734.5049,2737.9227,2740.5066,4438073900,9.013790431e+10
2025-03-18,000016.XSHG,2749.3221,2751.7256,2737.0077,2739.7453,2737.9227,3861119800,7.926394667e+10
2025-03-19,000016.XSHG,2737.3127,2757.6177,2733.5664,2746.9627,2739.7453,4632842300,8.016885018e+10
2025-03-20,000016.XSHG,2748.2942,2749.2214,2713.4671,2718.1862,2746.9627,3971076500,7.975231653e+10
2025-03-21,000016.XSHG,2712.7384,2722.4899,2669.7898,2675.3578,2718.1862,4681078200,9.537910376e+10
2025-03-24,000016.XSHG,2675.4609,2696.344,2675.4609,2693.3313,2675.3578,4492393200,7.85820642e+10
2025-03-25,000016.XSHG,2695.2974,2698.5469,2685.2874,2691.8976,2693.3313,3709621400,6.719174941e+10
2025-03-26,000016.XSHG,2692.4167,2696.5357,2675.7033,2677.3121,2691.8976,3783318900,6.810191315e+10
2025-03-27,000016.XSHG,2673.9347,2704.7428,2673.7738,2690.8428,2677.3121,3647372300,7.24644607e+10
2025-03-28,000016.XSHG,2691.666,2692.7029,2673.2376,2679.7399,2690.8428,3592005300,6.150375855e+10
2025-03-31,000016.XSHG,2676.0507,2692.4443,2657.3015,2665.6339,2679.7399,4995136400,7.766123382e+10
2025-04-01,000016.XSHG,2669.0047,2674.113,2659.0215,2662.7113,2665.6339,4084747700,7.066240486e+10
2025-04-02,000016.XSHG,2659.1031,2669.3567,2653.4516,2658.6209,2662.7113,3216863400,5.412106101e+10
2025-04-03,000016.XSHG,2631.4749,2671.7119,2631.4749,2662.2522,2658.6209,4217357100,7.558580166e+10
2025-04-07,000016.XSHG,2555.7101,2579.597,2457.0802,2516.9653,2662.2522,1.02701231e+10,1.771502386e+11
2025-04-08,000016.XSHG,2526.508,2574.3529,2510.6364,2574.3529,2516.9653,9015352300,1.53822744e+11
2025-04-09,000016.XSHG,2548.4871,2597.1016,2541.5521,2597.1016,2574.3529,7771869600,1.437064086e+11
2025-04-10,000016.XSHG,2628.5216,2628.5216,2590.7633,2612.619,2597.1016,6111983100,1.148061636e+11
2025-04-11,000016.XSHG,2620.7735,2621.1634,2595.4989,2619.5762,2612.619,4493927600,9.119702008e+10
2025-04-14,000016.XSHG,2623.5677,2636.7898,2615.3932,2628.206,2619.5762,4512328300,8.593088174e+10
2025-04-15,000016.XSHG,2624.2008,2637.7501,2615.3674,2634.5926,2628.206,4200538600,7.243525551e+10
2025-04-16,000016.XSHG,2639.2018,2661.7812,2616.8698,2658.4955,2634.5926,5122473200,8.931464976e+10
2025-04-17,000016.XSHG,2648.0456,2661.8036,2639.9717,2659.8958,2658.4955,3787998500,7.137054264e+10
2025-04-18,000016.XSHG,2648.6596,2666.2714,2645.8694,2657.6367,2659.8958,3035317200,5.221482716e+10
2025-04-21,000016.XSHG,2655.5448,2671.3441,2652.6543,2652.8103,2657.6367,3441198200,6.144092094e+10
2025-04-22,000016.XSHG,2651.4909,2667.8383,2650.3306,2656.5387,2652.8103,3722082200,6.30335104e+10
2025-04-23,000016.XSHG,2662.9263,2664.4666,2646.3609,2648.8297,2656.5387,3304635800,6.262884414e+10
2025-04-24,000016.XSHG,2648.7676,2665.7286,2648.7568,2655.3644,2648.8297,3125267900,5.427360362e+10
2025-04-25,000016.XSHG,2660.1592,2663.3454,2643.3976,2648.8101,2655.3644,3238096000,5.716514706e+10
2025-04-28,000016.XSHG,2643.1361,2658.4621,2636.4085,2651.2252,2648.8101,3290945100,5.767122464e+10
2025-04-29,000016.XSHG,2650.4321,2655.3406,2639.7997,2645.5122,2651.2252,2804263100,5.389421805e+10
2025-04-30,000016.XSHG,2646.0637,2651.2985,2631.8404,2633.1603,2645.5122,4321765700,7.249816102e+10
2025-05-06,000016.XSHG,2650.4635,2650.4635,2633.4092,2647.7166,2633.1603,4070526000,6.969127341e+10
2025-05-07,000016.XSHG,2685.5582,2685.5582,2656.1999,2670.7023,2647.7166,4705582500,8.065462302e+10
2025-05-08,000016.XSHG,2661.2658,2695.7768,2658.6733,2679.509,2670.7023,3344907700,6.340917336e+10
2025-05-09,000016.XSHG,2676.1238,2689.5999,2676.1238,2684.0056,2679.509,3277870600,6.032630213e+10
2025-05-12,000016.XSHG,2688.7482,2710.6107,2681.9561,2702.6172,2684.0056,3912399000,7.888016177e+10
2025-05-13,000016.XSHG,2713.1095,2713.1095,2702.0573,2708.0588,2702.6172,3996550700,6.935808205e+10
2025-05-14,000016.XSHG,2708.558,2766.2533,2708.4178,2753.785,2708.0588,4648515500,9.472404779e+10
2025-05-15,000016.XSHG,2748.535,2758.0842,2735.9038,2740.2976,2753.785,3787844800,6.923600725e+10
2025-05-16,000016.XSHG,2734.7448,2739.0569,2706.4662,2716.6618,2740.2976,3700633600,6.109328655e+10
2025-05-19,000016.XSHG,2710.3218,2716.8646,2701.2521,2705.0884,2716.6618,2695161100,5.168957143e+10
2025-05-20,000016.XSHG,2710.3934,2729.7611,2710.3934,2716.6294,2705.0884,2930979600,5.667372898e+10
2025-05-21,000016.XSHG,2716.8379,2740.7712,2716.8379,2728.4262,2716.6294,3142634100,5.978813149e+10
2025-05-22,000016.XSHG,2725.4484,2738.238,2718.7863,2733.6323,2728.4262,2783507000,5.170312034e+10
2025-05-23,000016.XSHG,2731.1827,2742.118,2711.8524,2711.8524,2733.6323,3366853600,6.908384457e+10
2025-05-26,000016.XSHG,2708.2166,2719.7011,2692.6792,2699.4225,2711.8524,3071338100,5.992457769e+10
2025-05-27,000016.XSHG,2699.6918,2709.288,2684.709,2685.2812,2699.4225,2709668700,4.985556375e+10
2025-05-28,000016.XSHG,2686.7272,2691.4832,2681.8552,2683.0628,2685.2812,2517173400,4.482981744e+10
2025-05-29,000016.XSHG,2684.4865,2703.9931,2677.8074,2690.8926,2683.0628,2747183600,5.327994131e+10
2025-05-30,000016.XSHG,2688.9568,2696.1446,2669.1664,2678.6955,2690.8926,3215169200,5.764311413e+10
2025-06-03,000016.XSHG,2674.7677,2697.3942,2671.3359,2687.296,2678.6955,3360848400,5.907733875e+10
2025-06-04,000016.XSHG,2688.735,2699.6697,2687.3046,2690.8243,2687.296,2760383000,5.110921529e+10
2025-06-05,000016.XSHG,2692.54,2695.8752,2682.5371,2692.1287,2690.8243,3077905600,5.596166681e+10
2025-06-06,000016.XSHG,2691.629,2700.8126,2685.245,2688.8504,2692.1287,2984988100,5.200323352e+10
2025-06-09,000016.XSHG,2689.7302,2698.3625,2681.6935,2686.8276,2688.8504,3568689100,6.521579891e+10
2025-06-10,000016.XSHG,2690.8689,2700.1772,2670.1483,2676.4013,2686.8276,4146051500,7.694891928e+10
2025-06-11,000016.XSHG,2676.6721,2704.4466,2676.6721,2692.1365,2676.4013,3557342600,6.652778851e+10
2025-06-12,000016.XSHG,2689.6784,2696.782,2674.312,2691.2752,2692.1365,3448062500,7.009728997e+10
2025-06-13,000016.XSHG,2684.8823,2690.3507,2669.1134,2676.4328,2691.2752,4799104800,8.647640742e+10
2025-06-16,000016.XSHG,2666.8221,2687.1111,2664.4288,2685.0092,2676.4328,3993590500,6.881091766e+10
2025-06-17,000016.XSHG,2685.3855,2688.6141,2672.683,2683.9528,2685.0092,3312160700,6.351682353e+10
2025-06-18,000016.XSHG,2685.4658,2690.9029,2668.8654,2679.9218,2683.9528,3666720300,6.213396443e+10
2025-06-19,000016.XSHG,2678.3561,2680.867,2658.4927,2665.5197,2679.9218,3764503000,6.402062658e+10
2025-06-20,000016.XSHG,2661.2098,2681.5256,2661.2098,2673.7191,2665.5197,3631650600,6.316223621e+10
2025-06-23,000016.XSHG,2664.6357,2692.9099,2656.6776,2684.7761,2673.7191,4295954600,7.203634837e+10
2025-06-24,000016.XSHG,2685.8526,2731.1765,2685.8526,2715.9216,2684.7761,4902826300,8.907512224e+10
2025-06-25,000016.XSHG,2714.6256,2750.3893,2707.4028,2747.7278,2715.9216,5086489400,1.023263196e+11
2025-06-26,000016.XSHG,2740.2326,2747.6058,2734.9451,2738.4657,2747.7278,4284062500,8.710092136e+10
2025-06-27,000016.XSHG,2738.9299,2749.5474,2705.7782,2707.5688,2738.4657,5708183200,9.57142931e+10
2025-06-30,000016.XSHG,2702.1154,2716.2975,2695.4196,2711.9853,2707.5688,3830502000,7.646439224e+10
2025-07-01,000016.XSHG,2714.9673,2721.4042,2708.1857,2717.7128,2711.9853,3303005700,6.61436826e+10
2025-07-02,000016.XSHG,2720.847,2729.71,2711.5973,2722.5522,2717.7128,3517749500,6.806618682e+10
2025-07-03,000016.XSHG,2726.1122,2728.1681,2713.966,2724.5488,2722.5522,3226851000,5.991741199e+10
2025-07-04,000016.XSHG,2722.1782,2761.9215,2715.5525,2740.444,2724.5488,3931112900,7.507146653e+10
2025-07-07,000016.XSHG,2736.0124,2736.2593,2723.9592,2731.5324,2740.444,2931900300,5.665953486e+10
2025-07-08,000016.XSHG,2732.0536,2750.4648,2730.1899,2747.1875,2731.5324,3408044900,6.787898519e+10
2025-07-09,000016.XSHG,2746.1402,2759.0589,2739.2082,2739.9202,2747.1875,4783811500,8.353605325e+10
2025-07-10,000016.XSHG,2739.2305,2777.4151,2739.2305,2756.9349,2739.9202,5414201200,9.872891553e+10
2025-07-11,000016.XSHG,2754.6631,2805.5571,2754.6631,2756.7725,2756.9349,7645451800,1.446020382e+11
2025-07-14,000016.XSHG,2761.4793,2774.2273,2757.808,2757.808,2756.7725,5149040200,9.003872601e+10
2025-07-15,000016.XSHG,2758.718,2765.4962,2731.319,2747.2269,2757.808,4117244700,7.980609995e+10
2025-07-16,000016.XSHG,2748.1658,2754.0575,2729.9126,2740.9006,2747.2269,3424593100,6.814167957e+10
2025-07-17,000016.XSHG,2737.3511,2744.7439,2732.3493,2744.2604,2740.9006,3615109400,7.464633361e+10
2025-07-18,000016.XSHG,2746.3281,2768.8977,2746.3281,2764.516,2744.2604,4213080300,9.246798391e+10
2025-07-21,000016.XSHG,2770.3625,2777.0479,2763.3508,2772.2385,2764.516,4995433700,9.683935659e+10
2025-07-22,000016.XSHG,2773.4045,2795.4904,2760.3092,2792.1823,2772.2385,6831003000,1.293953954e+11
2025-07-23,000016.XSHG,2798.9635,2824.8584,2794.8116,2801.2002,2792.1823,6792983100,1.308902383e+11
2025-07-24,000016.XSHG,2797.2625,2819.1297,2791.7835,2812.4428,2801.2002,6028280000,1.181384299e+11
2025-07-25,000016.XSHG,2807.6305,2810.1084,2788.1851,2795.5127,2812.4428,5169255700,1.140431439e+11
2025-07-28,000016.XSHG,2799.2638,2811.2446,2788.0197,2802.7674,2795.5127,4973726500,1.145705419e+11
2025-07-29,000016.XSHG,2802.7753,2813.7412,2795.5995,2808.5917,2802.7674,4705166400,1.119544055e+11
2025-07-30,000016.XSHG,2809.4365,2842.474,2802.7397,2819.3508,2808.5917,5218519800,1.125969797e+11
2025-07-31,000016.XSHG,2807.3049,2807.9397,2766.929,2775.9935,2819.3508,6151584700,1.318523969e+11
2025-08-01,000016.XSHG,2771.7616,2780.1556,2749.4583,2754.1302,2775.9935,4896253100,9.407442047e+10
2025-08-04,000016.XSHG,2748.6175,2769.3934,2748.6175,2769.3934,2754.1302,4196796100,8.025203777e+10
2025-08-05,000016.XSHG,2773.3799,2794.6033,2768.022,2790.7287,2769.3934,4126476500,7.788263151e+10
2025-08-06,000016.XSHG,2789.2679,2800.761,2787.5407,2797.4234,2790.7287,4118291700,8.844325333e+10
2025-08-07,000016.XSHG,2797.7108,2808.9181,2787.8322,2798.3111,2797.4234,4233829400,9.422158463e+10
2025-08-08,000016.XSHG,2795.782,2801.0785,2784.3783,2789.1744,2798.3111,3892387800,8.28045728e+10
2025-08-11,000016.XSHG,2791.3523,2800.8905,2783.6454,2789.8959,2789.1744,4348470300,9.03339887e+10
2025-08-12,000016.XSHG,2791.204,2816.5938,2791.204,2807.0124,2789.8959,4260326700,1.096877529e+11
2025-08-13,000016.XSHG,2809.0464,2828.8599,2806.6607,2812.9804,2807.0124,5472011400,1.255055821e+11
2025-08-14,000016.XSHG,2815.4926,2858.009,2815.4926,2829.4703,2812.9804,5000877000,1.310561309e+11
2025-08-15,000016.XSHG,2821.9746,2847.6119,2813.0912,2832.8759,2829.4703,7111777700,1.422054554e+11
2025-08-18,000016.XSHG,2843.0864,2861.9842,2832.4643,2838.8726,2832.8759,7338546600,1.621583902e+11
2025-08-19,000016.XSHG,2843.2849,2858.4124,2812.3039,2812.4225,2838.8726,6284322200,1.531397105e+11
2025-08-20,000016.XSHG,2808.4369,2848.0328,2799.4026,2846.9907,2812.4225,5859734300,1.397056858e+11
2025-08-21,000016.XSHG,2853.7873,2872.9578,2850.6301,2862.1764,2846.9907,6530949900,1.36486097e+11
2025-08-22,000016.XSHG,2868.5907,2928.8813,2868.5907,2928.6135,2862.1764,6774156300,1.806446764e+11
2025-08-25,000016.XSHG,2950.6533,2989.8549,2943.9761,2989.8549,2928.6135,8635896700,2.313067941e+11
2025-08-26,000016.XSHG,2975.6968,2985.5398,2964.2086,2969.7762,2989.8549,5456582300,1.497298611e+11
2025-08-27,000016.XSHG,2974.4076,2983.0226,2918.3789,2918.3789,2969.7762,7100535600,1.976542486e+11
2025-08-28,000016.XSHG,2918.5275,2963.0741,2906.65,2960.7266,2918.3789,6599324800,1.952147964e+11
2025-08-29,000016.XSHG,2954.931,2988.997,2954.931,2976.4732,2960.7266,8476146600,2.265305077e+11
2025-09-01,000016.XSHG,2986.6511,2988.5465,2965.4498,2981.2024,2976.4732,7280016300,1.952622095e+11
2025-09-02,000016.XSHG,2983.7201,3006.4568,2967.5186,2992.881,2981.2024,7744585600,1.960614375e+11
2025-09-03,000016.XSHG,2995.463,3002.1798,2939.8123,2960.9933,2992.881,6372357100,1.610645532e+11
2025-09-04,000016.XSHG,2949.9718,2949.9718,2879.4131,2910.47,2960.9933,9192054400,2.080349563e+11
2025-09-05,000016.XSHG,2908.5118,2949.8243,2899.6892,2942.2162,2910.47,6238038700,1.60854406e+11
2025-09-08,000016.XSHG,2940.9806,2953.9061,2926.3855,2939.8823,2942.2162,6734077200,1.537257944e+11
2025-09-09,000016.XSHG,2928.5317,2949.5373,2915.0433,2928.6323,2939.8823,5572337800,1.392414449e+11
2025-09-10,000016.XSHG,2928.1117,2954.4384,2923.5643,2939.5911,2928.6323,5640489500,1.338017352e+11
2025-09-11,000016.XSHG,2925.6584,2983.1968,2917.8084,2983.0829,2939.5911,6832650200,1.884954918e+11
2025-09-12,000016.XSHG,2986.0229,2998.9807,2964.5848,2968.5397,2983.0829,6170980400,1.774532883e+11
2025-09-15,000016.XSHG,2976.3452,2984.8555,2957.7164,2962.6154,2968.5397,5255177800,1.456982874e+11
2025-09-16,000016.XSHG,2969.2337,2974.9485,2942.2965,2947.8222,2962.6154,5763941600,1.554295543e+11
2025-09-17,000016.XSHG,2942.8802,2960.3107,2935.7836,2952.7778,2947.8222,5666853700,1.550342515e+11
2025-09-18,000016.XSHG,2959.389,2971.5578,2890.5995,2912.8256,2952.7778,7486002900,2.257741711e+11
2025-09-19,000016.XSHG,2914.3621,2930.4733,2906.1651,2909.7442,2912.8256,5723655100,1.632607559e+11
2025-09-22,000016.XSHG,2911.0242,2929.5159,2901.1189,2922.1795,2909.7442,4697987600,1.56401493e+11
2025-09-23,000016.XSHG,2917.9905,2938.1186,2891.7826,2919.5148,2922.1795,6289687500,1.689865611e+11
2025-09-24,000016.XSHG,2908.0722,2942.5917,2908.0722,2939.5078,2919.5148,5146206500,1.57195056e+11
2025-09-25,000016.XSHG,2944.7279,2962.1806,2941.8705,2952.7352,2939.5078,5432226800,1.586672439e+11
2025-09-26,000016.XSHG,2941.1692,2962.7545,2938.3153,2941.0184,2952.7352,4814161200,1.501875402e+11
2025-09-29,000016.XSHG,2940.0366,3000.4819,2922.0087,2973.0417,2941.0184,7063229900,1.899686883e+11
2025-09-30,000016.XSHG,2985.0966,2992.5391,2976.5892,2988.9386,2973.0417,5906526600,1.750011456e+11
2025-10-09,000016.XSHG,3004.4532,3030.7168,2984.8349,3020.5964,2988.9386,7636980900,2.319226703e+11
2025-10-10,000016.XSHG,3000.5571,3012.5891,2966.5775,2974.8535,3020.5964,6728372200,2.00180939e+11
2025-10-13,000016.XSHG,2917.8767,2972.194,2917.8767,2967.206,2974.8535,7016346700,1.857827135e+11
2025-10-14,000016.XSHG,2986.5814,2996.6825,2949.9101,2961.101,2967.206,8618339900,2.191942971e+11
2025-10-15,000016.XSHG,2962.7532,3003.0036,2958.446,3001.3489,2961.101,6337699600,1.57106108e+11
2025-10-16,000016.XSHG,2994.2213,3028.5693,2992.5494,3019.1966,3001.3489,6341092100,1.520799534e+11
2025-10-17,000016.XSHG,3017.427,3022.813,2963.9354,2967.7748,3019.1966,6267805600,1.487489732e+11
2025-10-20,000016.XSHG,2984.3122,2995.0219,2967.6882,2974.8648,2967.7748,5318097600,1.283616689e+11
2025-10-21,000016.XSHG,2983.2774,3014.101,2979.1177,3007.2634,2974.8648,5530175200,1.472697054e+11
2025-10-22,000016.XSHG,2987.3457,3015.1736,2987.3457,3010.0951,3007.2634,5141756300,1.238408085e+11
2025-10-23,000016.XSHG,3001.9951,3030.7955,2985.4345,3026.9044,3010.0951,6020665400,1.212081542e+11
2025-10-24,000016.XSHG,3031.9158,3052.8185,3028.3795,3045.8161,3026.9044,5512038200,1.554402526e+11
2025-10-27,000016.XSHG,3064.3831,3078.7842,3052.3982,3069.5293,3045.8161,7040503900,1.852946403e+11
2025-10-28,000016.XSHG,3059.8757,3075.249,3044.5627,3050.4162,3069.5293,5462624100,1.487199265e+11
2025-10-29,000016.XSHG,3049.446,3064.5563,3048.5897,3063.021,3050.4162,6014458600,1.563034408e+11
2025-10-30,000016.XSHG,3053.793,3076.8717,3043.571,3046.6108,3063.021,6573610300,1.847301701e+11
2025-10-31,000016.XSHG,3046.1815,3046.2357,3011.5547,3011.5547,3046.6108,6931892200,1.692862638e+11
2025-11-03,000016.XSHG,3009.1626,3017.4522,2990.2754,3016.3507,3011.5547,5490037500,1.346371157e+11
2025-11-04,000016.XSHG,3014.8315,3029.9229,2999.2496,3012.9691,3016.3507,5598090000,1.310579681e+11
2025-11-05,000016.XSHG,2985.7604,3018.3492,2981.8185,3007.97,3012.9691,4687175400,1.174481153e+11
2025-11-06,000016.XSHG,3015.3494,3049.4861,3012.4374,3044.7416,3007.97,5062944700,1.439338619e+11
2025-11-07,000016.XSHG,3036.0097,3050.0116,3034.7232,3038.3455,3044.7416,4766934700,1.198481977e+11
2025-11-10,000016.XSHG,3043.5061,3054.5532,3030.2344,3053.857,3038.3455,4907964400,1.399072254e+11
2025-11-11,000016.XSHG,3059.7561,3060.2835,3023.9195,3034.6329,3053.857,4104255100,1.180610836e+11
2025-11-12,000016.XSHG,3035.0264,3059.9536,3035.0264,3044.3011,3034.6329,5751723500,1.368904203e+11
2025-11-13,000016.XSHG,3044.9244,3075.2142,3044.9244,3073.6656,3044.3011,5412640800,1.324808416e+11
2025-11-14,000016.XSHG,3058.1232,3073.71,3037.8801,3038.4255,3073.6656,4880275600,1.203757714e+11
2025-11-17,000016.XSHG,3033.0222,3037.2251,3001.2019,3012.0714,3038.4255,4823390200,1.118046672e+11
2025-11-18,000016.XSHG,3005.7411,3023.027,2995.1737,3003.0175,3012.0714,4358732700,1.062011139e+11
2025-11-19,000016.XSHG,3004.6463,3033.2241,3004.2029,3020.3487,3003.0175,4820035500,9.955146227e+10
2025-11-20,000016.XSHG,3030.0366,3038.9117,3004.2414,3008.2904,3020.3487,5404355400,1.009816815e+11
2025-11-21,000016.XSHG,2989.8718,2998.8069,2953.4599,2955.8541,3008.2904,6039312600,1.263245105e+11
2025-11-24,000016.XSHG,2967.1642,2970.2046,2942.288,2950.562,2955.8541,5080170600,1.102705718e+11
2025-11-25,000016.XSHG,2963.6888,2974.7651,2952.3493,2968.2023,2950.562,4240517700,9.803209178e+10
2025-11-26,000016.XSHG,2969.7762,2979.9805,2968.0212,2971.7985,2968.2023,4005797700,9.725776338e+10
2025-11-27,000016.XSHG,2976.0775,2988.1998,2965.5458,2972.2651,2971.7985,3928779700,1.051061274e+11
2025-11-28,000016.XSHG,2969.2279,2973.3161,2954.7148,2969.6171,2972.2651,3727431400,8.503149955e+10
2025-12-01,000016.XSHG,2975.2716,2994.4534,2972.7914,2993.6761,2969.6171,4651946100,1.128129372e+11
2025-12-02,000016.XSHG,2992.3844,2994.7147,2970.9507,2978.4671,2993.6761,3348182800,7.916610969e+10
2025-12-03,000016.XSHG,2976.1129,2983.6125,2957.794,2963.0763,2978.4671,3851973200,8.549499347e+10
2025-12-04,000016.XSHG,2968.5557,2980.2368,2958.6065,2974.3371,2963.0763,3628255600,8.862245788e+10
2025-12-05,000016.XSHG,2970.62,3010.7174,2969.0856,3002.0087,2974.3371,4460349100,1.104472954e+11
2025-12-08,000016.XSHG,3006.633,3030.5712,3005.3817,3019.362,3002.0087,4489579200,1.252389967e+11
2025-12-09,000016.XSHG,3012.2443,3015.4481,2991.6511,2997.9603,3019.362,4342592300,1.100950867e+11
2025-12-10,000016.XSHG,2994.1487,2996.2102,2970.592,2988.6375,2997.9603,4151158900,1.013338423e+11
2025-12-11,000016.XSHG,2995.6324,2998.9811,2966.1838,2977.0319,2988.6375,3939902700,9.698056994e+10
2025-12-12,000016.XSHG,2981.967,2994.8654,2965.6878,2994.6446,2977.0319,5718891200,1.372577335e+11
2025-12-15,000016.XSHG,2979.7635,3015.3894,2978.1279,2987.0684,2994.6446,3849022700,1.111342612e+11
2025-12-16,000016.XSHG,2980.9374,2986.0832,2946.6016,2954.7872,2987.0684,3830216500,1.033239646e+11
2025-12-17,000016.XSHG,2955.4744,3005.873,2948.7363,2991.6777,2954.7872,3850074300,1.074702901e+11
2025-12-18,000016.XSHG,2983.7666,3002.022,2980.9513,2998.517,2991.6777,3254568300,8.271727955e+10
2025-12-19,000016.XSHG,2993.9292,3016.3835,2987.7096,3004.3401,2998.517,3660553300,9.494004096e+10
2025-12-22,000016.XSHG,3010.7959,3025.5484,3010.7959,3020.2285,3004.3401,3472819200,1.067347054e+11
2025-12-23,000016.XSHG,3023.9109,3041.6682,3019.6099,3027.5195,3020.2285,3588970900,1.10469786e+11
2025-12-24,000016.XSHG,3028.3742,3032.01,3012.199,3025.1839,3027.5195,3179944100,9.126418877e+10
2025-12-25,000016.XSHG,3020.9075,3039.5391,3018.5826,3032.8414,3025.1839,2827064700,8.207576982e+10
2025-12-26,000016.XSHG,3032.4669,3057.9481,3031.2602,3045.4036,3032.8414,3410068900,1.009172551e+11
2025-12-29,000016.XSHG,3048.9785,3057.3637,3030.3786,3034.6347,3045.4036,4315341500,1.171199416e+11
2025-12-30,000016.XSHG,3023.3211,3049.3229,3022.2774,3036.5523,3034.6347,3853828500,1.131751382e+11
2025-12-31,000016.XSHG,3038.6015,3051.4304,3026.4869,3031.1258,3036.5523,3735898000,1.076675776e+11
2026-01-05,000016.XSHG,3052.1289,3105.4032,3052.1289,3099.7462,3031.1258,5350139800,1.695624213e+11
2026-01-06,000016.XSHG,3106.5201,3158.7632,3106.0869,3158.7632,3099.7462,5749427200,1.800475531e+11
2026-01-07,000016.XSHG,3162.0215,3162.4444,3132.2315,3145.1197,3158.7632,5213942200,1.69306826e+11
2026-01-08,000016.XSHG,3137.8099,3142.8462,3107.0181,3122.0627,3145.1197,5342737400,1.878962456e+11
2026-01-09,000016.XSHG,3121.1593,3146.7283,3112.4579,3134.3245,3122.0627,6014927700,1.777395315e+11
2026-01-12,000016.XSHG,3146.5115,3148.1113,3125.1697,3143.7371,3134.3245,6446191300,1.898018956e+11
2026-01-13,000016.XSHG,3150.7331,3177.7353,3123.1722,3132.9328,3143.7371,6316009600,1.888528722e+11
2026-01-14,000016.XSHG,3136.8446,3169.7527,3106.1343,3112.0745,3132.9328,7195742600,2.160775491e+11
2026-01-15,000016.XSHG,3104.3278,3130.9852,3097.1052,3105.5751,3112.0745,5441766500,1.587678085e+11
2026-01-16,000016.XSHG,3117.9333,3127.8486,3066.0908,3079.7631,3105.5751,7245415400,1.999992592e+11
2026-01-19,000016.XSHG,3077.8064,3094.9717,3065.9404,3075.9357,3079.7631,5586659900,1.661800432e+11
2026-01-20,000016.XSHG,3077.9394,3090.0853,3058.6109,3070.646,3075.9357,6000253300,1.757356322e+11
2026-01-21,000016.XSHG,3073.7685,3097.663,3060.6465,3067.1753,3070.646,6566488000,1.98825917e+11
2026-01-22,000016.XSHG,3080.2049,3089.6732,3046.4282,3053.1277,3067.1753,6291845400,1.934111529e+11
2026-01-23,000016.XSHG,3055.6858,3063.2584,3019.7623,3032.193,3053.1277,6902015100,2.004555235e+11
2026-01-26,000016.XSHG,3042.3684,3088.5681,3039.6437,3049.5871,3032.193,8910247200,2.394556045e+11
2026-01-27,000016.XSHG,3054.4006,3080.8178,3046.189,3052.3932,3049.5871,7513591400,2.023273013e+11
2026-01-28,000016.XSHG,3066.4252,3074.9759,3047.7853,3060.557,3052.3932,9636678000,2.526225498e+11
2026-01-29,000016.XSHG,3074.4865,3122.1416,3048.4132,3110.9135,3060.557,1.00710154e+10,2.948884806e+11
2026-01-30,000016.XSHG,3088.7871,3106.3309,3040.4227,3066.4963,3110.9135,7901468700,2.222327743e+11
2026-02-02,000016.XSHG,3036.843,3076.0222,2997.8523,3003.1373,3066.4963,8080331700,2.081531028e+11
2026-02-03,000016.XSHG,3033.4696,3036.9966,2987.4057,3034.5803,3003.1373,6483034700,1.927795061e+11
2026-02-04,000016.XSHG,3033.5478,3070.1697,3030.338,3069.2432,3034.5803,6104365900,1.698821392e+11
2026-02-05,000016.XSHG,3048.8704,3066.5086,3030.8493,3059.012,3069.2432,5371600900,1.479974204e+11
2026-02-06,000016.XSHG,3027.1727,3056.0036,3015.6256,3037.8602,3059.012,4678981800,1.336059556e+11
2026-02-09,000016.XSHG,3066.3175,3081.8681,3059.0287,3081.7791,3037.8602,4192393000,1.357223445e+11
2026-02-10,000016.XSHG,3086.3282,3091.3459,3079.9991,3087.405,3081.7791,3816233200,1.220159079e+11
2026-02-11,000016.XSHG,3082.6989,3094.2502,3076.552,3088.4571,3087.405,3684760900,1.140863759e+11
2026-02-12,000016.XSHG,3091.5288,3094.3349,3075.7602,3079.7273,3088.4571,4440099600,1.304134399e+11
2026-02-13,000016.XSHG,3062.206,3066.039,3032.6561,3034.3459,3079.7273,4595354900,1.259656164e+11
2026-02-24,000016.XSHG,3075.4717,3075.8973,3039.4088,3041.3242,3034.3459,4389884200,1.282429698e+11
2026-02-25,000016.XSHG,3045.451,3080.0769,3041.5892,3054.9247,3041.3242,5668589700,1.50622615e+11
2026-02-26,000016.XSHG,3059.6017,3060.3366,3023.4345,3035.0707,3054.9247,4395225700,1.410049989e+11
2026-02-27,000016.XSHG,3026.0763,3049.3601,3025.7235,3039.431,3035.0707,4390978300,1.373651104e+11
2026-03-02,000016.XSHG,3031.4474,3050.9198,3010.0474,3046.4667,3039.431,8354559300,1.938217187e+11
2026-03-03,000016.XSHG,3045.7497,3056.9862,3008.0031,3014.2702,3046.4667,1.04832996e+10,2.217060406e+11
2026-03-04,000016.XSHG,2985.632,2991.0309,2953.3247,2974.2097,3014.2702,8683309500,1.744929209e+11
2026-03-05,000016.XSHG,2993.5906,3001.0232,2978.0864,2988.4505,2974.2097,6379790400,1.399332896e+11
2026-03-06,000016.XSHG,2972.59,2999.7239,2970.5786,2992.7021,2988.4505,5053646200,1.145112595e+11
2026-03-09,000016.XSHG,2963.1998,2970.9461,2933.9168,2962.9888,2992.7021,7865812600,1.713570399e+11
2026-03-10,000016.XSHG,2973.8197,2985.3088,2969.9116,2981.8351,2962.9888,5422691500,1.217624305e+11
2026-03-11,000016.XSHG,2983.4602,2988.7538,2970.8324,2985.3449,2981.8351,5603198400,1.224470894e+11
2026-03-12,000016.XSHG,2978.1151,2985.5464,2954.3045,2971.5612,2985.3449,5564411100,1.254647057e+11
2026-03-13,000016.XSHG,2961.7335,2977.8417,2951.7012,2956.8468,2971.5612,6863301300,1.342392125e+11
2026-03-16,000016.XSHG,2952.4201,2955.0036,2927.9359,2954.0885,2956.8468,5959601800,1.438619809e+11
2026-03-17,000016.XSHG,2957.0148,2995.2259,2956.1591,2963.5779,2954.0885,6260497800,1.32384456e+11
2026-03-18,000016.XSHG,2965.8607,2970.1876,2939.7483,2961.4264,2963.5779,5441379000,1.13721676e+11
2026-03-19,000016.XSHG,2933.5774,2942.4588,2908.4428,2916.2348,2961.4264,6707944100,1.364194834e+11
2026-03-20,000016.XSHG,2914.851,2924.3763,2881.9471,2883.8644,2916.2348,6609707300,1.357309104e+11
2026-03-23,000016.XSHG,2847.5219,2847.7762,2779.599,2792.3288,2883.8644,8697663300,1.739925695e+11
2026-03-24,000016.XSHG,2813.4977,2831.2721,2790.8032,2830.854,2792.3288,6331273600,1.357320677e+11
2026-03-25,000016.XSHG,2845.4092,2862.573,2842.1889,2859.5345,2830.854,6396555000,1.335006318e+11
2026-03-26,000016.XSHG,2854.5042,2862.3274,2819.0672,2824.6744,2859.5345,5232212700,1.135507869e+11
2026-03-27,000016.XSHG,2803.4975,2845.8344,2803.4975,2837.3064,2824.6744,4652544100,1.032947658e+11
2026-03-30,000016.XSHG,2814.8276,2835.8336,2806.0271,2833.2054,2837.3064,4911262500,1.033150962e+11
2026-03-31,000016.XSHG,2844.405,2865.5184,2826.1249,2826.1249,2833.2054,5709601600,1.212347044e+11
2026-04-01,000016.XSHG,2863.4932,2882.6714,2856.9677,2878.7943,2826.1249,5069558000,1.275312159e+11
2026-04-02,000016.XSHG,2873.8255,2873.8255,2840.6396,2853.4529,2878.7943,4691899400,1.029255567e+11
2026-04-03,000016.XSHG,2856.5571,2857.5116,2827.0896,2830.5967,2853.4529,3633137800,7.932574116e+10
2026-04-07,000016.XSHG,2830.1267,2843.1652,2824.18,2830.5227,2830.5967,3680959300,9.901048533e+10
2026-04-08,000016.XSHG,2872.0345,2907.7909,2872.0345,2907.0658,2830.5227,5873661200,1.549379795e+11
2026-04-09,000016.XSHG,2888.4044,2891.8718,2877.552,2884.76,2907.0658,3867362100,1.085908942e+11
2026-04-10,000016.XSHG,2900.4958,2915.7001,2894.6772,2899.5795,2884.76,4252953100,1.228202825e+11
2026-04-13,000016.XSHG,2888.4244,2902.7061,2884.6579,2899.4701,2899.5795,4049204500,1.217403862e+11
2026-04-14,000016.XSHG,2918.505,2924.2184,2899.8566,2924.1834,2899.4701,4183436600,1.2829555e+11
2026-04-15,000016.XSHG,2939.5201,2953.0671,2931.6349,2934.2159,2924.1834,4727076600,1.455297268e+11
2026-04-16,000016.XSHG,2937.7583,2948.1195,2930.7714,2939.7645,2934.2159,4111793000,1.154886754e+11
2026-04-17,000016.XSHG,2920.8547,2924.134,2906.9515,2910.8732,2939.7645,4187484200,1.347876388e+11
2026-04-20,000016.XSHG,2911.8618,2935.2919,2911.7446,2933.6534,2910.8732,4772832400,1.320773159e+11
2026-04-21,000016.XSHG,2931.6113,2937.4195,2920.2845,2932.0721,2933.6534,4632735800,1.19509382e+11
2026-04-22,000016.XSHG,2927.8637,2935.1118,2922.326,2930.5752,2932.0721,4544342600,1.26382956e+11
2026-04-23,000016.XSHG,2938.1651,2941.1962,2912.564,2927.9307,2930.5752,5365089800,1.557162288e+11
2026-04-24,000016.XSHG,2925.9009,2948.4095,2914.2567,2945.0425,2927.9307,4244365300,1.546143097e+11
2026-04-27,000016.XSHG,2944.0308,2955.4488,2934.6729,2939.0529,2945.0425,4397511000,1.590406162e+11
2026-04-28,000016.XSHG,2938.0584,2963.3596,2937.5487,2950.4212,2939.0529,4904905900,1.569478469e+11
2026-04-29,000016.XSHG,2937.8141,2968.9643,2937.2916,2967.5034,2950.4212,6115988000,1.778856512e+11
2026-04-30,000016.XSHG,2972.0472,2989.0518,2971.2874,2985.5048,2967.5034,6218575600,2.155379943e+11
2026-05-06,000016.XSHG,3010.3178,3037.2642,3001.9757,3026.4434,2985.5048,6790295100,2.608256647e+11
2026-05-07,000016.XSHG,3034.9771,3040.4025,3020.9004,3029.1939,3026.4434,5840007600,2.059118757e+11
2026-05-08,000016.XSHG,3014.466,3015.4074,2990.0137,3003.5839,3029.1939,5049671400,1.812045173e+11
2026-05-11,000016.XSHG,3021.7449,3047.9,3009.5445,3041.6333,3003.5839,6941111500,2.420272795e+11
2026-05-12,000016.XSHG,3045.2207,3058.3827,3036.167,3043.5559,3041.6333,6609450900,2.302013033e+11
2026-05-13,000016.XSHG,3029.1158,3049.1727,3018.8501,3047.2456,3043.5559,6439746300,2.133024483e+11
2026-05-14,000016.XSHG,3056.8463,3059.7858,2995.819,2996.573,3047.2456,6324557500,2.151909272e+11
2026-05-15,000016.XSHG,2992.2605,3001.6271,2945.6528,2957.6024,2996.573,6389067100,2.312125792e+11
2026-05-18,000016.XSHG,2947.2502,2954.6326,2921.1756,2934.9592,2957.6024,5965249200,1.805489411e+11
2026-05-19,000016.XSHG,2929.0664,2955.0661,2918.9728,2954.0622,2934.9592,5827685600,1.785102821e+11
2026-05-20,000016.XSHG,2940.2616,2964.777,2937.5693,2953.7472,2954.0622,5751782000,2.053212017e+11
2026-05-21,000016.XSHG,2972.5301,2998.9037,2920.4091,2920.9288,2953.7472,6368473000,2.373099323e+11
2026-05-22,000016.XSHG,2937.1177,2939.5964,2908.0855,2923.5248,2920.9288,5238325900,1.746760436e+11
2026-05-25,000016.XSHG,2932.2402,2969.7585,2929.3843,2968.697,2923.5248,4843944600,2.209450207e+11
2026-05-26,000016.XSHG,2954.4905,2976.9487,2945.5472,2973.3853,2968.697,5510995600,2.167477585e+11
2026-05-27,000016.XSHG,2969.7963,2975.9676,2921.8186,2934.7122,2973.3853,5605580900,2.026695263e+11
2026-05-28,000016.XSHG,2923.2062,2928.1759,2893.5661,2914.1896,2934.7122,5195690100,1.839349448e+11
2026-05-29,000016.XSHG,2919.64,2938.4908,2910.5738,2921.0812,2914.1896,6849840400,2.230138138e+11
2026-06-01,000016.XSHG,2918.1164,2922.8168,2887.7586,2893.7191,2921.0812,5973534100,1.826453924e+11
2026-06-02,000016.XSHG,2897.9698,2931.5686,2892.2559,2920.2693,2893.7191,5997613800,1.716936714e+11
2026-06-03,000016.XSHG,2913.2052,2939.7238,2906.8283,2920.9172,2920.2693,5585109000,1.903354997e+11
2026-06-04,000016.XSHG,2902.2704,2918.659,2884.2018,2891.3488,2920.9172,4465873900,1.430303924e+11
2026-06-05,000016.XSHG,2883.2821,2908.6807,2859.2051,2865.8661,2891.3488,5332470400,1.641688084e+11
2026-06-08,000016.XSHG,2818.6843,2846.5088,2806.3253,2825.0133,2865.8661,6458825300,1.656214057e+11
2026-06-09,000016.XSHG,2830.8807,2844.2341,2814.8327,2842.6936,2825.0133,5403071100,1.464674815e+11
2026-06-10,000016.XSHG,2829.6494,2859.9237,2826.8603,2850.3691,2842.6936,5897717700,1.736328788e+11
2026-06-11,000016.XSHG,2842.6709,2852.208,2827.859,2845.9191,2850.3691,5184349200,1.438236789e+11
2026-06-12,000016.XSHG,2864.9909,2901.6507,2851.5428,2890.7976,2845.9191,8028260900,2.193017233e+11
2026-06-15,000016.XSHG,2919.6903,2946.0209,2915.1526,2938.6493,2890.7976,7748423200,2.461292727e+11
2026-06-16,000016.XSHG,2933.961,2936.7,2904.3615,2913.9861,2938.6493,5724402600,2.038944247e+11
2026-06-17,000016.XSHG,2905.2081,2936.6105,2901.4193,2934.466,2913.9861,5348288200,2.258695657e+11
2026-06-18,000016.XSHG,2926.4862,2956.2291,2924.3431,2928.7477,2934.466,7091357400,2.897379063e+11
2026-06-22,000016.XSHG,2929.7301,3015.1578,2915.5435,3012.6526,2928.7477,8122982300,3.083712837e+11
2026-06-23,000016.XSHG,2998.0292,3019.3383,2913.239,2926.8284,3012.6526,7818813000,2.889356007e+11
2026-06-24,000016.XSHG,2919.8483,2948.0621,2919.8483,2943.8958,2926.8284,6423980000,2.66134736e+11
2026-06-25,000016.XSHG,2944.4525,2993.0241,2942.548,2977.5696,2943.8958,7044250600,2.994928286e+11
2026-06-26,000016.XSHG,2961.0368,2965.4133,2887.7583,2906.9438,2977.5696,6378246900,2.647645527e+11
2026-06-29,000016.XSHG,2911.3378,2991.523,2904.9316,2991.0809,2906.9438,6456458600,2.936384914e+11
2026-06-30,000016.XSHG,2972.3452,2993.4772,2963.4468,2989.402,2991.0809,6011943800,2.739851392e+11
2026-07-01,000016.XSHG,2976.3575,3015.6261,2966.3605,2985.2398,2989.402,6327137300,2.999130913e+11
2026-07-02,000016.XSHG,2938.7655,2957.8805,2905.8494,2912.2757,2985.2398,6586043000,2.76810186e+11
2026-07-03,000016.XSHG,2917.5195,2957.2555,2917.4797,2931.2835,2912.2757,5988738400,2.492110552e+11
2026-07-06,000016.XSHG,2949.9229,2966.2762,2920.831,2957.9686,2931.2835,6011922500,2.476724994e+11
2026-07-07,000016.XSHG,2932.8079,2952.4945,2910.6603,2921.887,2957.9686,5200088700,2.056596848e+11
2026-07-08,000016.XSHG,2929.8968,2955.5164,2915.8005,2920.8419,2921.887,5143818400,2.100095046e+11
2026-07-09,000016.XSHG,2926.1378,2999.4944,2921.8766,2995.7886,2920.8419,5728837000,2.658822923e+11
2026-07-10,000016.XSHG,2996.8408,3026.4259,2955.4872,2955.5201,2995.7886,6034092600,3.024071793e+11
2026-07-13,000016.XSHG,2931.4972,2952.9265,2901.455,2913.1878,2955.5201,6372427600,2.554682088e+11
2026-07-14,000016.XSHG,2909.9305,2955.5528,2875.3608,2955.5528,2913.1878,6699820800,2.60712823e+11
2026-07-15,000016.XSHG,2955.7639,2983.412,2948.0926,2967.0699,2955.5528,6194854800,2.504533012e+11
2026-07-16,000016.XSHG,2927.3153,2948.9468,2892.0452,2904.1185,2967.0699,5602839000,2.323266687e+11
2026-07-17,000016.XSHG,2887.0926,2890.0992,2814.3559,2827.6713,2904.1185,7144065900,2.573159568e+11
2026-07-20,000016.XSHG,2852.2516,2912.8533,2852.2516,2912.8533,2827.6713,8902948400,2.831781688e+11
2026-07-21,000016.XSHG,2953.0092,2973.8343,2904.4787,2973.8131,2912.8533,8184785500,2.918478645e+11
2026-07-22,000016.XSHG,2954.8808,3008.3756,2954.8808,2991.0474,2973.8131,6893254700,2.683444514e+11
2026-07-23,000016.XSHG,3003.5027,3003.5027,2966.8973,2978.7704,2991.0474,5748736200,2.042071374e+11
2026-07-24,000016.XSHG,2971.5092,2971.9493,2941.3012,2956.3456,2978.7704,5835491800,1.895785573e+11
